:020000040800F2
:10000000B05600248D1300080914000809140008D4
:10001000091400080914000809140008091400084C
:10002000091400080914000809140008091400083C
:10003000091400080914000809140008C91D000863
:10004000C91D0008C91D0008C91D0008C91D0008F8
:10005000C91D0008C91D0008C91D0008C91D0008E8
:10006000C91D0008C91D0008C91D0008C91D0008D8
:10007000C91D0008C91D0008C91D0008C91D0008C8
:10008000C91D0008C91D0008C91D0008C91D0008B8
:10009000C91D0008C91D0008C91D0008C91D0008A8
:1000A000C91D0008C91D0008C91D0008C91D000898
:1000B000C91D0008C91D0008C91D0008C91D000888
:1000C000C91D0008C91D0008C91D0008C91D000878
:1000D000C91D0008C91D0008C91D0008C91D000868
:1000E000C91D0008C91D0008C91D0008C91D000858
:1000F000C91D0008C91D0008C91D0008C91D000848
:10010000C91D0008C91D0008C91D0008C91D000837
:10011000C91D0008C91D0008C91D0008C91D000827
:10012000C91D0008C91D0008C91D0008C91D000817
:10013000C91D0008C91D0008C91D0008C91D000807
:10014000C91D0008C91D0008C91D0008C91D0008F7
:10015000C91D0008C91D0008C91D0008C91D0008E7
:10016000C91D0008C91D0008C91D0008C91D0008D7
:10017000C91D0008C91D0008C91D0008C91D0008C7
:10018000C91D0008C91D0008C91D0008C91D0008B7
:10019000C91D0008C91D0008C91D0008C91D0008A7
:1001A000C91D0008C91D0008C91D0008C91D000897
:1001B000C91D0008C91D0008C91D0008C91D000887
:1001C000C91D0008C91D0008C91D0008C91D000877
:1001D000C91D0008C91D0008C91D0008C91D000867
:1001E000C91D0008C91D0008C91D0008C91D000857
:1001F000C91D0008C91D0008C91D0008C91D000847
:10020000C91D0008C91D0008C91D0008C91D000836
:10021000C91D0008C91D0008C91D0008C91D000826
:10022000C91D0008C91D0008C91D0008C91D000816
:10023000C91D0008C91D0008C91D0008C91D000806
:10024000C91D0008C91D0008C91D0008C91D0008F6
:10025000C91D0008C91D0008C91D0008C91D0008E6
:10026000C91D0008C91D0008C91D0008C91D0008D6
:10027000C91D0008C91D0008C91D0008C91D0008C6
:10028000C91D0008C91D0008C91D0008C91D0008B6
:10029000C91D0008C91D000882B0BFF34F8FBFF30E
:1002A0006F8F0B4B1B680193019B23F0010301939C
:1002B000074A019B136005230193064A019B1360C3
:1002C000BFF34F8FBFF36F8F00BF02B0704700BF07
:1002D00090EF00E094EF00E000B583B0224B009374
:1002E00004E0009B1A1D009200221A60009B1F4A26
:1002F0009342F6D31E4B01931E4B009307E0019AE5
:10030000131D0193009B191D009112681A60009B38
:10031000194A9342F3D300F095FA01F04DF800F03A
:10032000B1FA412000F098FAFFF7B6FF02F0A2F907
:10033000422000F091FA00F0A5FF00F0C1FF432039
:1003400000F08AFA00F0AEFE442000F085FA452065
:1003500000F082FA0D2000F07FFA0A2000F07CFA0B
:1003600003F0DEFE00BFFDE7B0060024B05200241B
:10037000783B050800000024B006002482B0184B2A
:100380001B680193019B43F001030193144A019BF5
:100390001360144B01221A60134B00221A60104B99
:1003A0001B680193019A114B13400193019B43F089
:1003B000100301930A4A019B13600D4B0D4A1A600A
:1003C000074B1B680193019B23F480230193044A8C
:1003D000019B1360084B00221A6000BF02B07047F7
:1003E00000440258088100511044025867EFFEEAA9
:1003F0002C4402580000FF016044025882B0044BB4
:100400001B680193024A019B136000BF02B0704752
:10041000D844025882B0044B1B680193024A019BE6
:10042000136000BF02B07047DC44025882B0044B36
:100430001B680193024A019B136000BF02B0704722
:10044000D444025882B0064B1B680193019B43F0D1
:10045000FF030193024A019B136000BF02B0704783
:10046000E044025882B00B4B1B680193019B43F49C
:1004700080430193074A019B1360074B1B6801935C
:10048000019B43F480730193034A019B136000BFF7
:1004900002B07047E8440258EC44025882B0064B60
:1004A0001B680193019B43F480530193024A019B13
:1004B000136000BF02B07047F044025882B0044B92
:1004C0001B680193024A019B136000BF02B0704792
:1004D000E444025882B0064B1B680193019B43F031
:1004E00002030193024A019B136000BF02B07047F0
:1004F000F444025808B5FFF781FFFFF78BFFFFF7C1
:1005000095FFFFF79FFFFFF7ADFFFFF7C7FFFFF76F
:10051000D5FFFFF7DFFF00BF08BD000082B00F4B23
:100520001B680193019B23F480230193019B43F4F7
:1005300080330193094A019B1360094B009308E043
:10054000064B1B6803F40033002B0BD1009B013BCF
:100550000093009B002BF3DC05E000BF0044025831
:100560001CC5410000BF009B002B40F36681934BEC
:100570001B680193019A924B13400193019B43F036
:10058000080301938D4A019B13608E4B1B680193F6
:10059000019B23F4E0630193019B43F0400301932B
:1005A000884A019B1360874B1B680193019B23F4CE
:1005B000E0630193019B43F480630193814A019BB3
:1005C00013607E4B1B680193019B23F07003019322
:1005D000019B43F040030193784A019B13607A4BDF
:1005E0001B680193019B23F070030193019B43F06F
:1005F00040030193744A019B1360744B0193744A46
:10060000019B1360734B0193734A019B1360734BFF
:100610000193734A019B1360724B0193724A019BD1
:100620001360724B0193724A019B1360714B1B68FC
:100630000193019B43F080730193019B43F080631E
:100640000193019B43F0805301936A4A019B13601D
:1006500000BF684B1B6803F00073002BF9D000BF8C
:10066000644B1B6803F00063002BF9D000BF614BA3
:100670001B6803F00053002BF9D05F4B1B680193FC
:10068000019B43F0060301935B4A019B13605B4BA4
:100690001B680193019B23F440430193019B43F4A6
:1006A00040430193554A019B136000BF534B1B68A5
:1006B00003F40053002BF9D000BF514B1B6803F427
:1006C0000053002BF9D0242301934E4A019B136061
:1006D0004D4B1B680193019B23F007030193019B82
:1006E00043F003030193484A019B136000BF464B4C
:1006F0001B6803F03803182BF9D1444B1B68019396
:10070000019B23F480330193404A019B1360404BCB
:100710001B680193019B23F440530193019B43F415
:10072000005301933A4A019B13603A4B1B680193B3
:10073000019B23F440730193019B43F400730193E5
:10074000344A019B1360344B1B680193019B23F4D3
:10075000E0430193304A019B13602F4B1B680193C8
:10076000019B23F4E0230193019B43F48033019325
:10077000294A019B1360274B1B680193019B23F0BF
:10078000E0430193234A019B1360214B1B680193B3
:10079000019B23F440130193019B43F44013019305
:1007A0001B4A019B13601B4B1B680193019B23F4A5
:1007B00040330193174A019B30E000BF18440258B0
:1007C000F0F0FFFF1C440258204402581210200091
:1007D0002844025863020303304402584A0E1702A9
:1007E0003844025863020F09404402588804FF014C
:1007F0002C440258004402580C4802581848025829
:100800000448025800200052104402584C44025838
:100810005444025858440258504402581360084B3C
:100820001B680193019B23F040530193019B43F00C
:1008300000530193024A019B136000BF02B070474E
:100840005044025808B5FFF799FDFFF767FEFFF720
:1008500051FE00BF08BD000082B003468DF807308E
:1008600000BF064B1B6803F08003002BF9D0044A3D
:100870009DF80730136000BF02B070471C4800406D
:100880002848004000B583B04FF4802200211D4865
:1008900000F0CBFC1C4800F025FE1C4800F022FEB6
:1008A0001B4B1B680193019A48F28F03134001937D
:1008B000174A019B1360174B1B680193019A164B53
:1008C00013400193134A019B1360144B1B6801935F
:1008D000019A134B13400193104A019B1360114B73
:1008E0004FF459721A600B4B1B680193019B43F044
:1008F0000D030193074A019B136000BF03B05DF82D
:1009000004FB00BFE8440258387C0900397C090028
:100910000448004000480040030000300848004000
:100920000000F1FF0C48004082B0EFF31183019307
:10093000019BDBB2184602B0704782B00190019B68
:1009400083F3118800BF02B0704700B583B0FFF792
:10095000EBFF03468DF807308020FFF7EEFF9DF890
:100960000730184603B05DF804FB00B583B00346BA
:100970008DF807309DF807301846FFF7DEFF00BFFF
:1009800003B05DF804FB82B001900091019BD3F8A5
:10099000A820009B13441B68184602B0704784B01F
:1009A000039002910192039BD3F8A820029B134469
:1009B0001A46019B136000BF04B0704700B585B0B4
:1009C00001900B46ADF80230019BBDF80220A3F860
:1009D000902000210198FFF7D6FF0390039B23F49A
:1009E000D8730393BDF8023003F4D873039A13430A
:1009F0000393039A00210198FFF7D1FF0821019882
:100A0000FFF7C1FF0390039B23F001030393BDF89D
:100A1000023003F00103039A13430393039A08215E
:100A20000198FFF7BCFF00BF05B05DF804FB00B5FF
:100A300085B001900B46ADF80230FFF786FF034604
:100A40008DF80F30BDF8023019460198FFF7B6FF58
:100A50009DF80F301846FFF788FF00BF05B05DF81E
:100A600004FB00B587B001900091FFF76EFF0346CD
:100A70008DF81730009B002B17D000210198FFF74D
:100A800082FF049008210198FFF77DFF0390049BEB
:100A90009BB203F4D8739AB2039B9BB203F0010399
:100AA0009BB213439AB2009B1A8000210198FFF772
:100AB00085FF9DF817301846FFF757FF00BF07B0B6
:100AC0005DF804FB00B58BB00190019BDB6F0693D2
:100AD000FFF73BFF03468DF8173000210698FFF71C
:100AE00052FF0890089B03F001030493089B23F036
:100AF00001030893089A00210698FFF750FF069B10
:100B0000D3F8A4305A00069BD3F89C305B081A44F3
:100B1000069BD3F89C30B2FBF3F30393039B642B47
:100B200008D9039B01335B080793089B23F4004318
:100B300008930DE0039A4FF6F0731340039A52089E
:100B400002F0070213430793089B43F40043089302
:100B5000089A00210698FFF722FF079A0C210698B1
:100B6000FFF71DFF089A394B13400893069B93F833
:100B70009630012B04D1089B43F4C063089308E02E
:100B8000069B93F89630022B03D1089B43F48063B5
:100B90000893069B93F89730092B09D0069B93F88E
:100BA0009730082B09D1069B93F89630002B04D080
:100BB000089B43F4805308930DE0069B93F897300D
:100BC000072B08D1069B93F89630002B03D1089B86
:100BD00043F080530893089A00210698FFF7DFFE40
:100BE00004210698FFF7CFFE0990099B23F4405398
:100BF0000993069B93F89830002B03D0099B43F48C
:100C000000530993099A04210698FFF7C8FE0821AA
:100C10000698FFF7B8FE0990099B23F440730993E7
:100C2000099A08210698FFF7BAFE089A049B134315
:100C30001A4600210698FFF7B2FE9DF817301846B5
:100C4000FFF793FE00BF0BB05DF804FBFFE9FFEF79
:100C500000B587B001900B468DF80330019BDB6F28
:100C60000593059BD3F8A8300E4A934215D14FF453
:100C7000802304930C4B039300BF9DF80330002B9B
:100C800005D0049A0021039800F0CFFA06E0002274
:100C90000499039800F0C9FA00E000BF07B05DF8BE
:100CA00004FB00BF00480040E844025800B585B08E
:100CB0000190019BDB6F0293002200210298FFF755
:100CC0006EFE01210198FFF7C3FF029BD3F8AC3001
:100CD000184600F007FC029BD3F8B030184600F02D
:100CE00001FC04210298FFF74EFE0390039B23F4BE
:100CF0007D530393029B93F89830002B03D0039B02
:100D000043F400530393039A04210298FFF747FE2C
:100D100000210298FFF737FE0390039A1F4B134000
:100D20000393039A00210298FFF739FE08210298E5
:100D3000FFF729FE0390039A194B13400393029B7C
:100D400093F895305B06039A13430393039A0821A3
:100D50000298FFF724FE0198FFF7B4FE00210298E5
:100D6000FFF711FE0390039B43F00D030393039BD6
:100D700043F000530393039A00210298FFF70FFEFC
:100D8000029B0022A3F89020029B012283F894206A
:100D90000023184605B05DF804FB00BF03BEFF3317
:100DA000FEF8FFFF00B585B00190019BDB6F039358
:100DB000039B002283F8942000210398FFF751FE43
:100DC00000210198FFF744FF00210398FFF7DBFDA6
:100DD0000290029B23F00D030293029A00210398D4
:100DE000FFF7DDFD039BD3F8AC30184600F016FD8D
:100DF000039BD3F8B030184600F010FD00BF05B0DB
:100E00005DF804FB00B585B00190019BDB6F039397
:100E1000039B93F8A030039A0949184603F0B8FAE7
:100E20000290029B002B05D1039B93F8A03018463B
:100E300000F03CFF029B184605B05DF804FB00BFC4
:100E4000750E000800B585B00190019BDB6F039320
:100E5000039B93F8A030184600F004FF039B93F81F
:100E6000A03000220021184603F092FA00BF05B01E
:100E70005DF804FB00B587B0039002910192019BDD
:100E800005931C210598FFF77EFD03469AB2059B4A
:100E9000A3F89220059BB3F8923003F02003002BB7
:100EA0000BD0059BB3F8903003F02003002B04D047
:100EB000059B18460BF032FF0BE0059BB3F8923010
:100EC00003F00E03002B04D00E2220210598FFF71B
:100ED00066FD059BB3F8923003F08003002B0AD027
:100EE000059BB3F8903003F08003002B03D0059BE3
:100EF00018460BF06CFE0023184607B05DF804FBA3
:100F000086B0039002910192002305936FF01803BD
:100F1000059300BF059B184606B0704700B585B025
:100F200001900091019BDB6F039324210398FFF74D
:100F30002AFD0290039BB3F892301A04029B1A43D5
:100F4000009B1A60039B0022A3F89220029BDBB255
:100F5000184605B05DF804FB00B587B001900B465C
:100F60008DF80330019BDB6F0493FFF7EEFC034623
:100F70008DF80F30049BB3F89030ADF816309DF823
:100F80000330002B06D0BDF8163043F02003ADF837
:100F9000163007E0BDF8163023F4907323F00103F8
:100FA000ADF81630BDF8163019460498FFF73FFD2E
:100FB0009DF80F301846FFF7D8FC00BF07B05DF86A
:100FC00004FB00B585B00190019BDB6F03931C21EE
:100FD0000398FFF7D8FC034603F02003002B14BF4F
:100FE00001230023DBB2184605B05DF804FB00B511
:100FF00085B001900091019BDB6F0393009B1A4623
:1010000028210398FFF7CBFC00BF05B05DF804FB77
:1010100000B585B001900B468DF80330019BDB6F66
:101020000393FFF792FC03468DF80B309DF80330D5
:10103000002B0DD0039BB3F8903043F08003ADF844
:101040000830BDF8083019460398FFF7F0FC09E0B6
:10105000039BB3F8903023F080039BB219460398AA
:10106000FFF7E5FC9DF80B301846FFF77EFC00BF4C
:1010700005B05DF804FB00B585B00190019BDB6F06
:1010800003931C210398FFF77EFC034603F08003C3
:10109000002B14BF01230023DBB2184605B05DF816
:1010A00004FB000000B583B00023019310E00E4A5A
:1010B000019B52F82330002B07D00B4A019B52F8BA
:1010C000233000211846FFF7CCFC019B013301932C
:1010D000019B072BEBD9054B1846FFF7E7FD00BF37
:1010E00003B05DF804FB00BF38860408000000244C
:1010F00000B587B000230493214B194621480BF01B
:10110000DFFC1F4B194620480BF0DAFC0123049347
:101110006B4610221D49184611F016F8002305935E
:1011200025E01B4A059B52F82330002B19D0184AA2
:10113000059B52F823309B78002B14D1049B5A1C3A
:101140000492DBB23033DBB28DF80930104A059BD4
:1011500052F823301A466B46114618460BF0B0FC85
:1011600002E000BF00E000BF059B01330593059B33
:10117000072BD6D900BF00BF07B05DF804FB00BF46
:101180000000002458860408688604087486040851
:101190003886040800B585B001900B4B03930DF120
:1011A0000A0319460398FFF75CFC019BDBB2184663
:1011B000FFF752FBBDF80A3019460398FFF737FCDA
:1011C00000BF05B05DF804FB0000002482B0EFF31F
:1011D00011830193019BDBB2184602B0704782B0C5
:1011E0000190019B83F3118800BF02B0704700B5E6
:1011F00083B0FFF7EBFF03468DF807308020FFF741
:10120000EEFF9DF80730184603B05DF804FB00B50B
:1012100083B003468DF807309DF807301846FFF776
:10122000DEFF00BF03B05DF804FB00B587B003909C
:1012300002910192FFF7DBFF03468DF81730039B05
:101240001B680493029BDB43049A13400493049AA3
:10125000019B13430493039B049A1A609DF8173073
:101260001846FFF7D4FF00BF07B05DF804FB84B059
:101270000190019BB3FA83F30393039B184604B0D8
:101280007047000082B0BFF34F8FBFF36F8F0A4BE0
:1012900000221A60094B1B680193019B43F4003341
:1012A0000193064A019B1360BFF34F8FBFF36F8F0B
:1012B00000BF02B0704700BF50EF00E014ED00E047
:1012C00000B589B02D4B1B680593059B03F4803353
:1012D000002B4FD12A4B1B680493049B5B0BC3F379
:1012E0000E030793049B03F0070304330393049B4B
:1012F000DB08C3F3090302930298FFF7B8FF034624
:1013000003F01F030193BFF34F8F029B0693069ACE
:10131000019B02FA03F31946079A039B02FA03F3AF
:101320000B430093174A009B1360069B5A1E0692BC
:10133000002BECD1079B5A1E0792002BE5D1BFF37F
:101340004F8F114B1B680593059B43F004030593D6
:101350000D4A059B1360094B1B680593059B43F4DD
:1013600080330593054A059B1360BFF34F8FBFF38E
:101370006F8F00E000BF09B05DF804FB14ED00E0E2
:1013800080ED00E060EF00E09CEF00E04FF0000E29
:10139000FEF7A2BF00BF704782B0EFF31483019342
:1013A000019B184602B0704782B00190019B83F305
:1013B000148800BF02B0704700B583B0FFF7ECFFA0
:1013C0000190019B43F0040301930198FFF7ECFFA8
:1013D0000B4B1B680193019B23F040430193084A88
:1013E000019B1360074B1B680193019B43F470033F
:1013F0000193044A019B136000BF03B05DF804FB36
:1014000034EF00E088ED00E0EFF30580EFF3148C9B
:101410001EF0040F02D0EFF3098107E0EFF308811B
:10142000A1F1700282F30888BFF36F8F0A4602F1C0
:101430006802EFF311831EF0100F0CBF21ED108A2C
:10144000403921E9FC5F1EF0080F04D0A1F1D80259
:1014500022F0070295468B4600F0D6FCB0E8FC5F10
:101460001EF0100F0CBFB0EC108A40301EF0040FBD
:101470000CBF80F3088880F3098883F311888CF30C
:101480001488704782B0EFF311830193019BDBB2A4
:10149000184602B0704782B00190019B83F3118817
:1014A00000BF02B0704700B583B0FFF7EBFF034603
:1014B0008DF807308020FFF7EEFF9DF807301846C3
:1014C00003B05DF804FB00B583B003468DF8073028
:1014D0009DF807301846FFF7DEFF00BF03B05DF848
:1014E00004FB000000B58FB00190019B1B0903F0C5
:1014F0000F030793079B072B02D96FF0150386E1B3
:101500008A4A079B52F823300693069B002B02D190
:101510006FF015037BE1019B03F00F030593019B23
:1015200003F44023B3F5402F1DD0B3F5402F05D869
:10153000B3F5802F05D0B3F5002F11D00023089309
:1015400014E0019B03F48073002B14BF01230023DC
:10155000DBB21946019800F06FF90123089305E00A
:101560000223089302E00323089300BFFFF79BFFC9
:1015700003468DF81330089B022B05D1019B1B0BF2
:1015800003F00F030C9301E000230C93089B022B44
:1015900005D1019B1B0B03F00F030B9301E000230C
:1015A0000B930B9B002B29D0059B072B04D82023E2
:1015B0000A93059B099304E024230A93059B083BA7
:1015C0000993069A0A9B13441B680D93099B9B0081
:1015D0000F2202FA03F3DB431A460D9B13400D93CF
:1015E000099B9B000B9A02FA03F30D9A13430D9388
:1015F000069A0A9B13441A460D9B1360069B1B68B0
:101600000D93059B5B00032202FA03F3DB431A46AA
:101610000D9B13400D93059B5B00089A02FA03F3A0
:101620000D9A13430D93069B0D9A1A6000230C9399
:10163000089B032B0FD0019B03F44033B3F5803F8D
:1016400003D0B3F5003F03D005E001230C9302E083
:1016500002230C9300BF069B0C331B680D93059B64
:101660005B00032202FA03F3DB431A460D9B13408F
:101670000D93059B5B000C9A02FA03F30D9A13433A
:101680000D93069B0C331A460D9B13600B9B002B8E
:1016900029D1059B072B04D820230A93059B099386
:1016A00004E024230A93059B083B0993069A0A9BAE
:1016B00013441B680D93099B9B000F2202FA03F34E
:1016C000DB431A460D9B13400D93099B9B000B9A1D
:1016D00002FA03F30D9A13430D93069A0A9B1344DF
:1016E0001A460D9B1360089B012B02D0089B022B0E
:1016F0001ED1019B03F44063B3F5406F11D0B3F5E5
:10170000406F05D8B3F5806F05D0B3F5006F05D0F5
:1017100000230C9308E001230C9305E002230C93B3
:1017200002E003230C9300BF04E000BF808604089E
:1017300000230C93069B08331B680D93059B5B00ED
:10174000032202FA03F3DB431A460D9B13400D9369
:10175000059B5B000C9A02FA03F30D9A13430D9359
:10176000069B08331A460D9B1360069B04331B68C7
:101770000D930122059B02FA03F30C93089B012BA6
:1017800002D0089B022B09D1019B03F40073002BAC
:1017900004D00D9A0C9B13430D9304E00C9BDB4388
:1017A0000D9A13400D93069B04331A460D9B13604C
:1017B000089B012B25D0019B03F48073002B20D0C4
:1017C000059B03F00C02144B13440393039B1B680B
:1017D0000D93059B9B0003F00C0302930F22029BC9
:1017E00002FA03F3DB431A460D9B13400D93079A4D
:1017F000029B02FA03F30D9A13430D93039B0D9A78
:101800001A609DF813301846FFF75DFE0023184656
:101810000FB05DF804FB00BF0804005800B583B0AA
:101820000190019BDBB201930198FFF75BFE034639
:10183000184603B05DF804FB86B001900B468DF8A6
:101840000330019B1B0903F00F030493049B072B38
:1018500020D8124A049B52F823300393039B002B99
:1018600018D0019B03F00F0302939DF80330002B67
:1018700005D00122029B02FA03F3059305E0029BC7
:101880001033012202FA03F30593039B18331A461F
:10189000059B136000BF06B0704700BF8086040838
:1018A00086B00190019B1B0903F00F030593059B74
:1018B000072B19D80E4A059B52F823300493049B3A
:1018C000002B11D0019B03F00F030393049B1033F3
:1018D0001B680121039A01FA02F21340002B14BF86
:1018E00001230023DBB200E00023184606B0704756
:1018F0008086040882B0EFF311830193019BDBB271
:10190000184602B0704782B00190019B83F31188A2
:1019100000BF02B0704700B583B0FFF7EBFF03468E
:101920008DF807308020FFF7EEFF9DF8073018464E
:1019300003B05DF804FB08B50020FFF7E4FF62B6D2
:1019400000BF08BD00B585B0039002910192FFF77A
:10195000E2FF054A0549032010F09EFD044A0021DC
:1019600000200EF0ACFA00BF08870408A086040827
:10197000BC86040800B585B0039002910192FFF780
:10198000CAFF054A0549032010F086FD044A0021DC
:1019900000200EF094FA00BF14870408C4860408DF
:1019A000BC86040800B585B0039002910192FFF750
:1019B000B2FF054A0549032010F06EFD044A0021DC
:1019C00000200EF07CFA00BF24870408E486040897
:1019D000BC86040884B00190084B1B680393039BEA
:1019E00023F07F430393019B1B06039A1343039346
:1019F000024A039B136000BF04B070471CED00E077
:101A000086B00390029101920093039B103B0593D3
:101A1000039B0F2B56DD059B1F2B0CD8009A3F4BC9
:101A20001344029A13600122059B02FA03F31A463B
:101A3000019B1A606EE0059B3F2B0DD8009A384B36
:101A40001344029A1360059B203B012202FA03F320
:101A50001A46019B1A605DE0059B5F2B0DD8009A2A
:101A6000304B1344029A1360059B403B012202FA5B
:101A700003F31A46019B1A604CE0059B7F2B0DD89F
:101A8000009A294B1344029A1360059B603B012284
:101A900002FA03F31A46019B1A603BE0059B952B63
:101AA0000DD8009A214B1344029A1360059B803B8A
:101AB000012202FA03F31A46019B1A602AE04FF052
:101AC000FF3328E0029B1A4A1A60039B042B04D1BF
:101AD000019B4FF480321A601CE0039B052B04D15C
:101AE000019B4FF400321A6014E0039B062B04D1D3
:101AF000019B4FF480221A600CE0039B0F2B06D150
:101B0000029B0C4A1A60019B01221A6002E04FF00E
:101B1000FF3300E00023184606B0704700E100E004
:101B200004E100E008E100E00CE100E010E100E089
:101B300024ED00E010E000E000B585B0384B1B68F4
:101B400003F00F0301330193019B0293354B039381
:101B500009E0039B4FF0FF321A60029B013B0293A6
:101B6000039B04330393029B002BF2DC2E4B2F4A82
:101B70001A602F4B4FF080321A602E4B4FF080329C
:101B80001A602D4B4FF080321A60019BDB000293EC
:101B90002A4B039309E0039B4FF080321A60029BAB
:101BA000013B0293039B04330393029B002BF2DC63
:101BB000002223490B2002F0EBFB002221490320E5
:101BC00002F0E6FB7020FFF705FF00221E4902200D
:101BD00002F0DEFB00221D49042002F0D9FB0022A6
:101BE0001B49052002F0D4FB00221A49062002F00E
:101BF000CFFB002218490E2002F0CAFB00F0F4FCD3
:101C0000002216490C2002F0C3FB002214490020D8
:101C100002F0BEFBFFF78FFE00BF05B05DF804FBCE
:101C200004E000E080E100E008ED00E000000008D2
:101C300018ED00E01CED00E020ED00E000E400E025
:101C400051210008DD1E000845190008651F000825
:101C5000411D0008352200087519000821260008DA
:101C6000A519000800B587B0019003AA04A9802334
:101C70000198FFF7C5FE0346002B13D1019B0F2BE4
:101C800004DD049B1A46039B13600BE0049B1B6856
:101C90000593039BDB43059A13400593049B1A4667
:101CA000059B136000BF07B05DF804FB00B587B06B
:101CB000019003AA04A900230198FFF7A1FE03469F
:101CC000002B12D1019B0F2B04DD049B1A46039BB2
:101CD00013600AE0049B1B680593039B059A13435A
:101CE0000593049B1A46059B136000BF07B05DF87F
:101CF00004FB82B0019000BF02B0704782B0EFF3E6
:101D000011830193019BDBB2184602B0704782B089
:101D10000190019B83F3118800BF02B0704700B5AA
:101D200083B0FFF7EBFF03468DF807308020FFF705
:101D3000EEFF9DF80730184603B05DF804FB000085
:101D400000B587B0039002910192084B1B68059380
:101D5000FFF7E5FF029B064A0021002002F022FE69
:101D60000023184607B05DF804FB00BF28ED00E033
:101D70003487040882B0EFF311830193019BDBB237
:101D8000184602B0704782B00190019B83F311881E
:101D900000BF02B0704700B583B0FFF7EBFF03460A
:101DA0008DF807308020FFF7EEFF9DF807301846CA
:101DB00003B05DF804FB82B0EFF305830193019B50
:101DC000184602B07047000000B583B0FFF7F3FF7C
:101DD000034601930198FFF78CFF0021019802F060
:101DE00013FB074B1A68074B1B689A4203D000216C
:101DF0000E2000F0C5F900BF03B05DF804FB00BF82
:101E0000B00C0024A80C002400B585B0019000910E
:101E10001F4B0393039B1B680293019B0B2B04D165
:101E2000009B70331B68012B03D0029B009AC3F800
:101E3000A0200198FFF75DFF019B0E2B0AD1029BAA
:101E4000D3F8A430002B02D0029800F0B9F8FFF7C5
:101E5000A2FF03E00099019802F0D6FA0D4B1B682F
:101E60000293039B1B680299184603F01FFA039B19
:101E7000029A1A60029BD3F8A0300093039B1B6860
:101E80000022C3F8A020009B184605B05DF804FBB3
:101E9000B00C0024A80C002482B0EFF3118301934E
:101EA000019BDBB2184602B0704782B00190019BE3
:101EB00083F3118800BF02B0704700B583B0FFF70D
:101EC000EBFF03468DF807308020FFF7EEFF9DF80B
:101ED0000730184603B05DF804FB000000B587B07A
:101EE0000390029101920B4B1B6805930A4B1B68F0
:101EF0000493059B03F00203002BFFF7DEFF029B18
:101F0000064A0021002002F04DFD0023184607B0CC
:101F10005DF804FB2CED00E028ED00E03C870408B0
:101F200082B0EFF311830193019BDBB2184602B03C
:101F3000704782B00190019B83F3118800BF02B00B
:101F4000704700B583B0FFF7EBFF03468DF807300D
:101F50008020FFF7EEFF9DF80730184603B05DF8CC
:101F600004FB000000B587B0039002910192084B7A
:101F70001B680593FFF7E5FF029B064A002100203E
:101F800002F010FD0023184607B05DF804FB00BF07
:101F900028ED00E04487040882B0EFF30583019345
:101FA000019B184602B0704708B5FFF7F5FF0346DE
:101FB000002B14BF01230023DBB2184608BD00002C
:101FC00000B585B00190FFF7EFFF0346002B02D06C
:101FD0002F4B1B6801E02F4B1B680393FFF7DCFFBF
:101FE0000290019A039B9A420CD1029B002B09D1CB
:101FF000019BD3F8A43001989847019B0022C3F8B5
:10200000A42040E0019A039B9A4207D1029B0E2B29
:1020100004D000210E2000F0B3F834E0019BD3F887
:10202000A020019BC3F89C20019BD3F8A030D83B93
:102030001A46019BC3F8A020019BD3F8A000019B86
:10204000D3F89C30D822194610F0CDF8019BD3F874
:10205000A0301A46019BD3F8A030D8321A60019BF9
:10206000D3F8A03088330C4A1A60019BD3F8A03013
:10207000043380221A60019BD3F8A0308C334FF0D8
:1020800080721A6000BF00BF05B05DF804FB00BF9E
:10209000B00C0024A80C0024ED20000882B0EFF35F
:1020A00011830193019BDBB2184602B0704782B0E6
:1020B0000190019B83F3118800BF02B0704700B507
:1020C00083B0FFF7EBFF03468DF807308020FFF762
:1020D000EEFF9DF80730184603B05DF804FB08B525
:1020E0000020FFF7E4FF62B600BF08BD00B583B073
:1020F000164B1B680193019BD3F89C30009300BFE3
:10210000FFF7EDFF019BD3F8A43001989847FFF744
:10211000D6FF019BD3F88430002B06D0019B5B6C6B
:1021200003F04003002B00D1EAE7019B0022C3F833
:10213000A420019BD3F89C20019BC3F8A020012080
:1021400000DF00BF03B05DF804FB00BFA80C002453
:1021500088B0039002910192029B0793079B1B6F2B
:102160000693069B013B012B03D8044B1B68059388
:1021700000E000BF0023184608B07047A80C0024F8
:1021800000B585B00190009100230393019B0F2BB4
:1021900005DD019BA3F11002134B1A6020E0019BA7
:1021A0000F2B10D0019B0F2B11DC019B022B06D0B3
:1021B000019B0E2B0BD14FF08053039308E04FF09F
:1021C0000043039304E04FF08063039300E000BFFB
:1021D000039B002B04D0039A00210448FFF725F845
:1021E00000BF05B05DF804FB00EF00E004ED00E087
:1021F00082B0EFF311830193019BDBB2184602B06A
:10220000704782B00190019B83F3118800BF02B038
:10221000704700B583B0FFF7EBFF03468DF807303A
:102220008020FFF7EEFF9DF80730184603B05DF8F9
:1022300004FB000000B587B0039002910192084BA7
:102240001B680593FFF7E5FF029B064A002100206B
:1022500002F0A8FB0023184607B05DF804FB00BF9E
:1022600028ED00E04C87040800B583B0134B1B68D1
:102270001B0B1B0103F03002104B1B681B0903F002
:102280000F03134300930023019309E0019A0C4BC1
:1022900013449B001A4600231360019B01330193F2
:1022A000019A009B9A42F1D3032200210348FEF7D2
:1022B000BCFF00BF03B05DF804FB00BF002000E0DE
:1022C0000208003882B0144B1B681B0F03F00F0389
:1022D00000930023019317E0019A104B13441B0154
:1022E0001A4600231360019B1A010D4B13441A4632
:1022F00000231360019B1A010A4B13441A46002362
:102300001360019B01330193019A009B9A42E3D32E
:1023100000BF00BF02B07047001000E00201000ED5
:10232000241000E0281000E070B586B04E4B1B680A
:102330001B0F03F00F030293002305930023039365
:10234000002304932EE0049B1A01484B13441B689E
:102350000193019B03F08073002B20D0019B03F0BD
:102360000F030093049A424B13441B011B6805930F
:10237000009B072B0FD0009B072B0FD8009B052B32
:1023800003D0009B062B03D008E00123039306E053
:102390000223039303E00323039300E000BF049BA5
:1023A00001330493049A029B9A42CCD300230493F2
:1023B00053E03049049A13469B0013449B000B449E
:1023C00004331A68059B9A4244D12A49049A134659
:1023D0009B0013449B000B441B68039A9A4239D11B
:1023E0002449049A13469B0013449B000B440C336E
:1023F0001B68002B2ED01F49049A13469B001344E0
:102400009B000B440C331C681A49049A13469B002A
:1024100013449B000B4418681649049A13469B000A
:1024200013449B000B4404331968124D049A13465D
:102430009B0013449B002B4408331D680D4E049AE7
:1024400013469B0013449B00334410331B682A46F9
:10245000A04706E0049B01330493049B082BA8D9F2
:1024600000BF00BF06B070BD001000E0281000E003
:102470000201000EA808002470B584B0019000236A
:10248000039352E02C49039A13469B0013449B008C
:102490000B441B68042B45D12749039A13469B0024
:1024A00013449B000B4404331A68019B9A4239D1B0
:1024B0002149039A13469B0013449B000B440C33A1
:1024C0001B68002B2ED01C49039A13469B00134413
:1024D0009B000B440C331C681749039A13469B005E
:1024E00013449B000B4418681349039A13469B003E
:1024F00013449B000B44043319680F4D039A134691
:102500009B0013449B002B4408331D680A4E039A1A
:1025100013469B0013449B00334410331B682A4628
:10252000A04706E0039B01330393039B082BA9D923
:1025300000BF00BF04B070BDA808002470B582B011
:102540000023019346E02749019A13469B00134458
:102550009B000B441B68052B39D12249019A134675
:102560009B0013449B000B440C331B68002B2ED0A4
:102570001C49019A13469B0013449B000B440C33E7
:102580001C681849019A13469B0013449B000B4496
:1025900018681449019A13469B0013449B000B448E
:1025A000043319680F4D019A13469B0013449B0096
:1025B0002B4408331D680B4E019A13469B001344AD
:1025C0009B00334410331B682A46A04706E0019B5A
:1025D00001330193019B082BB5D900BF00BF02B0A6
:1025E00070BD00BFA808002408B50A4B1B6803F0A3
:1025F0000103002B01D0002309E0FFF735FEFFF7B0
:1026000061FE054A00210548FEF70FFE002318462B
:1026100008BD00BFF0ED00E000000101FCED00E0AE
:1026200000B587B0039002910192114B1B6805938E
:10263000029B0493059B03F00103002B01D0FFF7DD
:102640007DFF059B03F00203002B05D0049B88331C
:102650001B681846FFF710FF059B03F00403002BCF
:1026600001D0FFF761FE0023184607B05DF804FBB8
:1026700030ED00E008B5AFF3008000BF08BD08B53D
:1026800000F024FA00BF08BD00B583B00023019319
:102690000A4809F06FF80190019B002B05DA019AB6
:1026A000074903200FF0F8FE03E0064906200FF06B
:1026B000F3FE019B184603B05DF804FB5487040841
:1026C00064870408A087040800B585B0002303933D
:1026D0000023009300230F4A0F49002028F0DCFA62
:1026E0000290029B002B0ADA029A0C4903200FF099
:1026F000D3FE039B002B07D1029B039304E0064A01
:10270000074906200FF0C8FE039B184605B05DF888
:1027100004FB00BFDC870408E4870408EC87040896
:102720001088040882B000230193019B184602B070
:102730007047000000B583B00023019301F02EFB29
:102740000190019B002B05DA019A074903200FF045
:10275000A3FE03E0054906200FF09EFE019B1846EC
:1027600003B05DF804FB00BF2888040858880408FB
:1027700000B58BB000230993514906200FF08CFE61
:10278000002012F073FF0890089B002B0BDA089AC8
:102790004C4903200FF080FE099B002B40F08B80FA
:1027A000089B099387E0484906200FF075FE4749CA
:1027B00006200FF071FE4648FEF794FE4548FEF7EE
:1027C00091FE434A444906200FF066FE414A4349C0
:1027D00006200FF061FE424B1B680793414B1B68BC
:1027E0000693414B1B680593404B1B680493404B79
:1027F0001B6803933F4906200FF04EFE079B1B0A00
:1028000003F00103079A3C4906200FF045FE069BA2
:102810001B0F03F00303069A384906200FF03CFE15
:10282000059B1B0C03F00302059B9B0C03F00303A9
:1028300000931346059A324906200FF02DFE049BA3
:1028400003F00F02049B1B0903F00F0300931346D0
:10285000049A2C4906200FF01FFE039B1B0A03F06D
:102860000102039B5B0A03F0010300931346039AE2
:10287000254906200FF010FE059B1B0C03F00303F7
:10288000022B05D1059B9B0C03F00303022B03D005
:102890001E4903200FF000FE049B03F00F03092BD9
:1028A00005D1049B1B0903F00F03092B03D0184922
:1028B00003200FF0F1FD099B18460BB05DF804FBF7
:1028C000748804089C880408C8880408F4880408EC
:1028D000189008001990080020890408408904080D
:1028E000EC44025850440258000402582404025890
:1028F000040402586089040878890408A889040837
:10290000D88904081C8A04085C8A0408988A040888
:10291000C08A040800B583B00023019300F0C4FB13
:102920000090009B002B0ADA009A114903200FF057
:10293000B3FD019B002B06D1009B019303E00D49E1
:1029400006200FF0A9FD00F091FC0090009B002BE9
:1029500005DA009A084903200FF09EFD03E00749BD
:1029600006200FF099FD019B184603B05DF804FBAB
:10297000E88A0408108B0408288B0408588B040884
:1029800000B583B0002301930A4808F003F90190D1
:10299000019B002B05DA019A074903200FF07CFD0B
:1029A00003E0064906200FF077FD019B184603B0AF
:1029B0005DF804FB708B0408808B0408AC8B040862
:1029C00082B000230193019B184602B0704782B089
:1029D00000230193019B184602B0704700B583B0F5
:1029E000002301930D4800F0DDFC0090009B002BBC
:1029F0000ADA009A0A4903200FF04EFD019B002BD2
:102A000007D1009B019304E0044A064906200FF019
:102A100043FD019B184603B05DF804FBD88B040806
:102A2000E48B0408148C040800B583B000230193E0
:102A3000134906200FF030FD002000F0DDFE00906D
:102A4000009B002B0ADA009A0E4903200FF024FDA8
:102A5000019B002B0ED1009B01930BE00A4A0B490E
:102A600006200FF019FD012000F0C4FF08490620E0
:102A70000FF012FD019B184603B05DF804FB00BF88
:102A8000488C04086C8C0408988C0408A48C0408F6
:102A9000D88C040882B000230193019B184602B031
:102AA000704782B000230193019B184602B0704723
:102AB00082B000230193019B184602B0704782B098
:102AC00000230193019B184602B0704700B583B004
:102AD00000230193714906200FF0DEFC70490620A7
:102AE0000FF0DAFCFFF7D0FD0090009B002B04D024
:102AF000019B002B01D1009B0193FFF7E5FD0090A6
:102B0000009B002B04D0019B002B01D1009B019363
:102B1000FFF708FE0090009B002B04D0019B002BC8
:102B200001D1009B01935F4906200FF0B5FCFFF730
:102B300001FE0090009B002B04D0019B002B01D1D3
:102B4000009B0193FFF7E6FE0090009B002B04D052
:102B5000019B002B01D1009B0193FFF709FE009020
:102B6000009B002B04D0019B002B01D1009B019303
:102B70004D4906200FF090FCFFF702FF0090009BEC
:102B8000002B04D0019B002B01D1009B0193FFF788
:102B900017FF0090009B002B04D0019B002B01D15C
:102BA000009B0193414906200FF076FCFFF70FFFD1
:102BB0000090009B002B04D0019B002B01D1009BB7
:102BC00001933B4906200FF067FCFFF72DFF0090B3
:102BD000009B002B04D0019B002B01D1009B019393
:102BE000344906200FF058FCFFF7F8FE0090009BD8
:102BF000002B04D0019B002B01D1009B0193FFF718
:102C000049FF0090009B002B04D0019B002B01D1B9
:102C1000009B0193284906200FF03EFCFFF741FF7F
:102C20000090009B002B04D0019B002B01D1009B46
:102C30000193224906200FF02FFCFFF739FF009087
:102C4000009B002B04D0019B002B01D1009B019322
:102C50001B4906200FF020FCFFF731FF0090009B7E
:102C6000002B04D0019B002B01D1009B0193019B01
:102C7000002B04D1134906200FF00EFC08E0019A46
:102C8000114904200FF008FC104906200FF004FC45
:102C9000019B184603B05DF804FB00BFF48C0408E8
:102CA000288D0408708D0408C88D0408108E04084F
:102CB000508E0408888E0408D08E0408188F0408EB
:102CC000608F0408A48F0408F08F0408449004085F
:102CD00000B58BB001900091009B00221A60019B0F
:102CE000002B08D1009B6FF015021A600023E8E06A
:102CF000019B01330193019B1B78202BF8D0019B92
:102D00001B78092BF4D001980FF06FFB0790079BFD
:102D1000022B02D9079B042B05D9009B6FF01502EB
:102D20001A600023CDE0019B1B78502B05D0009B3F
:102D30006FF015021A600023C3E0019B01331B787A
:102D40008DF81B309DF81B30402B03D99DF81B30AC
:102D5000482B05D9009B6FF015021A600023B0E0E4
:102D6000019B0233059303AB0A22194605980DF027
:102D7000EDFD0490039B1B78002B05D1049B002BD9
:102D800002DB049B0F2B05DD009B6FF015021A6020
:102D9000002396E09DF81B30413B072B2AD801A267
:102DA00052F823F0C52D0008CB2D0008D12D0008C6
:102DB000D72D0008DD2D0008E32D0008E92D0008BF
:102DC000EF2D0008002309931AE01023099317E060
:102DD0002023099314E03023099311E04023099341
:102DE0000EE0502309930BE06023099308E0702361
:102DF000099305E0009B6FF015021A60002360E064
:102E0000049B0F2B52D801A252F823F04D2E00083C
:102E1000532E0008592E00085F2E0008652E00086A
:102E20006B2E0008712E0008772E00087D2E0008FA
:102E3000832E0008892E00088F2E0008952E00088A
:102E40009B2E0008A12E0008A72E0008002308933F
:102E500032E0012308932FE0022308932CE00323A0
:102E6000089329E00423089326E00523089323E030
:102E70000623089320E0072308931DE00823089306
:102E80001AE00923089317E00A23089314E00B23A0
:102E9000089311E00C2308930EE00D2308930BE038
:102EA0000E23089308E00F23089305E0009B6FF0C2
:102EB00015021A60002304E0099A089B1A43034B89
:102EC000134318460BB05DF804FB00BF0009040073
:102ED00082B00190019B012B03D0019B022B02D0F9
:102EE00003E0044B02E0044B00E00023184602B06C
:102EF000704700BF5C0900245C0A002482B0019086
:102F0000019B012B03D0019B022B02D003E0044B59
:102F100002E0044B00E00023184602B0704700BFF7
:102F2000DC090024DC0A002400B589B0039002917A
:102F300013468DF80730029B06930398FFF7C8FFEE
:102F40000590059B002B40D0029BB3F5803F03D337
:102F5000029B9BB2069308E0029B0F2B05D9059BB1
:102F60005B79002B33D000230693069BDB00059A88
:102F700013440493049B5B7983F00103DBB2002BC1
:102F800027D1049B1B79002B12D09DF80730002B12
:102F900014BF01230023DBB283F00103DBB28DF801
:102FA0001F309DF81F3003F001038DF81F3003E040
:102FB0009DF807308DF81F30049B1B689DF81F207B
:102FC00011461846FEF738FC04E000BF02E000BFDF
:102FD00000E000BF09B05DF804FB000000B58DB053
:102FE0000790069113468DF81730069B0B930798B0
:102FF000FFF784FF0A900A9B002B43D0069BB3F592
:10300000803F03D3069B9BB20B9302E0069B0F2BE2
:103010003AD80B9BDB000A9A13440993099B1B794E
:1030200083F00103DBB2002B30D1099B1A689DF8B5
:103030001730002B14BF01230023DBB283F0010300
:10304000DBB203F00103DBB219461046FEF7F4FBD6
:103050009DF81730002B01D00E4B00E00E4B9DF871
:103060001720002A01D00D4A00E00D4A099909688D
:103070000291019200930B9B079A0A4906200FF0D8
:103080000BFA04E000BF02E000BF00E000BF0DB09B
:103090005DF804FB9090040898900408A090040840
:1030A000A4900408AC90040808B5802200210A48C6
:1030B0000FF034F88022002108480FF02FF880220A
:1030C000002107480FF02AF88022002105480FF060
:1030D00025F80023184608BD5C090024DC090024FB
:1030E0005C0A0024DC0A002400B58BB00390029136
:1030F00001928DF803300398FFF7EAFE0990099BCF
:10310000002B02D16FF0150336E0029B0F2B02D982
:103110006FF0150330E0029BDB00099A134408931B
:10312000089B5B79002B02D06FF00F0324E005AB06
:1031300019460198FFF7CCFD0790059B002B01D0A5
:10314000059B19E00798FEF7CDF90690069B002B2A
:1031500001DA069B10E09DF8033019460798FEF748
:103160006BFB089B079A1A60089B9DF803201A7155
:10317000089B01225A71002318460BB05DF804FB2E
:1031800000B58BB00390029101920398FFF7B6FE51
:103190000990099B002B02D16FF0150330E0029BD0
:1031A0000F2B02D96FF015032AE0029BDB00099A6E
:1031B00013440893089B1B79002B02D06FF00F0378
:1031C0001EE005AB19460198FFF782FD0790059BAD
:1031D000002B01D0059B13E00798FEF783F90690BA
:1031E000069B002B01DA069B0AE001210798FEF7F7
:1031F00023FB089B079A1A60089B01221A7100237F
:1032000018460BB05DF804FB00B585B00190009145
:103210000198FFF75DFE0390039B002B02D16FF036
:1032200015031EE0009B0F2B02D96FF0150318E069
:10323000009BDB00039A13440293029B5B7983F0AB
:103240000103DBB2002B02D06FF0010309E0029B07
:1032500000221A60029B00221A71029B00225A71FE
:103260000023184605B05DF804FB000000B585B0EA
:1032700000230393012012F097FE0290029B002B83
:1032800011D00121029809F035FF0390039B002B18
:1032900005DA039A134903200FF0FEF803E0124900
:1032A00006200FF0F9F8022012F07EFE0190019B3B
:1032B000002B11D00221019809F01CFF0390039B01
:1032C000002B05DA039A094903200FF0E5F803E023
:1032D000074906200FF0E0F8039B184605B05DF89B
:1032E00004FB00BFD8900408FC9004081C9104085B
:1032F0004091040800B585B00390029113468DF803
:1033000007309DF807301A4602990120FFF70CFE9E
:1033100000BF05B05DF804FB82B00190009101236D
:10332000184602B0704700B585B00390029113466D
:103330008DF807309DF807301A4602990120FFF7F3
:103340004DFE0023184605B05DF804FB00B585B0BE
:103350000390029113468DF807309DF807301A4606
:1033600002990220FFF7E0FD00BF05B05DF804FB05
:1033700082B0019000910123184602B0704700B559
:1033800085B00390029113468DF807309DF8073001
:103390001A4602990220FFF721FE0023184605B0C5
:1033A0005DF804FB00B589B00390039B002B01D0AE
:1033B000039B00E02C4B0793079B00930023012203
:1033C0002A4906200FF068F80123294A002101202C
:1033D000FFF78AFE0690069B002B06DA069A25491F
:1033E00003200FF059F8069B3AE0234B0193204B42
:1033F000009300230122214906200FF04DF80120FF
:1034000012F0D2FD0590059B002B0BD101221C4927
:1034100003200FF041F800210120FFF7F5FE6FF0C7
:1034200012031DE00122174906200FF035F8059917
:1034300007980BF0BBFE0690069B002B0ADA069A53
:10344000114903200FF028F800210120FFF7DCFECE
:10345000069B05E0079A0D4906200FF01DF8002392
:10346000184609B05DF804FB609104086C910408EB
:10347000A4910408A89104081C920408E09104088F
:10348000289204084C92040870920408A092040840
:1034900000B58BB001900091009B00221A60019B47
:1034A000002B08D1009B6FF015021A600023E8E0A2
:1034B000019B01330193019B1B78202BF8D0019BCA
:1034C0001B78092BF4D001980EF08FFF0790079B13
:1034D000022B02D9079B042B05D9009B6FF0150224
:1034E0001A600023CDE0019B1B78502B05D0009B78
:1034F0006FF015021A600023C3E0019B01331B78B3
:103500008DF81B309DF81B30402B03D99DF81B30E4
:10351000482B05D9009B6FF015021A600023B0E01C
:10352000019B0233059303AB0A22194605980DF05F
:103530000DFA0490039B1B78002B05D1049B002BF4
:1035400002DB049B0F2B05DD009B6FF015021A6058
:10355000002396E09DF81B30413B072B2AD801A29F
:1035600052F823F0853500088B35000891350008A6
:10357000973500089D350008A3350008A9350008D7
:10358000AF350008002309931AE01023099317E0D0
:103590002023099314E03023099311E04023099379
:1035A0000EE0502309930BE06023099308E0702399
:1035B000099305E0009B6FF015021A60002360E09C
:1035C000049B0F2B52D801A252F823F00D360008AD
:1035D00013360008193600081F3600082536000883
:1035E0002B36000831360008373600083D36000813
:1035F00043360008493600084F36000855360008A3
:103600005B3600086136000867360008002308931F
:1036100032E0012308932FE0022308932CE00323D8
:10362000089329E00423089326E00523089323E068
:103630000623089320E0072308931DE0082308933E
:103640001AE00923089317E00A23089314E00B23D8
:10365000089311E00C2308930EE00D2308930BE070
:103660000E23089308E00F23089305E0009B6FF0FA
:1036700015021A60002304E0099A089B1A43034BC1
:10368000134318460BB05DF804FB00BF00090400AB
:1036900000B583B0344906200EF0FEFE6B46194695
:1036A0003248FFF7F5FE0346314A1360009B002BBA
:1036B00007D0009B2D4A2F4903200EF0EDFE009B02
:1036C0004DE02B4B1B681846FDF70CFF0190019B4A
:1036D000002B06DA019A284903200EF0DDFE019B3B
:1036E0003DE06B4619462548FFF7D2FE0346244AC3
:1036F0001360009B002B07D0009B204A2149032028
:103700000EF0CAFE009B2AE01D4B1B681846FDF711
:10371000E9FE0190019B002B06DA019A1A49032069
:103720000EF0BAFE019B1AE0114B1B6801211846EE
:10373000FEF782F8124B1B6801211846FEF77CF851
:10374000124906200EF0A8FE084A114906200EF084
:10375000A3FE0A4A0F4906200EF09EFE00231846DB
:1037600003B05DF804FB00BF3493040858930408C9
:103770005C0B00245C93040880930408AC93040859
:10378000600B0024B0930408D4930408FC9304084D
:103790001C9404082C94040808B5134906200EF064
:1037A0007BFE124B1B6801211846FEF745F842F2DA
:1037B000107001F0A5FE0D4B1B6800211846FEF7A6
:1037C0003BF842F2107001F09BFE084B1B68012190
:1037D0001846FEF731F8064801F092FE054906202A
:1037E0000EF05AFE00BF08BD389404085C0B00249C
:1037F000C0D401006094040800B587B0019064490A
:1038000006200EF049FE634906200EF045FE022216
:10381000614906200EF040FE0022604906200EF0AD
:103820003BFE5F4A5F4906200EF036FE5E4A5F4966
:1038300006200EF031FE564906200EF02DFEFFF751
:1038400027FF0590059B002B06DA059A58490320AF
:103850000EF022FE059B97E0FFF79EFF55490620DC
:103860000EF01AFE01234E4A00210220FFF73CFC15
:103870000590059B002B06DA059A4F4903200EF0B0
:103880000BFE059B80E04D4906200EF005FE4C49DD
:1038900006200EF001FE444A00210220FFF770FCD2
:1038A0000590059B002B0ADA059A464903200EF085
:1038B000F3FD00210220FFF7A7FC059B64E04249CD
:1038C00006200EF0E9FD0222404906200EF0E4FD3C
:1038D000022012F069FB0490049B002B0BD1022202
:1038E0003B4903200EF0D8FD00210220FFF78CFC9D
:1038F0006FF0120348E00222364906200EF0CCFD9C
:10390000354906200EF0C8FD049807F0C5FE039067
:10391000039B002B0AD1314903200EF0BDFD00218D
:103920000220FFF771FC6FF012032DE02C490620F6
:103930000EF0B2FD2B4906200EF0AEFD039A019960
:1039400000200AF02DFB0590059B002B0ADA059A52
:10395000254903200EF0A0FD00210220FFF754FCB2
:10396000059B11E00A4906200EF096FD1F4906202E
:103970000EF092FD019A1E4906200EF08DFD0449BD
:1039800006200EF089FD0023184607B05DF804FB01
:1039900078940408A4940408C8940408DC940408E7
:1039A000F0940408F49404080495040808950408A5
:1039B0001895040840950408649504089095040837
:1039C000B4950408D4950408FC95040824960408CA
:1039D000489604086C96040890960408BC9604085F
:1039E000E89604081C97040848970408749704088C
:1039F0009897040800B583B003468DF807300C4B48
:103A00001B689DF8072011461846FDF715FF9DF825
:103A10000730002B01D0074B00E0074B1A4607493F
:103A200006200EF039FD00BF03B05DF804FB00BFB7
:103A3000600B0024B0970408B4970408B8970408F2
:103A400000B587B0039002910192019B0593059BFD
:103A50001B6C0598059A92F83C2011469847002364
:103A6000184607B05DF804FB00B585B001900091E1
:103A7000019B0393064B1846FDF712FF03461A46B7
:103A8000009B1A700023184605B05DF804FB00BFC8
:103A90002D01020000B585B001900091019B0393B8
:103AA000039B93F83C301A46074B53F822301846D4
:103AB000FDF7F6FE03461A46009B1A7000231846CF
:103AC00005B05DF804FB00BF1499040800B585B08B
:103AD00001900B468DF80330019B0393039B93F8F1
:103AE0003C301A46064B53F822309DF8032011460D
:103AF0001846FDF7A1FE0023184605B05DF804FB4B
:103B00001499040800B585B001900091019B0393BE
:103B100045231846FDF7C4FE03461A46009B1A705B
:103B20000023184605B05DF804FB00B587B003908C
:103B30000291039B059345200023019300230093EA
:103B400000230022002110F07BFA059B029A1A64E0
:103B50000023184607B05DF804FB000000B587B0ED
:103B600003900B468DF80B30039B05939DF80B30AB
:103B7000002B1AD0059B1B6C002B02D16FF0150394
:103B80001EE04520059B93F83C301A4613461B0166
:103B900013449B000C4A134401930C4B00930023E5
:103BA0000022012110F04CFA09E045200023019386
:103BB0000023009300230022002110F041FA00238B
:103BC000184607B05DF804FB640C0024413A000875
:103BD00000B585B0019000230293002303932BE0EE
:103BE000194A039B9B01134400221A70164A039B37
:103BF0009B0113443433154A1A60039BD9B2124A0D
:103C0000039B9B0113443C330A461A70039B9B01A0
:103C10000D4A9818019B1B68591C019A116019469E
:103C200007F0CAFA0A4B1846FDF75CFC029B013309
:103C30000293039B01330393039B002BD0DD029B74
:103C4000184605B05DF804FB640B0024D8980408FE
:103C50002D01020000B585B00190002302930023DE
:103C6000039336E01F4A039B9B01134403221A70FF
:103C70001C4A039B9B01134434331B4A1A60039B69
:103C8000D9B2184A039B9B0113443C330A461A706D
:103C9000039B9B01134A9818019B1B68591C019AAE
:103CA0001160194607F088FA104A039B52F8233036
:103CB00000211846FDF7C0FD0C4A039B52F8233043
:103CC0001846FDF70FFC029B01330293039B01335F
:103CD0000393039B022BC5DD029B184605B05DF8DC
:103CE00004FB00BFA40B0024EC98040814990408FA
:103CF00000B585B00190002302930023039341E0B7
:103D00002449039A13461B0113449B000B440522CC
:103D10001A702049039A13461B0113449B000B445D
:103D200034331D4A1A60039BD8B21A49039A1346CA
:103D30001B0113449B000B443C3302461A70154987
:103D4000039A13461B0113449B000B44403300228B
:103D50001A60039A13461B0113449B000D4A9818DE
:103D6000019B1B68591C019A1160194607F024FA3F
:103D700045231846FDF7B6FB029B01330293039BD4
:103D800001330393039B002BBADD029B184605B059
:103D90005DF804FB640C00240099040800B583B0AE
:103DA00000230193002300936B461846FFF710FF92
:103DB0000246019B134401936B461846FFF74AFFE6
:103DC0000246019B134401936B461846FFF790FF90
:103DD0000246019B134401930023184603B05DF88B
:103DE00004FB000082B0254B0193019B00221A6066
:103DF000019B00221A71019B0833214A1A60019B22
:103E0000083301221A71019B10331E4A1A60019B6C
:103E1000103305221A71019B18331A4A1A60019B4C
:103E2000183305221A71019B2033174A1A60019B2F
:103E3000203300221A71019B283308221A60019B4B
:103E4000283309221A71019B3033104A1A60019BF2
:103E5000303300221A71019B383300221A60019B13
:103E6000383309221A71019B403308221A60019BE2
:103E7000403309221A7100BF02B07047D80C0024E9
:103E8000B40C0024A80C0024C40C0024BC0C002496
:103E900000B585B0AC2200217A480EF03FF900232E
:103EA0000393E5E0039BAC2202FB03F3754A134442
:103EB0000293029B039A1A63029B032283F8402019
:103EC000029B0122A3F84820029B6F4A9A63029B3F
:103ED0006D4ADA63029B02225A64029B0193019BA2
:103EE00000225A60029B93F84030684ADB0013447A
:103EF0001B7903F00803002B0AD0029B1B6F029A68
:103F000092F840201146614A52F83120134406E0ED
:103F1000029B93F840301A465C4B53F832301A68D3
:103F2000019B1A60029B93F84030584ADB0013440F
:103F30001B7903F00803002B0AD0029B1B6F029A27
:103F400092F840201146514A52F83120134406E0BD
:103F5000029B93F840301A464C4B53F832301B68A2
:103F6000002B3ED1029B93F84030484ADB001344BB
:103F70001B7903F00803002B0AD0029B1B6F029AE7
:103F800092F840201146414A52F83120134406E08D
:103F9000029B93F840301A463C4B53F83230019A5A
:103FA0001A60029B93F84030384ADB0013441B79B7
:103FB00003F00803002B0AD0029B1B6F029A92F8B1
:103FC00040201146314A52F83120134406E0029B4A
:103FD00093F840301A462D4B53F83230019A5A600C
:103FE0003EE0029B93F84030284ADB0013441B79E3
:103FF00003F00803002B0AD0029B1B6F029A92F871
:1040000040201146214A52F83120134406E0029B19
:1040100093F840301A461D4B53F832301B68019A12
:104020005A60029B93F84030184ADB0013441B7916
:1040300003F00803002B0AD0029B1B6F029A92F830
:1040400040201146114A52F83120134406E0029BE9
:1040500093F840301A460D4B53F83230019A1A60EB
:104060000B49039B029A41F82320039B01330393DE
:10407000039B002B7FF716AF00BF00BF05B05DF8B4
:1040800004FB00BF240D002421410008D80C0024AB
:10409000B00C002400B585B00023039331E0039BEE
:1040A000AC2202FB03F31B4A134402931A4B1B6816
:1040B000013B039A13400193184B1A68019B9B0024
:1040C0001344029A1A60029B5B6CDBB21946029899
:1040D00002F072FF029801F03BFF029B002283F87E
:1040E000A820029812F060F9029802F02DFA0298C6
:1040F00002F0B4FF029B9B6803221A72039B0133F8
:104100000393039B002BCADD00BF00BF05B05DF821
:1041100004FB00BF240D0024D40C0024D00C002488
:1041200000B585B03A4B01221A70FFF75BFEFFF72E
:10413000AFFE374B02221A7006F046FC01AA02AB12
:10414000114618460FF002FE029B019A11461846CE
:104150000EF014FC0EF086FC1023039302E0039B88
:104160005B000393039B012BF9DD039B9B00184627
:104170000EF05EFC0346274A1360274A039B136038
:10418000FFF788FF254B00221A60214B03221A708B
:1041900000F0B2F823F0E2FA00F0B0F802F016FCFA
:1041A00002F000F801F05EF900F00EFE1CF0C4F819
:1041B00029F032FF11F0B4FF06F008FC144B042282
:1041C0001A700023039313E0039B002B0BDD039B6A
:1041D000AC2202FB03F3124A1344012200211846C9
:1041E00003F0C0F801E003F09BF8039B0133039355
:1041F000039B002BE8DD064B05221A7000F06AF8DD
:10420000034B06221A7000F06BFF12F0C3F8FCE7B4
:10421000200D0024D00C0024D40C0024CC0C00244D
:10422000240D002408B502F0BDFB00BF08BD00004E
:1042300000B58BB000230893FEF721FA03AB1846B4
:104240000CF00CFB64238DF80D304FF400630693E3
:1042500003AA0023019308AB0093134600220649EA
:10426000064801F025FF099003AB18460CF02FFB20
:1042700000BF0BB05DF804FB7564010820990408C9
:1042800000B583B001900091FFF7D2FF00231846DC
:1042900003B05DF804FB000000B587B002F026FC17
:1042A0000346039300230293084B01934FF40063EA
:1042B00000930023F0220221054801F0ABF90346E8
:1042C000059300BF07B05DF804FB00BF8142000802
:1042D0002C99040808B501220549064802F012FD90
:1042E000FFF7A0FFFFF7D8FF0023184608BD00BF67
:1042F000389904083C99040800BF704700B583B0A2
:104300000023019307E0084A019B084942F8331053
:10431000019B01330193019BA52BF4DDFDF70CFC00
:1043200000BF03B05DF804FBD00D0024A5440008D5
:1043300082B0EFF311830193019BDBB2184602B008
:10434000704782B00190019B83F3118800BF02B0D7
:10435000704700B583B0FFF7EBFF03468DF80730D9
:104360008020FFF7EEFF9DF80730184603B05DF898
:1043700004FB00B583B003468DF807309DF8073085
:104380001846FFF7DEFF00BF03B05DF804FB000036
:1043900000B589B00390029101926FF01503079365
:1043A000039BA52B27D8039B0693069B002B01DAC2
:1043B000069B21E0FFF7CDFF03468DF81730029BE7
:1043C000002B06D10398FDF74DFC0D4B0293002303
:1043D00001930C49069B029A41F83320094A069B37
:1043E000DB001344019A5A609DF817301846FFF716
:1043F000C0FF00230793079B184609B05DF804FB34
:10440000A5440008D00D002400B587B001900091AC
:10441000114B059300230493019B0393019BA52B50
:1044200010D8039B0D4A52F83330002B0AD0039B5F
:104430000A4A52F833300593039B084ADB001344C1
:104440005B680493059B049A00990198984700BF04
:1044500007B05DF804FB00BFA5440008D00D0024A0
:1044600082B0EFF311830193019BDBB2184602B0D7
:10447000704782B00190019B83F3118800BF02B0A6
:10448000704700B583B0FFF7EBFF03468DF80730A8
:104490008020FFF7EEFF9DF80730184603B05DF867
:1044A00004FB000000B585B0039002910192FFF774
:1044B000E8FF039B044A054903200DF0EDFF044A81
:1044C000002100200BF0FBFC5C99040840990408D3
:1044D0005499040882B0EFF311830193019BDBB27E
:1044E000184602B0704782B00190019B83F3118897
:1044F00000BF02B0704700B583B0FFF7EBFF034683
:104500008DF807308020FFF7EEFF9DF80730184642
:1045100003B05DF804FB00B583B003468DF80730A7
:104520009DF807301846FFF7DEFF00BF03B05DF8C7
:1045300004FB82B0EFF305830193019B184602B0A0
:10454000704784B00190019B0393039B1B6818463E
:1045500004B0704708B5FFF7ECFF0346002B14BF0B
:1045600001230023DBB2184608BD0000F0B58FB070
:104570000B900A910B9B0D9362E00D9B0C930D9B8E
:1045800009930C9B0A9A9A4202D90C9B1B6800E083
:1045900000230C9A043211460A9A8A4202D90C9AD4
:1045A000526800E000220C99083108460A998142BD
:1045B00002D90C99896800E000210C980C3004465F
:1045C0000A98A04202D90C98C06800E000200C9C18
:1045D000103425460A9CAC4202D90C9C246900E0A8
:1045E00000240C9D14352E460A9DB54202D90C9D1F
:1045F0006D6900E000250C9E183637460A9EBE42C3
:1046000002D90C9EB66900E000260C9F1C37BC4600
:104610000A9F674502D90C9FFF6900E000270797B2
:104620000696059504940390029101920093099BCC
:10463000074A084901200DF02FFF0D9B20330D93F1
:104640000D9A0A9B9A4298D900BF00BF0FB0F0BDE7
:10465000B89B0408A899040800B587B0039002919C
:1046600001920093019A009B13440593039B194AFE
:10467000194901200DF010FF019B164A174901202E
:104680000DF00AFF009B134A154901200DF004FFAD
:10469000029B002B12D0029B0E4A124901200DF002
:1046A000FBFE029B203B019A9A4202D8029B203BD0
:1046B000029305990298FFF759FF06E0019A009BC3
:1046C000134419460198FFF751FF00BF07B05DF88A
:1046D00004FB00BFC49B0408DC990408EC9904089F
:1046E000FC990408109A040800B58BB0039002915D
:1046F00000230493039BDB6E0793039B5B6E06937F
:10470000079A069B134405930023099300238DF811
:104710002330029A079B9A4206D3029A059B9A423B
:1047200002D2029B099308E001238DF82330029BFB
:104730000B4A0C4901200DF0AFFE099B002B03D161
:104740009DF82330002B07D000230093069B079A87
:1047500009990548FFF780FF00BF0BB05DF804FB27
:10476000D49B0408209A0408549A0408F0B5ADB00C
:10477000119010911BAB4022002118460DF0CEFC89
:104780001BAB40221946119800F0E4FE13AB202227
:104790001946119800F048FD13AB2C2118460DF076
:1047A00084FD2B902B9B002B02D02B9B20221A7078
:1047B000119B1B6B0D93119B9B68002B03D0119BCE
:1047C0009B681B6801E04FF0FF33119A92F8342088
:1047D0000E92119A526CD20802F003021A4951F853
:1047E00022200F921199496C01F00301174850F8EB
:1047F00021101198406C00F48070002801D05020E6
:1048000000E02D20119CA46F119D6D6F119EF66E1E
:10481000119F7F6E1BAA0B920D4A0A920997089668
:104820000795069413AC0594049003910F9A029295
:104830000E9A019200930D9B064A074901200DF044
:104840002BFE00BF2DB0F0BD989B0408A89B040868
:10485000A49A0408E09B04085C9A040808B5054A79
:10486000054901200DF018FE0021044800F08AFBE4
:1048700000BF08BDEC9B0408B09A04086D4700080F
:1048800000B583B001900091009811F099FC009858
:10489000FFF757FE034619460198FFF725FF00BFB3
:1048A00003B05DF804FB000000B5B1B009900891B9
:1048B0000792069300232F93099B9B68002B0CD033
:1048C000099B5B6C03F00303022B06D0099B9B68DA
:1048D0001B68184600F0E8FA2F900AAB18460BF058
:1048E000E7FB0AAA0AAB7D3303930AAB4A33029370
:1048F0000AAB353301930AAB153300931346184ABC
:10490000184901200DF0C8FD069B002B01D0069A26
:1049100000E0154A089B002B01D0089B00E0124BD9
:104920002F99002901D0114900E011490998C06B65
:10493000049003910D490291079901910093134648
:10494000074A0C4901200DF0A7FD32990998FFF79D
:1049500097FF08F009FC00BF31B05DF804FB00BF11
:10496000F89B0408209B0408489B0408A49A0408A8
:104970004C9B0408549B040800B585B00390029139
:1049800001920093FFF76AFF08F0EEFB08F0ECFBE2
:1049900000BF05B05DF804FB08B5FA2002F08DF801
:1049A000FBE7000000B58FB00590049103920293DD
:1049B000464B1B78DBB2042B8CBF012300238DF800
:1049C0003630FFF7C7FD0346002B02D0404B1B6873
:1049D00001E0404B1B680C933C4B1B78DBB2072B70
:1049E00001D1FFF7D9FF00238DF837309DF836301D
:1049F000002B06D0FFF77FFD03468DF8373000F01F
:104A00000DFBFFF7A7FD0346002B05D10C9B5B6C4C
:104A100003F00303022B02D12C4B07221A70029BD6
:104A2000002B05D12C480FF06FF92B4B029304E0BB
:104A3000D822029928480DF0D6FB0C9B0793029BC5
:104A40000893059B0A93049B0B93039B09931F4BAD
:104A50001B78DBB2072B14BF01230023DBB21A46FD
:104A600007AB1946104600F069F808F07DFB029B81
:104A70000093039B049A05990C98FFF715FF134BBD
:104A80001B78DBB2072B12D1029B0093039B049A85
:104A900005990C98FFF770FF07AB1946022000F04C
:104AA0004DF80021022000F0F3F8FFF775FF9DF8A4
:104AB0003630002B06D09DF837301846FFF72BFD17
:104AC00000F00EFB00BF0FB05DF804FB200D0024CA
:104AD000B00C0024A80C00240013002482B0EFF3D3
:104AE00011830193019BDBB2184602B0704782B07C
:104AF0000190019B83F3118800BF02B0704700B59D
:104B000083B0FFF7EBFF03468DF807308020FFF7F7
:104B1000EEFF9DF80730184603B05DF804FB00B5C2
:104B200083B003468DF807309DF807301846FFF72D
:104B3000DEFF00BF03B05DF804FB000000B589B0E4
:104B4000019000911A4B0593FFF7D9FF03468DF8AA
:104B500013304FF0FF33069300230393059B1B682C
:104B6000079315E0079B5B680293079B1B68009AFD
:104B7000019907989847039B002B04D0039B1B685F
:104B80005A1C039B1A60029B0793069B013B0693EA
:104B9000079B002B02D0069B002BE3D19DF813301E
:104BA0001846FFF7BCFF00BF09B05DF804FB00BF6B
:104BB000D813002482B0EFF311830193019BDBB281
:104BC000184602B0704782B00190019B83F31188B0
:104BD00000BF02B0704700B583B0FFF7EBFF03469C
:104BE0008DF807308020FFF7EEFF9DF8073018465C
:104BF00003B05DF804FB00B583B003468DF80730C1
:104C00009DF807301846FFF7DEFF00BF03B05DF8E0
:104C100004FB000000B589B001901C4B0593FFF721
:104C2000DAFF03468DF81330059B0793019B03932E
:104C30000023069313E0079B1B68039A9A4203D153
:104C40006FF0100306930EE0039B9A68079B1B68A6
:104C50009B689A4207DC079B1B6804330793079BFA
:104C60001B68002BE7D1069B002B06D1079B1A6817
:104C7000039B5A60079B039A1A609DF813301846ED
:104C8000FFF7B9FF00BF09B05DF804FBDC13002497
:104C900000B589B0019000911A4B0593FFF79BFF77
:104CA00003468DF813304FF0FF3306930023039330
:104CB000059B1B68079315E0079B5B680293079BA6
:104CC0001B68009A019907989847039B002B04D012
:104CD000039B1B685A1C039B1A60029B0793069B4D
:104CE000013B0693079B002B02D0069B002BE3D1D0
:104CF0009DF813301846FFF77EFF00BF09B05DF83E
:104D000004FB00BFDC13002488B00390029111461D
:104D10001A460B46ADF8063013468DF805300023D1
:104D200007931DE0029B0693069B9DF805201A72CF
:104D3000039B0593069B0493059B1A68049B1A60CA
:104D4000049B059A5A60059B1B68049A5A60059B50
:104D5000049A1A60029B2C330293079B013307933A
:104D6000BDF80630079A9A42DCDB029B184608B071
:104D7000704788B0039002911346ADF806300023C7
:104D8000079317E0039B0693029B0593069B1A6803
:104D9000059B1A60059B069A5A60069B1B68059A3C
:104DA0005A60069B059A1A60029B30330293079B58
:104DB00001330793BDF80630079A9A42E2DB029B63
:104DC000184608B07047000000B585B01A4B039331
:104DD0001A4B0293029B029A5A60029B5A68029BEA
:104DE0001A600023082203991448FFF78DFF0390EF
:104DF000134B0193019B019A5A60019B5A68019BD6
:104E00001A600223082203990D48FFF77DFF0390E3
:104E10000C4B0093009B009A5A60009B5A68009BC1
:104E20001A60082203990748FFF7A3FF039000BF09
:104E300005B05DF804FB00BFF0130024E01300246C
:104E4000E81300243018002482B0EFF3118301939B
:104E5000019BDBB2184602B0704782B00190019B03
:104E600083F3118800BF02B0704700B583B0FFF72D
:104E7000EBFF03468DF807308020FFF7EEFF9DF82B
:104E80000730184603B05DF804FB00B583B0034655
:104E90008DF807309DF807301846FFF7DEFF00BF9A
:104EA00003B05DF804FB000000B587B0019000235B
:104EB0000593FFF7DAFF03468DF81330174B1B6895
:104EC000002B21D0019B002B1EDB154B1B68013BE7
:104ED000019A13400393114B1A68039B9B001344E0
:104EE0001B68002B10D00D4B1A68039B9B001344CA
:104EF0001B681B6B019A9A4206D1084B1A68039BE8
:104F00009B0013441B6805939DF813301846FFF768
:104F1000BCFF059B184607B05DF804FBD00C0024CD
:104F2000D40C002482B0EFF311830193019BDBB218
:104F3000184602B0704782B00190019B83F311883C
:104F400000BF02B0704700B583B0FFF7EBFF034628
:104F50008DF807308020FFF7EEFF9DF807301846E8
:104F600003B05DF804FB00B583B003468DF807304D
:104F70009DF807301846FFF7DEFF00BF03B05DF86D
:104F800004FB000000B585B001900091FFF7DBFF46
:104F900003468DF80B3000F041F80023039314E032
:104FA000124B1A68039B9B0013441B68002B09D00B
:104FB0000E4B1A68039B9B0013441A68019B0099CF
:104FC00010469847039B01330393094B1B68039AD0
:104FD0009A42E5DB00F084F89DF80B301846FFF7A5
:104FE000C2FF00BF05B05DF804FB00BFD00C002479
:104FF000D40C002482B0EFF305830193019B184683
:1050000002B0704708B5FFF7F5FF0346002B14BF49
:1050100001230023DBB2184608BD000000B583B0B1
:10502000FFF7F0FF034683F00103DBB2002B0FD044
:10503000094B1B680193019B002B09D0019BB3F91D
:1050400048309BB201339BB21AB2019BA3F84820AF
:1050500000BF03B05DF804FBA80C002482B0EFF39E
:1050600011830193019BDBB2184602B0704782B0F6
:105070000190019B83F3118800BF02B0704700B517
:1050800083B0FFF7EBFF03468DF807308020FFF772
:10509000EEFF9DF80730184603B05DF804FB00B53D
:1050A00083B003468DF807309DF807301846FFF7A8
:1050B000DEFF00BF03B05DF804FB82B0EFF30583B1
:1050C0000193019B184602B0704708B5FFF7F5FF42
:1050D0000346002B14BF01230023DBB2184608BD92
:1050E00000B585B0FFF7F1FF034683F00103DBB2A3
:1050F000002B4AD0274B1B680193019B002B3BD010
:10510000019BB3F94830012B36D1FFF7B8FF0346B6
:105110008DF80F30019B0022A3F848201E4B1B681E
:105120000293029B002B0ED000F0C6F80346002B22
:1051300009D0FFF7CAFF034683F00103DBB2002B5F
:1051400001D0022000DF019B5B6C03F01803082BE9
:105150000BD1019BDB6C002B07D10E4B1A68019B16
:105160009A4202D0019B1422DA649DF80F3018464F
:10517000FFF795FF00BF08E0019BB3F9482092B20A
:10518000013A92B212B2A3F8482000BF05B05DF810
:1051900004FB00BFA80C0024B40C002484B00190D0
:1051A000019B1B6823F000430393039A054B1340B4
:1051B000044A934201D0039B01E04FF0FF331846AD
:1051C00004B07047FEFFFF7F82B0EFF311830193BD
:1051D000019BDBB2184602B0704782B00190019B80
:1051E00083F3118800BF02B0704700B583B0FFF7AA
:1051F000EBFF03468DF807308020FFF7EEFF9DF8A8
:105200000730184603B05DF804FB00B583B00346D1
:105210008DF807309DF807301846FFF7DEFF00BF16
:1052200003B05DF804FB000000B587B00390029165
:105230000192FFF7DAFF03468DF81730039B93F8CE
:105240004030052B18D1039B1B6F1B7903F004031F
:10525000002B11D0039B1B6F1846FFF79FFF049094
:105260009DF817301846FFF7D0FF049B0D4A0199AF
:1052700002980BF032FB11E09DF817301846FFF74B
:10528000C4FF039B93F840301A46074B53F8223073
:10529000019A194602980CF057FF00BF00BF07B0F3
:1052A0005DF804FB889C04089C9C040882B0019073
:1052B000009100BF02B0704786B000238DF80F3018
:1052C0002E4B1B680493049BB3F94830002B50DC31
:1052D0002B4B1B68059343E0059B1B68029302E080
:1052E000049B1B680493049B002B07D0059B93F839
:1052F0003420049B93F834309A42F1D9049B5B68C4
:105300000193019B002B17D1059B049A1A60059B02
:1053100000225A60049B059A5A60184A059B136044
:10532000049B022283F84020059B032283F840203F
:1053300001238DF80F300FE0059B049A1A60059B3E
:10534000019A5A60019B059A1A60049B059A5A605B
:10535000059B022283F84020059B0493029B059342
:10536000059B002BB8D1064B00221A60044B00228B
:105370005A609DF80F30184606B07047A80C0024FC
:10538000B40C002486B00390029111461A460B46D5
:10539000ADF8063013468DF805300023059320E064
:1053A000029B9DF805201A77029B03F120020292CE
:1053B0000493049B00221A60039B1B68002B06D1F8
:1053C000039B049A1A60039B049A5A6006E0039BAD
:1053D0005B68049A1A60039B049A5A60059B013328
:1053E0000593BDF80630059A9A42D9DB029B184610
:1053F00006B0704786B00390029111461A460B46DC
:10540000ADF8063013468DF805300023059320E0F3
:10541000029B9DF805201A75029B03F11802029267
:105420000493049B00221A60039B1B68002B06D187
:10543000039B049A1A60039B049A5A6006E0039B3C
:105440005B68049A1A60039B049A5A60059B0133B7
:105450000593BDF80630059A9A42D9DB029B18469F
:1054600006B0704700B583B01F4B01931F4B00225D
:105470001A601E4B00225A601D4B00221A601C4B02
:1054800000225A601B4B00221A601A4B00225A60FD
:10549000194B00221A60184B00225A60174B002249
:1054A0001A60164B00225A6000230422019910480A
:1054B000FFF768FF01900223082201990D48FFF7CA
:1054C00061FF01900023042201990B48FFF792FF2E
:1054D00001900223082201990848FFF78BFF0190F1
:1054E00000BF03B05DF804FB6018002438180024E6
:1054F000401800244818002450180024581800248C
:1055000000B587B0019000230593019B002B18D0B4
:10551000019B0E4AA2FB03239B0C0493049B029362
:10552000049B0B4A02FB03F3019AD31A4FF47A72DD
:1055300002FB03F3039302AB0021184602F067FE5F
:105540000590059B184607B05DF804FB83DE1B43FE
:1055500040420F0000B58BB00590049103920023E8
:105560000993059B002B06D0039B002B03D0059BC2
:105570001B6B002B04DC049B00221A70002340E00C
:10558000059B5B6C03F00303012B13D1059B079371
:10559000079BDA6B079BD3F8B030009313461B4A86
:1055A000039904980BF099F903461A46099B134492
:1055B000099320E0059802F0C8FB034604330893E2
:1055C00011E0049A099BD018039A099BD11A089BF1
:1055D0001A1D08921B680E4A0BF07FF903461A4603
:1055E000099B13440993089B1B68002B03D0099A5D
:1055F000039B9A42E5D3039B5A1E099B934228BF03
:10560000134618460BB05DF804FB00BFC09C0408AD
:10561000C89C040800B58FB00990079206930B460A
:105620008DF823309DF82330022B01D1AC2301E00B
:105630004FF4567318460DF0FBF90D900D9B002B9F
:1056400002D16FF00B0326E09DF8233043F40043B2
:105650001A460D9B5A64109B00220492139A0392DF
:10566000129A0292119A01920093069B079A099945
:105670000D9800F087F80C900C9B002B04DA0D9825
:105680000DF090F90C9B06E00D9B1B6B0B930D9896
:1056900000F0A8FB0B9B18460FB05DF804FB00B5AB
:1056A00089B007900691059204930C9B002B03D1BF
:1056B00001F01CFA034600E00C9B03930B9B029342
:1056C0000A9B0193049B0093059B069A002107986F
:1056D000FFF7A0FF0346184609B05DF804FB00B5CC
:1056E0008BB00790069105920493002302930D9BC3
:1056F00001930C9B0093049B059A06990798FFF76A
:10570000CEFF0990099B002B08DA0AF0F3FB024652
:10571000099B5B4213604FF0FF330993099B1846C6
:105720000BB05DF804FB00B587B0059004910392BF
:105730000293089B0193029B0093039B0022049910
:105740000598FFF7CCFF0346184607B05DF804FB49
:1057500000B589B007900691059204930023039346
:105760000B9B02930A9B0193049B0093059B069A53
:1057700002210798FFF74EFF0346184609B05DF86F
:1057800004FB000000B589B00590049103920293D8
:10579000059B5B6CDBB203F003038DF81B30059BAC
:1057A0005B6CDBB21946059801F006FC0790079B7D
:1057B000002B01DA079B75E0059B184600F0C8FB3B
:1057C000059B002283F8A820059B9B680D9918462D
:1057D00001F0C9F90790079B002B41DB01220E99CC
:1057E000059801F0BFFD0790079B002B3ADB029B59
:1057F000002B07D0059B0A9A0299184610F099FDD4
:10580000079007E0059B9DF81B200A99184610F0A9
:1058100027FC0790079B002B26DB9DF81B3000938D
:105820000B9B224A0399059800F086FA0790079B84
:10583000002B1BDB059B184600F086FE0790079B9C
:10584000002B15DB0C9A0499059800F0D1F907900C
:10585000079B002B0EDB059801F000FC079B21E065
:1058600000BF08E000BF06E000BF04E000BF02E0A8
:1058700000BF00E000BF029B002B0AD1059B9B6E7E
:10588000002B06D0059B9DF81B201146184610F0F2
:1058900067FC059B184600F04FFB059B184601F07E
:1058A000C5FC079B184609B05DF804FB395E00088B
:1058B00000B587B00190019B0593059B5B6804933D
:1058C000059B1B680393049B002B03D1124A039B87
:1058D000136002E0049B039A1A60039B002B03D120
:1058E0000D4A049B536002E0039B049A5A60059B97
:1058F00000221A60059B00225A60019B5B6CDBB2A0
:1059000003F00303DBB21946019802F03BF900BF34
:1059100007B05DF804FB00BFC40C002482B0EFF3B5
:1059200011830193019BDBB2184602B0704782B02D
:105930000190019B83F3118800BF02B0704700B54E
:1059400083B0FFF7EBFF03468DF807308020FFF7A9
:10595000EEFF9DF80730184603B05DF804FB00B574
:1059600083B003468DF807309DF807301846FFF7DF
:10597000DEFF00BF03B05DF804FB000000B589B096
:105980000190FFF7DCFF03468DF81730534B1B687F
:1059900001330793002306932CE0079B002B01DCC7
:1059A000012307934E4B1B68013B079A1340029358
:1059B0004C4B1A68029B9B0013441B68002B13D1AD
:1059C000484B1A68029B9B001344019A1A60019B82
:1059D000079A1A63414A079B13609DF817301846CF
:1059E000FFF7BDFF002374E0079B01330793069B7D
:1059F000013306933A4B1B68069A9A42CDDB394B2A
:105A00001B6804939DF817301846FFF7A8FF344B26
:105A10001B68DB0018460DF00BF80390039B002B6E
:105A200002D16FF00B0354E0FFF789FF03468DF8B6
:105A300017302C4B1B68049A9A4208D09DF81730F7
:105A40001846FFF78CFF03980CF0ACFF99E7244B46
:105A50001B685B00224A13600023069323E0214B5E
:105A60001A68069B9B0013441B68002B17D01D4B24
:105A70001A68069B9B0013441B681A6B184B1B6823
:105A8000013B13400293174B1A68069B9B001A4474
:105A9000029B9B0003990B4412681A6000E000BF50
:105AA000069B013306930E4B1B68002B00DA013373
:105AB0005B101A46069B9342D1DB0A4A039B136094
:105AC0009DF817301846FFF74AFF04980CF06AFF5C
:105AD00057E7184609B05DF804FB00BFCC0C002462
:105AE000D40C0024D00C002400B589B0039002919E
:105AF000019200933C4B1B6807930398FFF73EFF0E
:105B00000690069B002B69D1029BDAB2039B83F8B7
:105B10003420029BDAB2039B83F83520039B019A61
:105B20009A63009A039BDA639DF8283003F003031D
:105B30008DF82830039B5B6C23F00302039B5A64AF
:105B4000039B5A6C9DF828301A43039B5A64039BAD
:105B50005B6C23F01802039B5A64039B5B6C43F05D
:105B60000802039B5A64039B1422DA64039B079A7E
:105B70007433743292E8030083E80300039B00222D
:105B800083F84020039810F00FFCFFF7D8FE03467F
:105B90008DF81730039B0493049B00225A60134B2B
:105BA0001A68049B1A60114B1B68002B06D10F4A20
:105BB000049B13600D4A049B536006E00B4B1B686B
:105BC000049A5A60094A049B1360039B042283F8D9
:105BD00040209DF817301846FFF7C1FE069B184677
:105BE00009B05DF804FB00BFA80C0024C40C00241D
:105BF00000B58DB0039002910192029B002B01D160
:105C00004C4B029302980CF0F0FB034601330A93CD
:105C100000230993019B002B26D01EE0099B9B00CB
:105C2000019A13441B6818460CF0DFFB02460A9BDE
:105C3000134401330A93039B5B6E0A9A9A4202D380
:105C40006FF0230372E0099B01330993099BB3F5BD
:105C5000807F02DD6FF0060368E0099B9B00019ADC
:105C600013441B68002BD9D1099B02339B00079377
:105C70000398079A0A9B1344194610F02DFB0690CF
:105C8000069B002B02D16FF00B034FE0069A079B97
:105C900013440B93069B0B9A1A6002980CF0A5FB19
:105CA0000346013305930A9A02990B980CF04CFABB
:105CB000059B0B9A13440B93059B0A9AD31A0A93DC
:105CC0000023089326E0089B01339B00069A1344A7
:105CD0000B9A1A60089B9B00019A13441B68184694
:105CE0000CF083FB034601330593089B9B00019A4C
:105CF00013441B680A9A19460B980CF025FA059B69
:105D00000B9A13440B93059B0A9AD31A0A93089B88
:105D100001330893089A099B9A42D4DB099B01330B
:105D20009B00069A134400221A60002318460DB007
:105D30005DF804FBCC9C040800B587B00590049185
:105D4000039202939DF820300093029B039A0499DA
:105D50000598FFF7C9FE0346184607B05DF804FB37
:105D600082B0EFF311830193019BDBB2184602B0BE
:105D7000704782B00190019B83F3118800BF02B08D
:105D8000704700B583B0FFF7EBFF03468DF807308F
:105D90008020FFF7EEFF9DF80730184603B05DF84E
:105DA00004FB00B583B003468DF807309DF807303B
:105DB0001846FFF7DEFF00BF03B05DF804FB82B0BA
:105DC000EFF305830193019B184602B0704708B5B5
:105DD000FFF7F5FF0346002B14BF01230023DBB2BE
:105DE000184608BD00B585B00190FFF7CAFF03460D
:105DF0008DF80F300F4B1B680293019801F002FEE3
:105E0000019801F0BBFD0346002B09D0FFF7DFFF2F
:105E1000034683F00103DBB2002B01D0022000DF38
:105E20009DF80F301846FFF7BCFF00BF05B05DF8C6
:105E300004FB00BFA80C002400B587B01A4B1B68F8
:105E40000393039B5B6CDBB203F003038DF80B3011
:105E500001230593039801F078FF01900023049338
:105E600002E0049B01330493019B002B06D0049BAA
:105E70009B00019A13441B68002BF2D19DF80B3054
:105E8000022B06D1039BDB6B019904989847059080
:105E900006E0039BDB6B019A049918460AF0AEFA00
:105EA000059800F025F800BFA80C002482B0EFF39D
:105EB00011830193019BDBB2184602B0704782B098
:105EC0000190019B83F3118800BF02B0704700B5B9
:105ED00083B0FFF7EBFF03468DF807308020FFF714
:105EE000EEFF9DF80730184603B05DF804FB000094
:105EF00000B585B001900F4B1B680393019BDBB28B
:105F00000193039B5B6C03F00303022B02D0039805
:105F100001F0C0FAFFF7DBFF039B5B6C43F4807278
:105F2000039B5A640199039802F031FA019810F02A
:105F3000E1F800BFA80C002400B583B00190019BDC
:105F40001C33184601F010FF00BF03B05DF804FBDE
:105F500000B583B00190019B00221A61019B0022D1
:105F60005A61019B1C330022002118460AF055FAA1
:105F700000BF03B05DF804FB00B58FB00990089135
:105F8000079206934FF456700CF052FD0D900D9B46
:105F9000002B02D16FF00B0335E00D9B4FF4004254
:105FA0005A64069B139A0492129A0392119A0292CF
:105FB000109A01920093079B089A09990D98FFF790
:105FC000E1FB0C900C9B002B04DA0D980CF0EAFC22
:105FD0000C9B18E00D9B1B6B0B93149B002B07D0A5
:105FE00014990B9802F060FA0C900C9B002B05DBC7
:105FF0000D9B1846FFF7F6FE0B9B04E000BF0D98C3
:10600000FFF756FC0C9B18460FB05DF804FB10B56B
:1060100090B0099008910792069300230F930023F4
:106020000C93129B002B09D0129B5B780D93129B53
:10603000DB680E93129B1B690F930FE00AAB1946A6
:10604000002001F021FE0C900C9B002B01DA0C9B30
:106050002BE00A9B0D934FF400630E930E9C149B50
:10606000002B03D100F042FD034600E0149B129A7E
:106070000492069A03920293139B0193079B009349
:1060800023460F9A0D990898FFF776FF0B900B9B0C
:10609000002B03DA0B9B0C930C9B06E00B9B002B55
:1060A00002D0099B0B9A1A600C9B184610B010BDC9
:1060B00000B58BB007900691059204934FF0FF3323
:1060C0000893059B002B02D0059B1B6800E0002372
:1060D00008A80D9A02920C9A0192049A0092069ACC
:1060E0000799FFF794FF0990099B002B01DB089BA0
:1060F00000E0099B18460BB05DF804FB82B0EFF39B
:1061000011830193019BDBB2184602B0704782B045
:106110000190019B83F3118800BF02B0704700B566
:1061200083B0FFF7EBFF03468DF807308020FFF7C1
:10613000EEFF9DF80730184603B05DF804FB00B58C
:1061400083B003468DF807309DF807301846FFF7F7
:10615000DEFF00BF03B05DF804FB84B00190009146
:10616000019B1B680393009B1B68002B15D0039BAE
:10617000002B12D0009B5B68039A9A4206D1009BC9
:10618000019A5A60019B00221A6003E0039B1A687F
:10619000019B1A60039B00221A60039B184604B0FF
:1061A0007047000082B01F4B00221A601D4B002276
:1061B0005A600023019329E01B49019A13461B01F1
:1061C0009B1A9B000B44083301221A70019A134654
:1061D0001B019B1A9B00144A13440093009B00224E
:1061E0001A60104B1B68002B06D10E4A009B1360EF
:1061F0000C4A009B536006E00A4B5B68009A1A60E9
:10620000084A009B5360019B01330193019B032BC0
:10621000D2DD064B00221A60044B00225A6000BFF8
:1062200002B07047F01B0024001B0024F81B002460
:1062300000B58DB001900023029300230393FFF774
:106240006EFF03468DF823304C4B1B680B934DE0DB
:106250000B9B1B6807930B9BDB68019A9A4243D107
:106260000B9B0593454B1B68002B2BD0059B002BEC
:1062700028D0424B1B68059A9A4210D13F4A059B91
:106280001B6813603D4B5B68059A9A4203D13B4BF8
:1062900000225A6016E0059B00221A6012E0374B7C
:1062A0001B680A930BE00A9B1B68059A9A4203D16C
:1062B00032490A98FFF751FF0A9B1B680A930A9B11
:1062C000002BF0D10B9B0493049B00221A60029BCD
:1062D000002B04D1049B0293049B039304E0039BD3
:1062E000049A1A60049B0393079B0B930B9B002B50
:1062F000AED19DF823301846FFF721FF029B0B9388
:1063000034E00B9B1B6807930B9B0693029B002BAF
:1063100027D0069B002B24D0029B069A9A420DD1CF
:10632000069B1B680293039B069A9A4202D10023A4
:10633000039316E0069B00221A6012E0029B099369
:106340000CE0099B1B68069A9A4204D102AB1946DD
:106350000998FFF702FF099B1B680993099B002B13
:10636000EFD10B9800F0CEF8079B0B930B9B002B03
:10637000C7D100BF00BF0DB05DF804FBF81B0024BF
:1063800082B0EFF311830193019BDBB2184602B098
:10639000704782B00190019B83F3118800BF02B067
:1063A000704700B583B0FFF7EBFF03468DF8073069
:1063B0008020FFF7EEFF9DF80730184603B05DF828
:1063C00004FB00B583B003468DF807309DF8073015
:1063D0001846FFF7DEFF00BF03B05DF804FB84B092
:1063E00001900091019B1B680393009B1B68002B8D
:1063F00015D0039B002B12D0009B5B68039A9A4236
:1064000006D1009B019A5A60019B00221A6003E0AA
:10641000039B1A68019B1A60039B00221A60039B6E
:10642000184604B07047000000B587B00190FFF730
:10643000B8FF03468DF81330019B03932F4B1B6865
:10644000002B2BD0039B002B28D02C4B1B68039ACE
:106450009A4210D1294A039B1B681360274B5B6843
:10646000039A9A4203D1254B00225A6016E0039BFF
:1064700000221A6012E0214B1B6805930BE0059B7C
:106480001B68039A9A4203D11C490598FFF7A7FF9E
:10649000059B1B680593059B002BF0D1019B1B7A84
:1064A00003F00103002B1CD0019B0293029B0022EE
:1064B0001A60134B1B68002B06D1114A029B136014
:1064C0000F4A029B536006E00D4B5B68029A1A600C
:1064D0000B4A029B53609DF813301846FFF771FF7B
:1064E00007E09DF813301846FFF76BFF01980CF09A
:1064F00059FA00BF07B05DF804FB00BFF81B002489
:10650000F01B002400B583B00190019B002B02D149
:106510006FF0150314E0019B5B7A012B07D9019BF7
:106520005B7A013BDAB2019B5A72012308E0019BBE
:106530001C33184600F05CF80198FFF775FF002344
:10654000184603B05DF804FB00B585B0019010213A
:1065500001980FF0C1FE0390039B002B02D16FF056
:106560000B0312E0019BDA6E019B9B6ED31A9AB269
:10657000039BDA80019B9B68D3F80422039B1A607B
:10658000019B1A6B039BDA600023184605B05DF887
:1065900004FB82B0EFF311830193019BDBB2184639
:1065A00002B0704782B00190019B83F3118800BF55
:1065B00002B0704700B583B0FFF7EBFF03468DF8DC
:1065C00007308020FFF7EEFF9DF80730184603B034
:1065D0005DF804FB00B583B003468DF807309DF8E5
:1065E00007301846FFF7DEFF00BF03B05DF804FB7D
:1065F00000B585B00190FFF7DDFF03468DF80F3041
:10660000019B002B03D0019BDB68002B07D19DF879
:106610000F301846FFF7DEFF6FF0150324E0144B30
:106620005A68019B9A420CBF012300238DF80E305B
:10663000019B0293029B5B68029A12681A60029B9C
:106640001B68029A52685A60029B00225A60029BA1
:106650005A68029B1A60019B0022DA609DF80F3095
:106660001846FFF7B7FF0023184605B05DF804FB96
:106670001C01002482B0EFF311830193019BDBB274
:10668000184602B0704782B00190019B83F31188D5
:1066900000BF02B0704700B583B0FFF7EBFF0346C1
:1066A0008DF807308020FFF7EEFF9DF80730184681
:1066B00003B05DF804FB00B583B003468DF80730E6
:1066C0009DF807301846FFF7DEFF00BF03B05DF806
:1066D00004FB000000B58BB001900023079300F08D
:1066E0007CF90690019BDB680993099B5B68089322
:1066F00043E0099B9B68069AD31A002B09DA019B99
:1067000003F13400099B9968019B214A02F0C0FA09
:1067100039E0099B0593059B5B68059A12681A602E
:10672000059B1B68059A52685A60059B00225A60B7
:10673000059B5A68059B1A60019B0493099B039370
:10674000049B1A68039B1A60039B049A5A60049B7B
:106750001B68039A5A60049B039A1A60079B5A1C91
:106760000792002B04D0019B1033184609F06AFFF2
:10677000089B0993089B5B680893099A019B08335F
:106780009A42B6D100BF00BF0BB05DF804FB00BF5A
:106790008969000800B58BB001900091009B04331B
:1067A0001B681022002118460AF03FF9034608939F
:1067B000009B08331B681022002118460AF035F9A7
:1067C0000346079368E0FFF766FF03468DF827301E
:1067D000FEF724FC089B1B6C002B02D10898FFF7E6
:1067E00079FF089B5A68089B9A4249D0089B5B68CE
:1067F0000693069B0593059B5B68059A12681A60D1
:10680000059B1B68059A52685A60059B00225A60D6
:10681000059B5A68059B1A60069BDB680493069BE0
:106820001B690393069B0022DA60079B069A5A6055
:106830009DF827301846FFF73EFFFEF751FC049BFA
:1068400003989847FFF727FF03468DF82730FEF798
:10685000E5FB079B00225A600DE0079BB3F9183057
:106860009BB2013B9BB21AB2079B1A83079B08336A
:10687000184609F0E7FE079BB3F91830002BECDC53
:106880009DF827301846FFF716FFFEF729FC089BF6
:106890001033184601F042FC089B93F8323083F025
:1068A0000103DBB2002B8ED1089B2033184609F080
:1068B000C9FE002318460BB05DF804FB00B59DB07F
:1068C00005900491039202931E9B48331A93FEF79E
:1068D000A5FB00231B9345E01B9A1346DB009B1A84
:1068E0009B001A461A9B13440833002200211846C5
:1068F00009F093FD0EA81E9B214A202109F0EDFF0F
:106900001B9A1346DB009B1A9B001A461A9B1344E2
:1069100006A81B4A202109F0E0FF0EAB169306AB38
:1069200017930023189316AB0193164B0093029B09
:10693000039A04990598FEF70BFF1990199B002BF9
:1069400003DAFEF7CDFB199B16E01B9A1346DB001A
:106950009B1A9B001A461A9B1344199A1A601B9B98
:1069600001331B931E9B93F831301A461B9B9342B5
:10697000B2DBFEF7B5FB002318461DB05DF804FB43
:10698000D89C04089567000800B585B00190019B6C
:106990000393039B1033184609F054FE00BF05B063
:1069A0005DF804FB00B583B0064B00934FF4006321
:1069B0000022E0210448FFF781FF0346184603B098
:1069C0005DF804FBB8000024DC9C040808B50DF059
:1069D00041FC00F023F800BF08BD08B500F018F82E
:1069E0000346184608BD000082B00190074A019B8B
:1069F000BFF35B8F52E8000F184442E80001002902
:106A0000F8D1BFF35B8F00BF02B07047001C0024B9
:106A1000014B1B6818467047001C002400BF7047DC
:106A200084B001900EE00023039302E0039B013346
:106A30000393039B4AF65E029342F7DD019BA3F5A5
:106A40007A730193019BB3F57A7FECD80DE00023B4
:106A5000039302E0039B01330393039B41F2D502AE
:106A60009342F7DD019B643B0193019B642BEED8BD
:106A70000CE00023039302E0039B01330393039B89
:106A8000B3F5D77FF8DD019B0A3B0193019B0A2BED
:106A9000EFD80BE00023039302E0039B0133039341
:106AA000039B2A2BF9DD019B013B0193019B002BEA
:106AB000F0D100BF00BF04B0704700B583B00190B3
:106AC000019B4FF47A7202FB03F3184600F004F8BE
:106AD00000BF03B05DF804FB00B583B001900198DE
:106AE000FFF79EFF00BF03B05DF804FB82B0054BCB
:106AF0001B680193019B9B68D3F81832184602B0BB
:106B0000704700BFA80C002482B0EFF311830193FB
:106B1000019BDBB2184602B0704782B00190019B26
:106B200083F3118800BF02B0704700B583B0FFF750
:106B3000EBFF03468DF807308020FFF7EEFF9DF84E
:106B40000730184603B05DF804FB00B583B0034678
:106B50008DF807309DF807301846FFF7DEFF00BFBD
:106B600003B05DF804FB10B588B0019000910023DC
:106B700007930023069300230593009B002B00F04E
:106B80008D80019BD3F81832002B40F08780FFF7EF
:106B9000CCFF03468DF8133002E0069B01330693C9
:106BA000069B9B00009A13441B68002BF5D1069AA4
:106BB000019BC3F82022069B05331A46019BC3F8AC
:106BC0001C22069B002B60D0019BD3F81C329B003B
:106BD00018460BF0F7FE03460793079B002B03D1E3
:106BE0006FF00B03059350E0069B9B00079A13443C
:106BF00000221A6044E0069B9B00009A13441B6825
:106C000018460BF0F2FB034601330393069B9B00EF
:106C1000079AD41803980BF0D5FE03462360069B11
:106C20009B00079A13441B68002B1BD107E0069BAF
:106C30009B00079A13441B6818460BF0B3FE069B93
:106C400001330693069B9B00079A13441B68002B95
:106C5000EDD107980BF0A6FE002307936FF00B030E
:106C6000059312E0069B9B00079A13441868069B45
:106C70009B00009A13441B68039A19460BF064FAB0
:106C8000069B5A1E0692002BB5D1019B079AC3F8AA
:106C900018229DF813301846FFF757FF059B18463A
:106CA00008B010BD82B0EFF311830193019BDBB2FA
:106CB000184602B0704782B00190019B83F311889F
:106CC00000BF02B0704700B583B0FFF7EBFF03468B
:106CD0008DF807308020FFF7EEFF9DF8073018464B
:106CE00003B05DF804FB00B583B003468DF80730B0
:106CF0009DF807301846FFF7DEFF00BF03B05DF8D0
:106D000004FB000010B590B005900491039200239D
:106D10000F93059B002B02D116230F93BDE0049B1C
:106D2000002B03D0049B1B78002B09D1039B002B65
:106D300004D0059800F0F0F80346B5E00023B3E076
:106D4000FFF7C1FF03468DF83B30594B1B680D938D
:106D50000D9B9B680C930C9BD3F81832002B15D01D
:106D600005990C9802F05DF80F900F9B002B0DDB3E
:106D7000039B002B06D19DF83B301846FFF7B3FF6D
:106D8000002391E00F990C9802F07CF805980BF025
:106D90002CFB044604980BF028FB034623440233E3
:106DA0000B930B9B18460BF00DFE03460A930A9BB0
:106DB000002B02D10C230F936AE00C9BD3F82032F6
:106DC00009930C9BD3F81832002B17D10623089394
:106DD000089B9B0018460BF0F5FD03460793079BA5
:106DE000002B02D10C230F934FE00C9B079AC3F8A2
:106DF00018220C9B089AC3F81C2221E00C9BD3F8A4
:106E00001C32013B099A9A421ADB099B063308930C
:106E10000C9BD3F81822089B9B00194610460BF0D8
:106E2000EBFD0790079B002B02D10C230F932CE066
:106E30000C9B079AC3F818220C9B089AC3F81C22D3
:106E40000C9BD3F81822099B591C09919B001344F1
:106E50000A9A1A600C9BD3F81822099B9B001344D2
:106E600000221A600C9B099AC3F820220B99049BFC
:106E70000093059B0F4A0A9809F02FFD9DF83B30BF
:106E80001846FFF730FF00230EE00A980BF08AFD4A
:106E90009DF83B301846FFF726FF09F02BF8024615
:106EA0000F9B13604FF0FF33184610B010BD00BFAA
:106EB000A80C0024E49C040882B0EFF31183019332
:106EC000019BDBB2184602B0704782B00190019B73
:106ED00083F3118800BF02B0704700B583B0FFF79D
:106EE000EBFF03468DF807308020FFF7EEFF9DF89B
:106EF0000730184603B05DF804FB00B583B00346C5
:106F00008DF807309DF807301846FFF7DEFF00BF09
:106F100003B05DF804FB000000B587B001901D4B85
:106F20001B680593059B9B680493019B002B0AD06B
:106F3000019B1B78002B06D03D2101980BF0B5F981
:106F40000346002B07D008F0D5FF034616221A602F
:106F50004FF0FF3319E0FFF7C0FF03468DF80F3005
:106F6000049B002B0BD00199049801F05AFF02906A
:106F7000029B002B03DB0299049801F083FF9DF82C
:106F80000F301846FFF7B9FF0023184607B05DF829
:106F900004FB00BFA80C002400B583B00190019B46
:106FA00000221A61019B184609F002F903461846AF
:106FB00003B05DF804FB000000B585B001900B46FE
:106FC0008DF803309DF8033003F003038DF8033090
:106FD0009DF80330022B0BD11F4B0393019B039AA7
:106FE0009A60039BD3F80432002B04D000232EE0D8
:106FF000019BAC330393039B0022DA60039B0022C6
:107000001A61019B039A9A60039B03F50A73184661
:1070100020F0C0FD039801F0E8FC0290029B002BD9
:1070200001DA029B13E0039B03F526731846FFF772
:10703000B3FF039B0022DA62039B00221A63039BC7
:10704000183300220021184609F0E7F900231846FA
:1070500005B05DF804FB00BF0C1C002400B585B032
:107060000190019B9B680393039B002283F8942269
:10707000039B03F51D72019B5B6C03F00203002B65
:1070800014BF01230023DBB2194610460BF0F4FDB8
:10709000019B0C330293029B00221A60039BDB6866
:1070A000002B06D1039B029ADA60039B029A1A61B5
:1070B00006E0039B1B69029A1A60039B029A1A61FD
:1070C000039B054A934203D0019B1A6B039B1A60F2
:1070D00000BF05B05DF804FB0C1C002484B00190D7
:1070E0000091019B1B680393009B1B68002B15D02C
:1070F000039B002B12D0009B5B68039A9A4206D137
:10710000009B019A5A60019B00221A6003E0039BD6
:107110001A68019B1A60039B00221A60039B1846A1
:1071200004B0704700B583B00190019B184600F091
:107130001BFE0346184603B05DF804FB00B585B09E
:107140000190019B1846FFF7EDFF0390039B002B76
:1071500002DB019B00221A61039B184605B05DF813
:1071600004FB82B0EFF311830193019BDBB218465D
:1071700002B0704782B00190019B83F3118800BF79
:1071800002B0704700B583B0FFF7EBFF03468DF800
:1071900007308020FFF7EEFF9DF80730184603B058
:1071A0005DF804FB00B583B003468DF807309DF809
:1071B00007301846FFF7DEFF00BF03B05DF804FBA1
:1071C00000B583B001900B468DF80330019B03F5A9
:1071D00026731846FFF7B2FF019801F087FC01986B
:1071E00000F0F1FF019800F03CFB019B03F50A73EE
:1071F000184620F0E4FC019801F0BEFD019B03F568
:107200001D7318460BF050FD9DF80330012B09D17A
:10721000019B1B7A43F00403DAB2019B1A720198B6
:1072200000F061F800BF03B05DF804FB00B587B063
:107230000190019B9B680493049B002B4FD0019B02
:1072400000229A60FFF79EFF03468DF80F30019BE6
:107250000C330293049BDB68002B2DD0029B002B88
:107260002AD0049BDB68029A9A4210D1029B1A68CA
:10727000049BDA60049B1B69029A9A4203D1049B27
:1072800000221A6118E0029B00221A6014E0049B9D
:10729000DB6805930DE0059B1B68029A9A4205D1B5
:1072A000049B0C3319460598FFF718FF059B1B68D4
:1072B0000593059B002BEED19DF80F301846FFF784
:1072C00071FF049BDB68002B09D1019B5B6CDBB277
:1072D00003F00303DBB219460498FFF771FF00BF08
:1072E00007B05DF804FB00B585B00190019B1B7DE4
:1072F000002B11D1019B1B7A03F00403002B0BD050
:10730000019BAC3B0393039B5B6C03F40043002B9A
:1073100002D003980BF046FB00BF05B05DF804FBFC
:1073200000B583B003210E4821F058FD0190019B68
:10733000002B09D10121002021F060F90221002059
:1073400021F05CF9002307E0019B002B02DD01988E
:1073500021F028F96FF01603184603B05DF804FB1E
:10736000EC9C040800B589B00390029113468DF897
:107370000730039B9B68069300230793184B1B68F9
:107380000593059B9B68069A9A4212D0039B5B6CFF
:1073900003F00303022B0CD0059B9B6803F50A70D6
:1073A000069B03F50A719DF80730029A20F06CFDE8
:1073B0000790079B002B0EDB029B002B0BD0039B3F
:1073C0005B6C03F00303022B05D0039B0299184664
:1073D00001F0C1F80790079B184609B05DF804FB5F
:1073E000A80C002482B0EFF311830193019BDBB260
:1073F000184602B0704782B00190019B83F3118858
:1074000000BF02B0704700B583B0FFF7EBFF034643
:107410008DF807308020FFF7EEFF9DF80730184603
:1074200003B05DF804FB00B583B003468DF8073068
:107430009DF807301846FFF7DEFF00BF03B05DF888
:1074400004FB00B585B001900091009B019A9A421F
:107450001BD00198FDF728FD0390039B002B14D04F
:10746000039B5B6C43F40052039B5A64039B5B6C6D
:1074700003F00303012B04D1019800F03BF80290C4
:1074800003E0019800F000FF02900023184605B0C9
:107490005DF804FB00B585B00190019B9B681B7AE9
:1074A00003F00803002B01D000231CE0FFF7ABFF23
:1074B00003468DF80F30019B9B681A7A019B9B68ED
:1074C00042F00802D2B21A72019B9868019B1B6BB2
:1074D0001A46074901F04BFD02909DF80F301846FF
:1074E000FFF7A1FF029B184605B05DF804FB00BF43
:1074F0004374000800B585B00190019B002B01D1B9
:1075000003232AE00198FDF7CFFC0390039B002B97
:1075100001D1032321E0039B5B6C03F48073002BF8
:1075200001D0032319E0039801F0C8F80346002BAB
:1075300001D0002311E00B4B1B68039A9A4203D140
:107540004FF0FF3008F002FF4FF0FF31019800F0DC
:107550002FF8019801F015F90346184605B05DF8BB
:1075600004FB00BFA80C002484B001900091019B93
:107570001B680393009B1B68002B15D0039B002BFB
:1075800012D0009B5B68039A9A4206D1009B019A35
:107590005A60019B00221A6003E0039B1A68019B5A
:1075A0001A60039B00221A60039B184604B07047C0
:1075B00000B58DB0019000910198FDF775FC079022
:1075C000079B9B68069300230993069B03F526738C
:1075D000184608F01BFE079B1B69002B58D0079B21
:1075E0001B690B930B9B002B02D00B9B1B6800E0CD
:1075F00000230A9348E00B9B0593079B1B69002B14
:107600002DD0059B002B2AD0079B1B69059A9A4217
:1076100010D1059B1A68079B1A61079B5B69059A45
:107620009A4203D1079B00225A6118E0059B002271
:107630001A6014E0079B1B6908930DE0089B1B6808
:10764000059A9A4205D1079B103319460898FFF70F
:107650008BFF089B1B680893089B002BEED10B9BAC
:10766000183B0493049B009ADA62049B1C3318466F
:1076700008F0E8FF0A9B0B930B9B002B02D00B9B9F
:107680001B6800E000230A930B9B002BB3D11EE084
:10769000079B9B68DB68002B05D0079B9B68DB681A
:1076A0001B68002B13D0079B5B6C03F48053002BEB
:1076B0000DD1079B986803AA0123019900F063F894
:1076C0000990099B002B02D1039B009A9A60079BAB
:1076D0005B6C43F48042079B5A64069B03F5267358
:1076E000184608F0D3FD099B18460DB05DF804FB61
:1076F00000B585B001900091019B03F526731846F3
:1077000008F084FD009B0293019BDB6A002B2DD0C7
:10771000029B002B2AD0019BDB6A029A9A4210D16D
:10772000029B1A68019BDA62019B1B6B029A9A42C8
:1077300003D1019B00221A6318E0029B00221A6009
:1077400014E0019BDB6A03930DE0039B1B68029A24
:107750009A4205D1019B2C3319460398FFF704FF89
:10776000039B1B680393039B002BEED1019B03F546
:107770002673184608F08AFD00980BF013F900BF35
:1077800005B05DF804FB00B589B003900291019249
:107790008DF80330039B03F52673184608F036FD79
:1077A000039BDB6A0693069B002B02D0069B1B689B
:1077B00000E00023059310E0069B0793079B5B689E
:1077C000029A9A423ED0059B0693069B002B02D05C
:1077D000069B1B6800E000230593069B002BEBD162
:1077E000039B03F52673184608F050FD9DF80330FF
:1077F00083F00103DBB2002B01D016232DE00C2017
:107800000BF016F90790079B002B01D10C2324E005
:10781000079B029A5A60039B03F52673184608F0EB
:10782000F5FC079B0493039BDA6A049B1A60039B95
:10783000DB6A002B02D1039B049A1A63039B049A10
:10784000DA6200E000BF039B03F52673184608F0D8
:107850001DFD019B079A1A600023184609B05DF8C8
:1078600004FB00B585B00190019BDB6A0393039B89
:10787000002B02D0039B1B6800E0002302930CE066
:1078800003980BF08FF8029B0393039B002B02D00D
:10789000039B1B6800E000230293039B002BEFD1A6
:1078A00000BF00BF05B05DF804FB86B001900091F9
:1078B000019B93F834308DF8123000238DF813308B
:1078C000009B1B68059302E0059B1B680593059BC5
:1078D000002B06D0059B93F834309DF812209A4275
:1078E000F2D9059B002B22D1009B5B680393039B7D
:1078F000002B0FD1019B00221A60019B00225A60CD
:10790000009B019A1A60009B019A5A6001238DF82E
:1079100013302EE0019B00221A60019B039A5A60EB
:10792000039B019A1A60009B019A5A6021E0059B13
:107930005B680393039B002B0FD1019B059A1A6090
:10794000019B00225A60059B019A5A60009B019A94
:107950001A6001238DF813300BE0019B059A1A6021
:10796000019B039A5A60039B019A1A60059B019A36
:107970005A609DF81330184606B0704700B585B0C0
:1079800001901E4B1B680293029BB3F94830002BF9
:1079900013DD029B93F83420019B93F834309A4214
:1079A0000BD217490198FFF780FF019B012283F852
:1079B000402000238DF80F301AE010490198FFF79E
:1079C00074FF0346002B0CD0019B032283F8402058
:1079D000019B1B68022283F8402001238DF80F30A1
:1079E00006E0019B022283F8402000238DF80F302F
:1079F0009DF80F30184605B05DF804FBA80C002474
:107A0000B40C002486B00190019B93F840308DF8AF
:107A10001730019B0493049B5B680393049B1B68D2
:107A20000293039B002B1FD1019B93F840302B4AFC
:107A3000DB0013441B7903F00803002B0AD0019BE1
:107A40001B6F019A92F840201146244A52F83120C7
:107A5000134406E0019B93F840301A461F4B53F83D
:107A60003230029A1A6002E0039B029A1A60029B6B
:107A7000002B1FD1019B93F84030184ADB001344C0
:107A80001B7903F00803002B0AD0019B1B6F019A9E
:107A900092F840201146114A52F83120134406E072
:107AA000019B93F840301A460C4B53F83230039A3E
:107AB0005A6002E0029B039A5A60049B00221A60FB
:107AC000049B00225A60019B00221A67019B00223E
:107AD00083F8402000BF06B0704700BFD80C0024D8
:107AE00082B0EFF311830193019BDBB2184602B021
:107AF000704782B00190019B83F3118800BF02B0F0
:107B0000704700B583B0FFF7EBFF03468DF80730F1
:107B10008020FFF7EEFF9DF80730184603B05DF8B0
:107B200004FB00B583B003468DF807309DF807309D
:107B30001846FFF7DEFF00BF03B05DF804FB00004E
:107B400000B585B00190FFF7DCFF03468DF80F30DC
:107B50000A4B1B68013B019A13400293084B1A68B9
:107B6000029B9B00134400221A609DF80F301846B8
:107B7000FFF7D7FF00BF05B05DF804FBD40C00246D
:107B8000D00C002400B585B001900B468DF8033071
:107B900000230393019B002B41D0019B1B6B1846D4
:107BA000FEF746FB019B1B6B002B04D0019B1B6B5C
:107BB0001846FFF7C5FF019B9B6E002B05D09DF873
:107BC0000330194601980EF0CBFA0198FFF72EFB0F
:107BD0000198FEF7B1F99DF80330002B16D1019BF7
:107BE0000293029BD3F8B830002B04D1029B93F888
:107BF000C030002B0AD0029B93F8B43043F004034A
:107C0000DAB2029B83F8B420039B09E0019B5B6C12
:107C100003F40043002B02D001980AF0C3FE039B3B
:107C2000184605B05DF804FB82B0EFF311830193B1
:107C3000019BDBB2184602B0704782B00190019BF5
:107C400083F3118800BF02B0704700B583B0FFF71F
:107C5000EBFF03468DF807308020FFF7EEFF9DF81D
:107C60000730184603B05DF804FB00B583B0034647
:107C70008DF807309DF807301846FFF7DEFF00BF8C
:107C800003B05DF804FB000000B587B001900091DF
:107C900000230593009B002B02D16FF015032DE00C
:107CA000184B1B680493019B002B04D0049B1B6B97
:107CB000019A9A4206D1049B93F834301A46009BED
:107CC0001A601AE0FFF7C1FF03468DF80F300198E4
:107CD000FDF7EAF80290029B002B03D16FF002033C
:107CE000059305E0029B93F834301A46009B1A6016
:107CF0009DF80F301846FFF7B8FF059B184607B0F0
:107D00005DF804FBA80C002400B585B0019000913B
:107D100000990198FFF7B8FF0390039B002B08DA46
:107D200008F0E8F80246039B5B4213604FF0FF3314
:107D30000393039B184605B05DF804FB82B00190E5
:107D4000019B9B6E184602B0704710B582B001903F
:107D5000019B9C6E0198FFF7F1FF0346DB882344EB
:107D6000184602B010BD000010B48BB00190019B0A
:107D70001B7903F00403002B14BF012300238DF8AB
:107D800027309DF82730002B01D0019B00E0019B9C
:107D900008939DF82730002B01D0204B00E00123F1
:107DA0000793089B0693069B1B680393039B04930E
:107DB0009DF82730002B02D0049B002B27DB9DF879
:107DC000273083F00103DBB2002B02D0049B002B91
:107DD0001DDB089B0593079B0293029C059A04AB4D
:107DE0001868BFF35B8F52E8001F814203D142E85D
:107DF000004CBCF1000F0CBF01220022002A00D170
:107E00001960134683F00103DBB2002BD0D10023AD
:107E100018460BB05DF8044B704700BFFEFFFF7FB4
:107E200082B0EFF311830193019BDBB2184602B0DD
:107E3000704782B00190019B83F3118800BF02B0AC
:107E4000704700B583B0FFF7EBFF03468DF80730AE
:107E50008020FFF7EEFF9DF80730184603B05DF86D
:107E600004FB00B583B003468DF807309DF807305A
:107E70001846FFF7DEFF00BF03B05DF804FB82B0D9
:107E8000EFF305830193019B184602B0704708B5D4
:107E9000FFF7F5FF0346002B14BF01230023DBB2DD
:107EA000184608BD86B001900091019B93F83430CC
:107EB0008DF8123000238DF81330009B1B6805935A
:107EC00002E0059B1B680593059B002B06D0059BD4
:107ED00093F834309DF812209A42F2D9059B002B7A
:107EE00022D1009B5B680393039B002B0FD1019B66
:107EF00000221A60019B00225A60009B019A1A60BE
:107F0000009B019A5A6001238DF813302EE0019BEB
:107F100000221A60019B039A5A60039B019A1A601F
:107F2000009B019A5A6021E0059B5B680393039BC9
:107F3000002B0FD1019B059A1A60019B00225A6009
:107F4000059B019A5A60009B019A1A6001238DF8E3
:107F500013300BE0019B059A1A60019B039A5A604B
:107F6000039B019A1A60059B019A5A609DF8133091
:107F7000184606B07047000000B58FB00190654B01
:107F80001B68059300230B93019B1B7903F00403EB
:107F9000002B14BF012300238DF82B30FFF751FF76
:107FA00003468DF82A309DF82B30002B22D0019B00
:107FB000BFF35B8F53E8002F42F0004143E800100D
:107FC0000028F7D1BFF35B8F0992099A524B1340F7
:107FD000514A934206D0099B23F000431846FCF710
:107FE00063FF0B900B9B002B0CBF012300238DF82C
:107FF000333013E0019BBFF35B8F53E8002F02F196
:10800000FF3143E800100028F7D1BFF35B8F134620
:10801000002BCCBF012300238DF833309DF8333083
:10802000002B25D000230D930D9B002B4CDA9DF8DF
:108030002B30002B08D0019B0893374B0493049BF3
:108040001A46089B1A600CE0019BBFF35B8F53E854
:10805000001F01F1010143E80012002AF7D1BFF32C
:108060005B8F9DF82A301846FFF7FBFE0D9B4DE015
:10807000059B019A1A67059B0022A3F84A20059BDD
:10808000184601F0BDF8059B052283F84020059AAB
:10809000019B083319461046FFF704FFFFF7F7FE70
:1080A000034683F00103DBB2002B01D0022000DF86
:1080B000059BB3F94A30002B04D0059BB3F94A3035
:1080C0005B4200E000230D939DF82B30002B17D06E
:1080D0000D9B002B14D1019B9B68002B01D1002329
:1080E00001E04FF000430793019B0693059B1B6B38
:1080F0001A46079B13430393039B1A46069B1A6079
:108100009DF82A301846FFF7ACFE0D9B18460FB0BD
:108110005DF804FBA80C0024FEFFFF7F00B585B0CE
:108120000190019808F0CCF90390039B13F1040F20
:10813000F7D0039B184605B05DF804FB84B00190AE
:10814000019B1B680393039B002B0DD0039B1A68B4
:10815000019B1A60019B1B68002B02D1019B00222E
:108160005A60039B00221A60039B184604B07047B4
:1081700000B585B0019002E0039802F09BF9019BE5
:1081800084331846FFF7DAFF0390039B002BF3D1EB
:1081900002E0039802F08EF9019B8C331846FFF73A
:1081A000CDFF0390039B002BF3D1019B7433184642
:1081B00008F0F1FA019B7C33184608F0D8FA00BFAA
:1081C00005B05DF804FB00B585B0019002E00398AE
:1081D00001F040FE019B03F502731846FFF7AEFF66
:1081E0000390039B002BF2D102E0029802F0A4FA64
:1081F000019B03F504731846FFF7A0FF0290029B52
:10820000002BF2D100BF00BF05B05DF804FB00B544
:1082100085B001900091009B019A0021002001F09F
:1082200015FF0390039B13F10B0F01D0039B00E09C
:108230000023184605B05DF804FB00B587B0039035
:10824000029101920093039B002B02DB039B042B02
:1082500001DD162314E0009B019A0299039801F0B6
:10826000F5FE0590059B13F10B0F02D1002305933A
:1082700005E0059B002B02DA059B5B420593059BFD
:10828000184607B05DF804FB00B585B001901D4BA2
:108290001B680393019B002B02D1039B1B6B019373
:1082A0000198FCF701FE0290029B002B02D16FF0B7
:1082B000020322E0039B5B6C03F00303022B08D054
:1082C000029B5B6C03F00303022B02D16FF00C03E3
:1082D00013E0039B1B6B019A9A4202D10020FDF729
:1082E00007FE029800F0EAF90346002B01D00023B4
:1082F00003E0019800F045FA0346184605B05DF822
:1083000004FB00BFA80C002400B585B001900091CB
:10831000019B9B680393039B002B34D0019B5B6CF8
:1083200003F00303012B08D0039B9B6A002B04D0AE
:10833000039B9B6A009A12021A60039BDB68002B66
:1083400021D0039BDB681B68002B1CD1039B002200
:108350009A62039B00225A75039B183302AA1146A6
:10836000184608F08EF80BE0039B1833184608F007
:1083700069F9039B183302AA1146184608F081F8E0
:10838000029B002BF0DB00BF05B05DF804FB00B5DD
:1083900083B001900091019800F012F8FCF73EFEC6
:1083A00000990198FFF7B0FFFCF79AFE0198FEF7DD
:1083B0003DFF0198FFF7DCFE00BF03B05DF804FB52
:1083C00000B583B00190019800F065FE019800F0BF
:1083D000C7FC019801F029FA019800F0FCFD00BFEC
:1083E00003B05DF804FB00B583B0019000910198E3
:1083F00000F080FE0246009B9B68194610461FF065
:1084000032FE00BF03B05DF804FB00B583B00190FD
:108410000091019800F06EFE009B9968009BDB685C
:108420001A461FF0FAFD0346184603B05DF804FB38
:1084300000B587B00190009100230593019800F0EA
:1084400059FE0490009B9B68194604981FF00BFE90
:10845000009B03F11401009BDA68009B1B690498E0
:1084600020F0A7FC0390039B002B02DA039B0593EB
:1084700015E0009B9B68039A9A4210D0009B9B6872
:108480001A46039904981FF0C8FD0590059B002B20
:1084900001DB00230593039904981FF0E4FD059B7D
:1084A000184607B05DF804FB00B587B00190009155
:1084B000009B1B7803F02003002B0ED00198FCF7E3
:1084C000F3FC0590059B002B07D0059B009A7433A5
:1084D000043292E8030083E80300009B1B7803F05A
:1084E0000403002B13D0009B5B780393009B1B7845
:1084F00003F00803002B1BD103AB1946019800F0D1
:1085000091FE0490049B002B12DA049B1FE0009B59
:108510001B7803F00803002B0AD003AB1946002098
:10852000FFF7B2FB0490049B002B01DA049B0EE0E2
:10853000009B1B7803F00803002B07D0009B9B785F
:10854000194603AB1A46019801F0A8F80023184613
:1085500007B05DF804FB00B585B0019000910023E1
:108560000293009B039322E0039B1B79032B11D002
:10857000032B15DC012B02D0022B05D010E0039950
:108580000198FFF730FF0FE003990198FFF73DFFD7
:10859000029009E003990198FFF74AFF029003E077
:1085A0006FF01503029300BF039B1B680393039BAB
:1085B000002B02D0029B002BD6DA029B184605B096
:1085C0005DF804FB88B00390029113468DF80730E4
:1085D000039B079336E0079B1B79032B1FD0032BCC
:1085E00026DC012B02D0022B09D021E0079B04934B
:1085F000049B9B68029A9A421CD100232CE0079BA3
:108600000593059B9B68029A9A4201D1012323E0BE
:10861000059BDB68029A9A420ED100231CE0079B5F
:108620000693069B9B68029A9A4207D1002313E0A7
:1086300000BF04E000BF02E000BF00E000BF079BF6
:108640001B680793079B002BC5D19DF80730002BB3
:1086500001D0002300E00123184608B0704782B023
:10866000EFF311830193019BDBB2184602B0704710
:1086700082B00190019B83F3118800BF02B0704764
:1086800000B583B0FFF7EBFF03468DF8073080207D
:10869000FFF7EEFF9DF80730184603B05DF804FBC6
:1086A00000B583B003468DF807309DF807301846B3
:1086B000FFF7DEFF00BF03B05DF804FB00B585B037
:1086C00001900198FFF73AFB039000238DF80B30DF
:1086D000FFF7D6FF03468DF80A30019B5B6C03F46D
:1086E0000053002B13D1039B1B7903F00103002BD4
:1086F0000DD0039B1B7943F00403DAB2039B1A717C
:108700009DF80A301846FFF7CBFF012306E09DF8DD
:108710000A301846FFF7C4FF9DF80B30184605B025
:108720005DF804FB82B0EFF311830193019BDBB290
:10873000184602B0704782B00190019B83F3118804
:1087400000BF02B0704700B583B0FFF7EBFF0346F0
:108750008DF807308020FFF7EEFF9DF807301846B0
:1087600003B05DF804FB00B583B003468DF8073015
:108770009DF807301846FFF7DEFF00BF03B05DF835
:1087800004FB00B587B00190FFF7DDFF03468DF8CD
:1087900017300198FCF788FB0490049B002B05D050
:1087A000049B5B6C03F48073002B07D09DF817309B
:1087B0001846FFF7D8FF6FF0020326E0049B5B6CBE
:1087C00043F48072049B5A64049B93F840308DF804
:1087D0000F30049800F0AAFC049B9DF80F2083F84A
:1087E000402000210498FFF7D2FD9DF8173018466D
:1087F000FFF7B9FF049B5B6CDBB203F00303DBB252
:1088000019460498FFF7BEF90346184607B05DF80D
:1088100004FB00B583B00190019B00221A61019B0B
:10882000184607F0C5FC0346184603B05DF804FB84
:1088300000B585B00190019B10330293019B18464F
:1088400007F0B6FC019B0022C3F89C21019B00228B
:10885000C3F8A02100230393BEE0039A13465B01F3
:1088600013449B001A46029B134404331846FFF737
:10887000D0FF039A13465B0113449B001A46029BE8
:108880009918039A13465B0113449B001A46029BF6
:10889000134401F13C02DA62039A13465B0113446C
:1088A0009B001A46029B1344D96A039A13465B0144
:1088B00013449B001A46029B134401F140021A63C1
:1088C000039A13465B0113449B001A46029B9918B6
:1088D000039A13465B0113449B001A46029B134400
:1088E000CA6A5A63039A13465B0113449B001A46F3
:1088F000029B9918039A13465B0113449B001A4686
:10890000029B1344CA6A9A63039A13465B01134499
:108910009B001A46029B1344082283F87E20039A88
:1089200013465B0113449B001A46029B134493F8C1
:108930007E10039A13465B0113449B001A46029B68
:10894000134441F00402D2B283F87E20039A134606
:108950005B0113449B001A46029B1344039A9A62DC
:10896000039B002B01D0022100E00121039A134652
:108970005B0113449B001A46029B13440A46A3F86A
:108980007C20039A13465B0113449B001A46029B0A
:10899000134400229A61039A13465B0113449B001F
:1089A0001A46029B13440022DA61039A13465B01C4
:1089B00013449B001A46029B134400221A62039A36
:1089C00013465B0113449B001A46029B134400228A
:1089D0005A62039B01330393039B022B7FF73DAF46
:1089E00000BF00BF05B05DF804FB00B585B0019085
:1089F000019B34330393039B184607F0D9FB019B7B
:108A0000039AC3F80422039B2C331846FFF710FF88
:108A10000023184605B05DF804FB00B583B0019053
:108A2000019B1846FFF7A0F90346184603B05DF80E
:108A300004FB00B585B00190019B1846FFF7EDFFE0
:108A40000390039B002B02DB019B00221A61039B16
:108A5000184605B05DF804FB00B587B00190019B96
:108A6000D3F804322C330393039B10330293039BFC
:108A70001846FFF7D2FF029B04331846FFF7D9FFD1
:108A8000029B843304331846FFF7D3FF029B03F5A0
:108A9000847304331846FFF7CCFF039BD3F89C3153
:108AA0000593059B002B02D0059B1B6800E000236B
:108AB000049313E0059B0293029B04331846FFF7CF
:108AC000B8FF029809F06EFF049B0593059B002BED
:108AD00002D0059B1B6800E000230493059B002B3C
:108AE000E8D100BF00BF07B05DF804FB00B585B05A
:108AF0000190019BD3F8043203930198FFF7ACFF78
:108B0000039B1846FFF789FF00BF05B05DF804FB23
:108B100082B0EFF311830193019BDBB2184602B0E0
:108B2000704782B00190019B83F3118800BF02B0AF
:108B3000704700B583B0FFF7EBFF03468DF80730B1
:108B40008020FFF7EEFF9DF80730184603B05DF870
:108B500004FB00B583B003468DF807309DF807305D
:108B60001846FFF7DEFF00BF03B05DF804FB00000E
:108B700000B589B00190FFF7DCFF03468DF81F3088
:108B800031E0214B5B680693069B1B69019AD31A5F
:108B9000002B2EDB069B0593059B5B68059A1268EC
:108BA0001A60059B1B68059A52685A60059B002253
:108BB0005A60059B5A68059B1A60069BDB68049304
:108BC000069B9B680393069B0022DA609DF81F308A
:108BD0001846FFF7BEFF049B03989847FFF7A9FFCD
:108BE00003468DF81F30084B5B68074A9342C8D193
:108BF00000E000BF9DF81F301846FFF7AAFF00BF36
:108C000009B05DF804FB00BF1C01002488B003908C
:108C10000291019200931D4B5B6806931B4B5B68AE
:108C2000079308E0079B1B69029AD31A002B07DB06
:108C3000079B5B680793079B144A9342F2D100E0BD
:108C400000BF079B0593039B0493059B1A68049B35
:108C50001A60049B059A5A60059B1B68049A5A6027
:108C6000059B049A1A60039B019ADA60039B009AA1
:108C70009A60039B029A1A61069A079B9A420CBF5C
:108C800001230023DBB2184608B070471C01002402
:108C900000B589B0039002910192009300238DF8F2
:108CA0001730039B002B02D0019B002B02D16FF0E9
:108CB00015032AE0FFF73DFF03468DF81F30039BA5
:108CC000DB68002B15D0039B0693069B5B68069A16
:108CD00012681A60069B1B68069A52685A60069BC7
:108CE00000225A60069B5A68069B1A60039B00226A
:108CF000DA60009B019A02990398FFF787FF9DF8BD
:108D00001F301846FFF725FF0023184609B05DF80D
:108D100004FB00B585B00390029101920093029B81
:108D2000B3F1804F02D36FF015030BE0FDF755FE52
:108D30000246029B1344591C009B019A0398FFF7BB
:108D4000A7FF0346184605B05DF804FB00B583B0E5
:108D500001900198FFF70CFF00BF03B05DF804FB22
:108D600000B583B00190019B50331846FDF740FCDD
:108D700000BF03B05DF804FB00B585B00190019B16
:108D8000D3F81832002B1ED0002303930CE0019B74
:108D9000D3F81822039B9B0013441B68184609F064
:108DA00001FE039B01330393019BD3F81822039B1D
:108DB0009B0013441B68002BE9D1019BD3F81832A8
:108DC000184609F0EFFD019B0022C3F81822019B11
:108DD0000022C3F81C22019B0022C3F8202200BFFE
:108DE00005B05DF804FB82B00190009105E0019BA5
:108DF00001330193009B01330093019B1A78009B80
:108E00001B789A42F3D0019B1B78002B05D1009B65
:108E10001B783D2B01D1012300E00023184602B04E
:108E2000704700B585B001900091019BD3F81832CE
:108E3000002B02D16FF0010320E00023039312E026
:108E4000019BD3F81822039B9B0013441B6819460F
:108E50000098FFF7C8FF0346002B01D0039B0DE0ED
:108E6000039B01330393019BD3F81822039B9B00C0
:108E700013441B68002BE3D16FF00103184605B0C3
:108E80005DF804FB00B583B001900091019BD3F81D
:108E90001822009B9B0013441B68184609F082FDB2
:108EA000019BD3F820325A1E019BC3F82022019B5C
:108EB000D3F82032009A9A4208D1019BD3F81822A5
:108EC000009B9B00134400221A6019E0019BD3F819
:108ED0001822019BD3F820329B001A44019BD3F83F
:108EE0001812009B9B000B4412681A60019BD3F878
:108EF0001822019BD3F820329B00134400221A60F1
:108F0000019BD3F82032002B0ED1019BD3F81832ED
:108F1000184609F047FD019B0022C3F81822019B67
:108F20000022C3F81C221EE0019BD3F81C32DA1F7A
:108F3000019BD3F820329A4215DD019BD3F82032F1
:108F40005A1D019BC3F81C22019BD3F81822019BD8
:108F5000D3F81C329B001946104609F04DFD02461D
:108F6000019BC3F8182200BF03B05DF804FB00B5F5
:108F700089B003900291019200230593039BDB6863
:108F80000793079B002B02D0079B1B6800E0002380
:108F9000069316E0079B0C3B0493049B1A6B029B01
:108FA0000199104698470590059B002B0DD1069B13
:108FB0000793079B002B02D0079B1B6800E0002350
:108FC0000693079B002BE5D100E000BF059B1846E8
:108FD00009B05DF804FB84B00190019B1B6F039303
:108FE000019B93F84030072B09D1039BB3F9123052
:108FF0009BB2013B9BB21AB2039B5A820DE0019BCC
:1090000093F84030082B08D1039BB3F910309BB282
:10901000013B9BB21AB2039B1A8200BF04B0704797
:1090200082B0EFF311830193019BDBB2184602B0CB
:10903000704782B00190019B83F3118800BF02B09A
:10904000704700B583B0FFF7EBFF03468DF807309C
:109050008020FFF7EEFF9DF80730184603B05DF85B
:1090600004FB00B583B003468DF807309DF8073048
:109070001846FFF7DEFF00BF03B05DF804FB00B544
:1090800083B00190019B184607F0DCFA03461846AE
:1090900003B05DF804FB00B585B00190FFF7D1FF88
:1090A00003468DF80F3017E0019BD3F898300293F8
:1090B000029B1A68019BC3F89820029B00221A6049
:1090C000029B1B7943F00203DAB2029B1A71029BE6
:1090D00008331846FFF7D3FF019BD3F89830002BD5
:1090E000E2D19DF80F301846FFF7BBFF00BF05B077
:1090F0005DF804FB84B00190019B9B680393039B84
:10910000002B03D0039B03F50A7300E000231846ED
:1091100004B0704708B5044B1B681846FFF7EAFF18
:109120000346184608BD00BFA80C002488B0019073
:1091300000238DF81F30019B93F840302F4ADB004D
:1091400013441B7903F00803002B0AD0019B1B6F0B
:10915000019A92F840201146284A52F831201344CF
:1091600006E0019B93F840301A46244B53F8323006
:109170000693019B5B68002B14D1019B93F8403050
:109180001E4ADB0013441B7903F00403002B09D0B3
:10919000019B1B680593059B032283F84020012354
:1091A0008DF81F30019B0493049B5B680393049B21
:1091B0001B680293039B002B03D1069B029A1A6043
:1091C00002E0039B029A1A60029B002B03D1069BCC
:1091D000039A5A6002E0029B039A5A60049B0022A1
:1091E0001A60049B00225A60019B002283F84020F1
:1091F0009DF81F30184608B0704700BFD80C0024F7
:1092000000B583B001900198FFF790FF044B1B68F5
:10921000002B01D0FCF750F800BF03B05DF804FB51
:10922000B40C002400B587B001900091009B002B86
:1092300002D16FF0150324E0FBF7F0FE134B1B681F
:109240000393019B002B04D0039B1B6B019A9A4252
:1092500002D1039B05930AE00198FBF725FE0590D8
:10926000059B002B03D16FF00203049306E0009BE3
:109270001B681946059800F0AFF90490FBF730FF22
:10928000049B184607B05DF804FB00BFA80C00243F
:1092900000B585B00190009100990198FFF7C2FFD9
:1092A0000390039B002B08DA06F024FE0246039B82
:1092B0005B4213604FF0FF330393039B184605B0E6
:1092C0005DF804FB82B0EFF311830193019BDBB2E5
:1092D000184602B0704782B00190019B83F3118859
:1092E00000BF02B0704700B583B0FFF7EBFF034645
:1092F0008DF807308020FFF7EEFF9DF80730184605
:1093000003B05DF804FB00B583B003468DF8073069
:109310009DF807301846FFF7DEFF00BF03B05DF889
:1093200004FB82B0EFF305830193019B184602B062
:10933000704708B5FFF7F5FF0346002B14BF012364
:109340000023DBB2184608BD86B001900091019B56
:1093500093F834308DF8123000238DF81330009BD1
:109360001B68059302E0059B1B680593059B002B7A
:1093700006D0059B93F834309DF812209A42F2D91A
:10938000059B002B22D1009B5B680393039B002B62
:109390000FD1019B00221A60019B00225A60009BA2
:1093A000019A1A60009B019A5A6001238DF81330CC
:1093B0002EE0019B00221A60019B039A5A60039BD6
:1093C000019A1A60009B019A5A6021E0059B5B6834
:1093D0000393039B002B0FD1019B059A1A60019BFD
:1093E00000225A60059B019A5A60009B019A1A60FC
:1093F00001238DF813300BE0019B059A1A60019B45
:10940000039A5A60039B019A1A60059B019A5A605D
:109410009DF81330184606B07047000000B587B0BD
:1094200001900091019B1B680593059B002B3ED08A
:10943000059B93F834301A46009B934237DC214B4E
:109440001B680493049BB3F94830002B1DDD05987D
:10945000FFF76CFE03468DF80F301B490598FFF7A8
:1094600073FF059B012283F84020019B1B68059335
:10947000059B93F834301A46009B9342E7DB009B30
:10948000DAB2019B83F8342017E00099019800F0CC
:109490006DF90346002B10D0FFF74BFF034683F016
:1094A0000103DBB2002B08D0022000DF05E0009BA7
:1094B000DAB2019B83F8342000E000BF00BF07B0A0
:1094C0005DF804FBA80C0024B40C002400B585B0A2
:1094D000019000910B4B1B6803930099019800F0D9
:1094E00045F90346002B09D0FFF723FF034683F01D
:1094F0000103DBB2002B01D0022000DF00BF05B06A
:109500005DF804FBA80C002400B589B0019000911F
:10951000019B93F840308DF81F30019B93F8403049
:109520002C4ADB0013441B7903F00803002B0AD0FC
:10953000019B1B6F019A92F840201146254A52F870
:109540003120134406E0019B93F840301A46214B2A
:1095500053F8323006939DF81F301E4ADB00134447
:109560001B7903F00103002B2BD0019B0593059B76
:109570005B680493059B1B680393049B002B03D13A
:10958000069B039A1A6002E0049B039A1A60039BED
:10959000002B03D1069B049A5A6002E0039B049AB5
:1095A0005A60059B00221A60059B00225A60009BAE
:1095B000DAB2019B83F8342006990198FFF7C4FEC4
:1095C00004E0009BDAB2019B83F8342000BF09B0AD
:1095D0005DF804FBD80C002400B585B00190009123
:1095E000009B002B02DD009BFF2B02DD6FF01503BB
:1095F00020E0FFF778FE03468DF80F30019B93F8CB
:109600004030022B06D0032B09D100990198FFF7B7
:1096100005FF09E000990198FFF758FF04E0009961
:109620000198FFF771FF00BF9DF80F301846FFF754
:109630006AFE0023184605B05DF804FB82B0EFF324
:1096400011830193019BDBB2184602B0704782B0D0
:109650000190019B83F3118800BF02B0704700B5F1
:1096600083B0FFF7EBFF03468DF807308020FFF74C
:10967000EEFF9DF80730184603B05DF804FB00B517
:1096800083B003468DF807309DF807301846FFF782
:10969000DEFF00BF03B05DF804FB000000B589B039
:1096A000039002910192029B002B08D0029B012B98
:1096B00005D0029B022B02D06FF015034FE0019BF7
:1096C0001B68002B03DD019B1B68FF2B02DD6FF085
:1096D000150344E0039B002B03D1234B1B68079326
:1096E00003E00398FBF7E0FB0790079B002B02D1F8
:1096F0006FF0020333E0FBF791FCFFF7B0FF034686
:109700008DF81B30079B5B6C23F01802079B5A6493
:10971000029B002B0AD0029B022B07D0079B5A6C9E
:10972000079B5A64079B0022DA6409E0079B5B6C85
:1097300043F00802079B5A64079B1422DA6400BFB7
:109740009DF81B301846FFF79AFF019B1B681946CE
:109750000798FFF741FF0590FBF7C2FC059B1846F1
:1097600009B05DF804FB00BFA80C002400B585B06B
:10977000019000910198FFF7D9FC03468DF80F3056
:10978000009BDAB2019B83F834200198FEF7F6F8CB
:1097900003461A469DF80F305340DBB2002B14BF2E
:1097A000012300238DF80F309DF80F30002B05D0DA
:1097B000054B1B68002B01D0FBF77EFD9DF80F3099
:1097C000184605B05DF804FBB40C002482B0EFF33A
:1097D00011830193019BDBB2184602B0704782B03F
:1097E0000190019B83F3118800BF02B0704700B560
:1097F00083B0FFF7EBFF03468DF807308020FFF7BB
:10980000EEFF9DF80730184603B05DF804FB00B585
:1098100083B003468DF807309DF807301846FFF7F0
:10982000DEFF00BF03B05DF804FB00B589B0019016
:10983000FFF7DDFF03468DF81F30019B93F84030A2
:10984000052B4AD1019B1B6F0693019B0593059B3A
:109850005B680493059B1B680393049B002B03D157
:10986000069B039A9A6002E0049B039A1A60039B8A
:10987000002B03D1069B049ADA6002E0039B049A52
:109880005A60059B00221A60059B00225A60069BC5
:109890001B7903F00403002B12D0069B9B68002B5E
:1098A0001BD1069BBFF35B8F53E8002F22F00041D2
:1098B00043E800100028F7D1BFF35B8F02920CE061
:1098C000069BBFF35B8F53E8001F01F1010143E8E2
:1098D0000012002AF7D1BFF35B8F9DF81F301846A6
:1098E000FFF795FF00BF09B05DF804FB82B0EFF30E
:1098F00011830193019BDBB2184602B0704782B01E
:109900000190019B83F3118800BF02B0704700B53E
:1099100083B0FFF7EBFF03468DF807308020FFF799
:10992000EEFF9DF80730184603B05DF804FB00B564
:1099300083B003468DF807309DF807301846FFF7CF
:10994000DEFF00BF03B05DF804FB10B58EB00190E0
:109950000B46ADF80230FBF761FBFFF7D8FF03467B
:109960008DF83730019B1B7903F00403002B24D0C2
:10997000019B09934FF0FF330693069B1A46099B00
:109980001A60019B9B68002B03D0019806F05AFED9
:109990004AE0019B08936FF000430593059B1A462C
:1099A000089B1A6040E0019806F04CFEBDF90230B9
:1099B0009BB2013B9BB2ADF80230019B0C930C9B18
:1099C0001B680493049B002B03DABDF90230002BC3
:1099D000E9DC019B0B930B9B1B680393039B079391
:1099E000079B002B1FDB019B0A93BDF902300293FA
:1099F000029C0A9A07AB1868BFF35B8F52E8001FFE
:109A0000814203D142E8004CBCF1000F0CBF01229F
:109A10000022002A00D11960134683F00103DBB253
:109A2000002BDDD100E000BF9DF837301846FFF76E
:109A30007EFFFBF755FB002318460EB010BD82B029
:109A4000EFF311830193019BDBB2184602B070471C
:109A500082B00190019B83F3118800BF02B0704770
:109A600000B583B0FFF7EBFF03468DF80730802089
:109A7000FFF7EEFF9DF80730184603B05DF804FBD2
:109A800000B583B003468DF807309DF807301846BF
:109A9000FFF7DEFF00BF03B05DF804FB84B0019068
:109AA0000091019B1B680393009B1B68002B15D042
:109AB000039B002B12D0009B5B68039A9A4206D14D
:109AC000009B019A5A60019B00221A6003E0039BED
:109AD0001A68019B1A60039B00221A60039B1846B8
:109AE00004B0704784B00190019B1B680393039BF3
:109AF000002B0DD0039B1A68019B1A60019B1B6809
:109B0000002B02D1019B00225A60039B00221A60A5
:109B1000039B184604B0704700B587B0FFF7A0FF5D
:109B200003468DF80F30374B1B7883F00103DBB20F
:109B3000002B29D00023049320E0049A1346DB0075
:109B40009B1A9B001A46304B13440293029B00223F
:109B50001A602E4B1B68002B06D12C4A029B136007
:109B60002A4A029B536006E0284B5B68029A1A60FF
:109B7000264A029B5360049B01330493049B032BEE
:109B8000DBDD204B01221A709DF80F301846FFF7DD
:109B900077FF1C2008F016FF03460593059B002B5A
:109BA0002CD0FFF75DFF03468DF80F3000230493A0
:109BB0001CE0059B03F11C0205920193019B00220E
:109BC0001A60124B1B68002B06D1104A019B1360D0
:109BD0000E4A019B536006E00C4B5B68019A1A60C9
:109BE0000A4A019B5360049B01330493049B002B9E
:109BF000DFDD9DF80F301846FFF742FF00BF07B0CA
:109C00005DF804FB281F0024B81E00243818002427
:109C100000B583B0FFF724FF03468DF803301148E9
:109C2000FFF760FF01909DF803301846FFF728FF0B
:109C30000FE0FFF771FFFFF713FF03468DF80330C6
:109C40000848FFF74FFF01909DF803301846FFF7D3
:109C500017FF019B002BECD0019B184603B05DF869
:109C600004FB00BF3818002400B58DB003900291AA
:109C700001928DF80330674B1B680993099B9B6821
:109C80000893089B002B02D16FF01503BDE0039BE6
:109C90003F2B02D96FF01503B7E00399089800F045
:109CA000B0FB0B90019B002B22D00B9B002B14D000
:109CB0000B9B5A68019B1A60019B0B9A0433083274
:109CC00092E8030083E803000B9B1A69019BDA60AA
:109CD0000B9B5A69019B1A610AE0019B00221A60E2
:109CE000019B0022DA60019B0433184606F03FFD19
:109CF000029B002B01D1002387E0029B1B68079386
:109D0000079B002B41D10B9B002B7DD00B9B059318
:109D1000089BD3F80832002B33D0059B002B30D0A2
:109D2000089BD3F80832059A9A4213D1059B1A680A
:109D3000089BC3F80822089BD3F80C32059A9A4274
:109D400004D1089B0022C3F80C221AE0059B0022D4
:109D50001A6016E0089BD3F808320A930EE00A9BBB
:109D60001B68059A9A4206D1089B03F502731946AF
:109D70000A98FFF793FE0A9B1B680A930A9B002B25
:109D8000EDD10B9800F066F83EE00B9B002B28D13C
:109D9000FFF73EFF0B900B9B002B02D16FF00B03E4
:109DA00033E0039BDAB20B9B1A760B9B0693069B60
:109DB00000221A60089BD3F80832002B08D1089BB8
:109DC000069AC3F80822089B069AC3F80C2208E0FA
:109DD000089BD3F80C32069A1A60089B069AC3F8BF
:109DE0000C220B9B079A5A600B9B029A0833043291
:109DF00092E8030083E80300029BDA680B9B1A6178
:109E0000029B1A690B9B5A61002318460DB05DF83E
:109E100004FB00BFA80C002400B587B0039002919A
:109E200001920023019A02990398FFF71DFF059004
:109E3000059B002B08DA06F05DF80246059B5B42A5
:109E400013604FF0FF3300E00023184607B05DF8C1
:109E500004FB000000B585B00190019B184A9342B5
:109E600026D3019A164B70339A4221D2FFF7F8FDA0
:109E700003468DF80F30019B0293029B00221A606B
:109E8000104B1B68002B06D10E4A029B13600D4A33
:109E9000029B536006E00B4B5B68029A1A60094A0A
:109EA000029B53609DF80F301846FFF7E9FD03E071
:109EB000019808F077FD00BF00BF05B05DF804FB16
:109EC000B81E00243818002482B0EFF311830193E8
:109ED000019BDBB2184602B0704782B00190019B33
:109EE00083F3118800BF02B0704700B583B0FFF75D
:109EF000EBFF03468DF807308020FFF7EEFF9DF85B
:109F00000730184603B05DF804FB00B583B0034684
:109F10008DF807309DF807301846FFF7DEFF00BFC9
:109F200003B05DF804FB82B0EFF305830193019B5E
:109F3000184602B0704708B5FFF7F5FF0346002B3F
:109F400014BF01230023DBB2184608BD00B587B05B
:109F5000039002910192009305AB1946029800F01C
:109F600065FC0599009B019A0398FEF791FE034654
:109F7000184607B05DF804FB00B589B00190019B5D
:109F80000793FFF7B2FF03468DF81B30079B93F84A
:109F90004030062B4DD12B4B1B680293079BD3F807
:109FA0009430002B13D0079BD3F89430FF221A7003
:109FB000079BD3F8943002225A70079BD3F8943051
:109FC0006E229A70079BD3F8943000225A60079B48
:109FD0000593059B5B680493059B1B680393049B97
:109FE000002B03D1184A039B136002E0049B039AE1
:109FF0001A60039B002B03D1134A049B536002E0B9
:10A00000039B049A5A60059B00221A60059B00225C
:10A010005A600798FDF7B2FC0346002B09D0FFF702
:10A020008AFF034683F00103DBB2002B01D002203C
:10A0300000DF9DF81B301846FFF767FF00BF09B02F
:10A040005DF804FBA80C0024BC0C002400B58BB008
:10A05000039002910192009300230993019B002B2E
:10A060000BD0019B5B68002B04DB019B5B68684A9B
:10A07000934202DD6FF01503C6E0019B002B0CD06C
:10A08000019B1B68002B08D1019B5B68002B04D14E
:10A0900000F00CFC6FF00A03B6E0FFF726FF034662
:10A0A0008DF81F305B4B1B680493019B002B44D041
:10A0B000029B03F00103002B1DD1FCF78EFC01462F
:10A0C000019B1B68642203FB02F2019B5B6818463C
:10A0D000514B03445148A0FB03039B0D13440B4415
:10A0E00001330993049B03F15000049B4C4A0999E6
:10A0F000FEF7CEFD21E0039B002B08D1049B03F16A
:10A100005000049B464A0199FFF720FF15E0049B8D
:10A1100003F15000019B1B68642203FB02F2019BC8
:10A120005B6819463C4B0B443C49A1FB03139B0D58
:10A13000D118049B3A4AFEF7ABFD049B1846FFF783
:10A140005FF8049B062283F84020049B0693069B3D
:10A1500000221A60334B5A68069B5A60314B1B68C9
:10A16000002B06D12F4A069B13602E4A069B536094
:10A1700006E02C4B5B68069A1A602A4A069B5360DD
:10A18000FFF7D9FE034683F00103DBB2002B01D0B9
:10A19000022000DF019B002B07D0049B50331846A0
:10A1A000FCF726FAFCF719FC08909DF81F301846BA
:10A1B000FFF7ABFE019B002B25D0009B002B22D08C
:10A1C000099B002B1FD0099A089B9A4203D9099A30
:10A1D000089BD31A00E000230593059B124AA2FBBB
:10A1E00003235A09009B1A60009B1B68642202FB30
:10A1F00003F3059AD31A0593059B0C4A02FB03F35C
:10A200001A46009B5A60002318460BB05DF804FB09
:10A21000FFC99A3BA80C00247F9698006BCA5F6B1D
:10A22000799F0008BC0C00241F85EB518096980094
:10A2300000B591B0059004910392FFF756FE0346D6
:10A240008DF83F30484B1B680D936B460D991846AF
:10A2500000F076FB0AAB6A4692E8030083E803004D
:10A260000AA90AAB059A184606F0AAFA0AAB1846DC
:10A2700006F0C5FA0346002B1AD10AAB184600F0C7
:10A28000B9FA034619460D9800F0DFF90C90049BCB
:10A29000002B06D00C9B08330C221946049807F0BB
:10A2A000A2FF0C9B1B7A0E930C9800F045FA50E02D
:10A2B000049B002B01D107AB00E0049B0D9AC2F870
:10A2C00094300D9B059A7C3392E8030083E80300E9
:10A2D0009DF83F301846FFF718FE0023039A00212F
:10A2E0000020FFF7B3FE0E900E9B002B05DA0D9BAE
:10A2F0000022C3F894200E9B31E0FFF7F6FD0346E1
:10A300008DF83F300D9B7C33184606F030FA0D9BDC
:10A31000D3F894301B783F2B14D80D9BD3F894308E
:10A320001B781946059806F081FA0346002B05D0E4
:10A330000D9BD3F894301B780E9306E06FF0030367
:10A340000E9302E06FF00A030E930D9B0022C3F8F8
:10A3500094209DF83F301846FFF7D7FD0E9B184616
:10A3600011B05DF804FB00BFA80C002400B587B055
:10A37000039002910192019A02990398FFF758FF06
:10A380000590059B002B08DA05F0B4FD0246059BFD
:10A390005B4213604FF0FF330593059B184607B0EF
:10A3A0005DF804FB82B0EFF311830193019BDBB2F4
:10A3B000184602B0704782B00190019B83F3118868
:10A3C00000BF02B0704700B583B0FFF7EBFF034654
:10A3D0008DF807308020FFF7EEFF9DF80730184614
:10A3E00003B05DF804FB00B583B003468DF8073079
:10A3F0009DF807301846FFF7DEFF00BF03B05DF899
:10A4000004FB00B585B00190009100230393019BEC
:10A41000002B1AD0FFF7D7FF03468DF80B30019BB6
:10A42000D3F80832039302E0039B1B680393039B5A
:10A43000002B05D0039B1B7E1A46009B9342F3D151
:10A440009DF80B301846FFF7CEFF039B184605B06A
:10A450005DF804FB82B0EFF311830193019BDBB243
:10A46000184602B0704782B00190019B83F31188B7
:10A4700000BF02B0704700B583B0FFF7EBFF0346A3
:10A480008DF807308020FFF7EEFF9DF80730184663
:10A4900003B05DF804FB00B583B003468DF80730C8
:10A4A0009DF807301846FFF7DEFF00BF03B05DF8E8
:10A4B00004FB000000B587B00190019B1B7F002BBF
:10A4C00021D1FFF7D8FF03468DF81730019B039386
:10A4D000039B00221A60244B1B68002B06D1224AE2
:10A4E000039B1360204A039B536006E01E4B5B688E
:10A4F000039A1A601C4A039B53609DF81730184654
:10A50000FFF7C9FF2CE0019B1B7F022B21D1FFF736
:10A51000B2FF03468DF81730019B0493049B002281
:10A520001A60124B1B68002B06D1104A049B136063
:10A530000E4A049B536006E00C4B5B68049A1A6059
:10A540000A4A049B53609DF817301846FFF7A3FF93
:10A5500006E0019B1B7F012B02D1019808F022FA33
:10A5600000BF07B05DF804FB401800244818002421
:10A5700084B001900091019B1B680393009B1B68B2
:10A58000002B15D0039B002B12D0009B5B68039A15
:10A590009A4206D1009B019A5A60019B00221A60E0
:10A5A00003E0039B1A68019B1A60039B00221A6058
:10A5B000039B184604B0704784B00190019B1B6850
:10A5C0000393039B002B0DD0039B1A68019B1A6019
:10A5D000019B1B68002B02D1019B00225A60039B48
:10A5E00000221A60039B184604B0704782B0EFF354
:10A5F00011830193019BDBB2184602B0704782B011
:10A600000190019B83F3118800BF02B0704700B531
:10A6100083B0FFF7EBFF03468DF807308020FFF78C
:10A62000EEFF9DF80730184603B05DF804FB00B557
:10A6300083B003468DF807309DF807301846FFF7C2
:10A64000DEFF00BF03B05DF804FB00B587B00190EA
:10A650000091019B9B680393FFF7D9FF03468DF898
:10A660000B3000230493039BD3F81032059304E0CE
:10A67000059B0493059B1B680593059B002B0ED03F
:10A68000059B1B7A1A46009B9342F1D1059B5B68A0
:10A69000002B04D0059B5B68019A9A42E8D1059B88
:10A6A000002B10D0049B002B07D0039B03F50473F1
:10A6B00019460498FFF75CFF05E0039B03F504735C
:10A6C0001846FFF779FF9DF80B301846FFF7AFFFEC
:10A6D000059B184607B05DF804FB82B0EFF31183C9
:10A6E0000193019BDBB2184602B0704782B0019023
:10A6F000019B83F3118800BF02B0704700B583B09F
:10A70000FFF7EBFF03468DF807308020FFF7EEFFE1
:10A710009DF80730184603B05DF804FB00B583B020
:10A7200003468DF807309DF807301846FFF7DEFF27
:10A7300000BF03B05DF804FB00B587B00190019B3A
:10A740001B7D002B21D1FFF7D9FF03468DF8173071
:10A75000019B0393039B00221A60244B1B68002B70
:10A7600006D1224A039B1360204A039B536006E0F4
:10A770001E4B5B68039A1A601C4A039B53609DF84A
:10A7800017301846FFF7CAFF2CE0019B1B7D022BF8
:10A7900021D1FFF7B3FF03468DF81730019B0493D7
:10A7A000049B00221A60124B1B68002B06D1104A32
:10A7B000049B13600E4A049B536006E00C4B5B68DD
:10A7C000049A1A600A4A049B53609DF81730184691
:10A7D000FFF7A4FF06E0019B1B7D012B02D101982E
:10A7E00008F0E0F800BF07B05DF804FB5018002443
:10A7F0005818002400B585B00190012303930BE0A5
:10A800000399019806F012F80346002B01D0039B30
:10A8100007E0039B01330393039B3F2BF0DD4FF0D5
:10A82000FF33184605B05DF804FB000086B00190C8
:10A830000091019B1A68194B1B68D31A0593019B61
:10A840005A68164B5B68D31A0493049B002B06DAF4
:10A85000049A134B13440493059B013B0593059BFA
:10A86000002B03DA0023059300230493059B029336
:10A87000049B0393029B642203FB02F2039B194691
:10A88000084B0B440849A1FB03139B0D1A44009B82
:10A890001A600023184606B0704700BF041C00244D
:10A8A00000CA9A3B7F9698006BCA5F6B00B583B075
:10A8B0000A4B1B680193019B93F8343019460198A9
:10A8C000FEF78AFE0090009B002B02DA4FF0FF3368
:10A8D00000E00023184603B05DF804FBA80C002438
:10A8E00082B0EFF311830193019BDBB2184602B0F3
:10A8F000704782B00190019B83F3118800BF02B0C2
:10A90000704700B583B0FFF7EBFF03468DF80730C3
:10A910008020FFF7EEFF9DF80730184603B05DF882
:10A9200004FB00B583B003468DF807309DF807306F
:10A930001846FFF7DEFF00BF03B05DF804FB000020
:10A9400000B589B001900091009B002B02D11D4BF6
:10A950001B680093009B9B68069303AB184605F0A9
:10A9600006FFFFF7CEFF03468DF81730069BD3F89E
:10A970001032079313E0079B5B68002B04D0079B02
:10A980005B68009A9A4207D1079B1B7A1A4603AB71
:10A990001146184605F0B4FE079B1B680793079BFA
:10A9A000002BE8D19DF817301846FFF7BAFF019B3E
:10A9B0001A4603AB93E8030082E80300019809B04C
:10A9C0005DF804FBA80C002400BF704708B502F036
:10A9D000F1FB00F00BFF00F045FF00BF08BD82B0A7
:10A9E000EFF311830193019BDBB2184602B070476D
:10A9F00082B00190019B83F3118800BF02B07047C1
:10AA000000B583B0FFF7EBFF03468DF807308020D9
:10AA1000FFF7EEFF9DF80730184603B05DF804FB22
:10AA200000B583B003468DF807309DF8073018460F
:10AA3000FFF7DEFF00BF03B05DF804FB82B00190BA
:10AA4000044B1B68012202FA03F3013B184602B0D3
:10AA5000704700BF2C1F002400B583B0019024F084
:10AA60004DF80346184603B05DF804FB00B589B005
:10AA70000390029101920093029A019B1343069363
:10AA8000FFF7BEFF03468DF8173000F039F8069B3C
:10AA9000002B23D0009B002B20D0154A009B136075
:10AAA000144A0A9B13600023079312E00122079BBC
:10AAB00002FA03F30493069A049B1340002B05D07B
:10AAC000079B00220C49184624F046F8079B0133E7
:10AAD00007930A4B1B68079A9A42E7D39DF81730F1
:10AAE0001846FFF79DFF00BF09B05DF804FB00BFEB
:10AAF000301F0024341F00245DAB00082C1F0024ED
:10AB000000B583B0FFF77CFF03468DF803300023C8
:10AB1000019308E0019B00220021184624F01CF854
:10AB2000019B013301930A4B1B68019A9A42F1D3AE
:10AB3000084B00221A60084B00221A609DF803306F
:10AB40001846FFF76DFF00BF03B05DF804FB00BFC0
:10AB50002C1F0024301F0024341F002400B585B0B2
:10AB6000039002910192084B1B68002B06D0064B04
:10AB70001B68064A12681146054898470023184684
:10AB800005B05DF804FB00BF301F0024341F002413
:10AB9000FC9C040800B583B0019023F04DFF0346F0
:10ABA000054A13600549019804F03AFE0346184629
:10ABB00003B05DF804FB00BF2C1F0024FC9C0408BC
:10ABC00082B0EFF311830193019BDBB2184602B010
:10ABD000704782B00190019B83F3118800BF02B0DF
:10ABE000704700B583B0FFF7EBFF03468DF80730E1
:10ABF0008020FFF7EEFF9DF80730184603B05DF8A0
:10AC000004FB00B583B003468DF807309DF807308C
:10AC10001846FFF7DEFF00BF03B05DF804FB00B588
:10AC200085B001900B468DF80330019B5B685A1C80
:10AC3000019B5A60019B38330122012118461EF006
:10AC400070FA0023039316E0039B2C2202FB03F30C
:10AC50000833019A13440293029B9B6A002B0ED087
:10AC6000029B986A0299029B0C33012225F0D4FCC6
:10AC7000039B01330393039B002BE5DD00E000BF42
:10AC80000023184605B05DF804FB84B00190019BD9
:10AC9000DB680393039BDB690293029B5B681A46A4
:10ACA000019B1A610023184604B0704700B589B0B3
:10ACB000039002910192039BDB680793079BDB697A
:10ACC0000693019B002B01D1002320E0039B9B688E
:10ACD000002B01DD00231AE0069B5B681A46039BEC
:10ACE0001A61069B5B6B1B68029906989847059052
:10ACF000059B002B01DA059B09E0029B1B78303392
:10AD0000DAB2029B1A70039B01229A600123184653
:10AD100009B05DF804FB00B589B00390029101927F
:10AD2000039BDB680693069BDB690593059B1B78F9
:10AD3000032B06D0059B1B78042B02D06FF00C036D
:10AD400026E0019B002B22D0029B1B78302B03D1E5
:10AD500000238DF81F300AE0029B1B78312B03D1B2
:10AD600001238DF81F3002E06FF0150310E0059B02
:10AD70005B6B5B689DF81F2011460598984704900F
:10AD8000049B002B01DA049B02E0012300E0002376
:10AD9000184609B05DF804FB84B00390029101925B
:10ADA000019B012B02D0019B022B02D16FF02503E6
:10ADB0000CE0019B002B07D1029B002B04D1039BCD
:10ADC00000229A60002301E06FF01503184604B0DA
:10ADD0007047000000B58FB00390029101920023EC
:10ADE0000D93039BDB680A930A9BDB690993029A24
:10ADF0006FF40C531344052B00F2618101A252F849
:10AE000023F000BF1DAE000853AE000871AE00086D
:10AE10007FAE000851AF000859B00008099B1B78AD
:10AE2000032B03D0099B1B78042B0ED1099B5B6B72
:10AE30005B68019A002A14BF01220022D2B2114697
:10AE4000099898470D9000BF48E16FF00C030D93EF
:10AE500044E1019B0493099B5B681A46039B1A61BA
:10AE6000099B5B6B1B680499099898470D9035E125
:10AE7000019B0593099B1A78059B1A702EE1099B8B
:10AE80001B78042B60D9FFF7ACFE03468DF8223007
:10AE9000019B002B32D026F01DF9079000230C9364
:10AEA0001DE00C9B2C2202FB03F30833099A134488
:10AEB0000693069B9B6A002B04D0069B9B6A079A0D
:10AEC0009A4209D1069B01990C22184607F08BF98A
:10AED000069B079A9A6205E00C9B01330C930C9B2E
:10AEE000002BDEDD0C9B012B08D19DF8223018468B
:10AEF000FFF787FE6FF00F030D93EFE0099B5B7880
:10AF00005A1CD1B2099A5170002B05D09DF82230FD
:10AF10001846FFF776FEE1E09DF822301846FFF76D
:10AF200070FE099B5B6B9B686F49099898470D9071
:10AF30000D9B002BC0F2C780099B5B6BDB68012176
:10AF4000099898470D90BEE06FF00C030D93BAE09E
:10AF5000099B1B78042B7BD9FFF743FE03468DF832
:10AF6000223026F0B7F8079000230C9346E0099AA8
:10AF70000C9B2C2101FB03F3134430331B68079A0D
:10AF80009A4238D10C9B01330B930CE0099A0B9B2E
:10AF90002C2101FB03F3134430331B68002B06D034
:10AFA0000B9B01330B930B9B002BEFDD00E000BFED
:10AFB0000B9B013B0B930B9A0C9B9A4211D00C9B61
:10AFC0002C2202FB03F30833099AD0180B9B2C2286
:10AFD00002FB03F30833099A13442C22194607F0A5
:10AFE00002F9099A0B9B2C2101FB03F31344303324
:10AFF00000221A6005E00C9B01330C930C9B002B84
:10B00000B5DD099B5B78013BDAB2099B5A70099B5D
:10B010005B78002B05D09DF822301846FFF7F1FD34
:10B020005CE09DF822301846FFF7EBFD099B5B6B57
:10B03000DB680021099898470D900D9B002B44DB9D
:10B04000099B5B6B9B680021099898470D903CE039
:10B050006FF00C030D9338E0019B8DF823309DF8C1
:10B060002330102B03D96FF015030D9336E0099BA5
:10B070001B789DF823209A4229D0099B1B78042B2A
:10B0800009D9099B5B6BDB680021099898470D90F3
:10B090000D9B002B1DDB099B5B6B1B699DF823201F
:10B0A0001146099898470D900D9B002B13DB9DF8D6
:10B0B0002330022B11D99DF82330042B0DE06FF0C3
:10B0C00018030D930AE000BF08E000BF06E000BFD0
:10B0D00004E000BF02E000BF00E000BF0D9B184687
:10B0E0000FB05DF804FB00BF1FAC000800B58BB0CB
:10B0F0000390029113468DF80730039BDB6807939A
:10B10000079BDB69069300230893FFF76AFD03465C
:10B110008DF817309DF80730002B35D000230993A8
:10B1200023E0069B099A0E3253F82230002B19D1E6
:10B130000299069B099A0E3243F82210029B099A43
:10B140000E32920006990A445A61069B5B68039A84
:10B15000126993420DD002AB0122012118461DF065
:10B16000E0FF06E0099B01330993099B002BD8DD22
:10B1700000E000BF099B002B13DD029B00225A61F7
:10B180006FF00F0308930CE0029B5B69002B08D063
:10B19000029B5B690493049B00221A60029B0022BD
:10B1A0005A619DF817301846FFF72BFD089B18468B
:10B1B0000BB05DF804FB000000B587B00190009172
:10B1C000009B02A8064A102105F087FB02AB194636
:10B1D000019800F007F80346184607B05DF804FB35
:10B1E0003C9D040800B58DB001900091019B1B7837
:10B1F000022B02DC002B10DA03E0033B012B00D80A
:10B200000EE0019B5B6BDB680021019898470B9077
:10B210000B9B002B03DA0B9B10E000BF00E000BF8C
:10B2200003A8009B074A202105F057FB03A8019BB8
:10B230004FF4DB7204491FF0B1FB034618460DB012
:10B240005DF804FB449D04080C9D040800B583B020
:10B250000190019B1B681B68012101989847019B85
:10B260001B68DB68002B05D0019B1B68DB68002195
:10B2700001989847019B1B681B69002B05D0019B17
:10B280001B681B69082101989847019B1B689B68F4
:10B29000074901989847019B1B685B6801224FF49E
:10B2A00080210198984700BF03B05DF804FB00BF00
:10B2B000005A620200B583B00190019B1B685B6875
:10B2C00000224FF4802101989847019B1B681B685E
:10B2D00000210198984700BF03B05DF804FB00B55A
:10B2E00083B001900B468DF80330019B1B6B1B68EC
:10B2F0009B69019A106B01224FF480219847019BB2
:10B300001B6B1B68DB69019A126B9DF803101046DA
:10B31000984700BF03B05DF804FB10B584B00390FC
:10B3200002910192019B002B16D0029B002B13D09F
:10B33000039B1B6B1B689B69039A106B00224FF4E5
:10B3400080219847039B1B6B1B681C6A039B186B2F
:10B35000019B00220299A04700BF04B010BD00B5B8
:10B3600087B00390029101920023059357E0059A5C
:10B3700013465B0013449B001A46029B13441B7840
:10B3800019460398FFF7ABFF059A13465B00134479
:10B390009B001A46029B13445B68002B20D0059A41
:10B3A00013465B0013449B001A46029B13441B7A0E
:10B3B000002B15D0059A13465B0013449B001A46D8
:10B3C000029B13445968059A13465B0013449B0083
:10B3D0001A46029B13441B7A1A460398FFF79DFFF7
:10B3E000059A13465B0013449B001A46029B1344C4
:10B3F0005B89002B10D0059A13465B0013449B0019
:10B400001A46029B13445B891A464FF47A7302FB77
:10B4100003F31846FAF774F8059B01330593059A70
:10B42000019B9A42A3D300BF00BF07B05DF804FBA5
:10B4300000B587B00390084611461A460346ADF89A
:10B440000A300B46ADF808301346ADF806302A2115
:10B450000398FFF744FFBDF80A301B0A9BB2DBB22A
:10B460008DF81430BDF80A30DBB28DF81530BDF818
:10B4700006301B0A9BB2DBB28DF81630BDF80630E1
:10B48000DBB28DF8173005AB042219460398FFF79D
:10B4900044FF2B210398FFF722FFBDF808301B0A59
:10B4A0009BB2DBB28DF81430BDF80830DBB28DF8FA
:10B4B0001530BDF820301B0A9BB2DBB28DF8163078
:10B4C000BDF82030DBB28DF8173005AB04221946E9
:10B4D0000398FFF722FF00BF07B05DF804FB82B0BE
:10B4E00001900091009B0B221A70009B4FF4F072A8
:10B4F0005A80009B4FF4A0729A80009B01229A719F
:10B500000023184602B0704786B003900291019262
:10B51000039B0593059B5A6B019B1A60019B4FF49B
:10B5200096225A60019B4FF470721A81019B10227F
:10B53000DA72019B4FF4F072DA60019B4FF4A07253
:10B540001A61019B00225A61019B00229A6100232B
:10B55000184606B0704710B58CB003900291039B5B
:10B560000893089B1B6B1846FFF770FE029B198817
:10B57000029B5888029B1A88029B9B8813449BB2AB
:10B58000013B9CB2029B5A88029BDB8813449BB20E
:10B59000013B9BB20093234602460898FFF748FF01
:10B5A0002C210898FFF79BFE089B1B6B1B689B696F
:10B5B000089A106B00224FF480219847029B9B88C9
:10B5C0000793079B5B000693089B5A6B029B5B8863
:10B5D00019460B461B015B1A5B011946029B1B882F
:10B5E0000B445B0013440B93069807F0EBF90346FA
:10B5F0000593059B002B07D1089B1B6B1846FFF793
:10B6000059FE6FF00B0344E000230A9332E000235D
:10B6100009931AE0099B5B000B9A13441B88ADF851
:10B620001230BDF912301B021AB2BDF812301B0ADB
:10B630009BB21BB2134319B2099B5B00059A1344DA
:10B640008AB21A80099B01330993099B079A9A428F
:10B65000E0D8089B1B6B1B681C6A089B186B069B39
:10B6600000220599A0470B9B03F570730B930A9B6F
:10B6700001330A93029BDB881A460A9B9342C6DB7E
:10B68000059807F08FF9089B1B6B1846FFF712FE11
:10B69000002318460CB010BD00B585B001901B4BBF
:10B6A00003934FF4962007F0C3F90246039B5A63B5
:10B6B000039B5B6B002B01D1002323E0039B144A07
:10B6C0001A60039B134A5A60039B134A1A61039B37
:10B6D000019A1A63039B002283F83820039B1B6B9B
:10B6E0001846FFF7B3FD13220C490398FFF737FE06
:10B6F000039B1B6B1846FFF7DDFD039B012283F8BC
:10B700003820039B184605B05DF804FB381F002461
:10B71000DFB4000809B5000857B50008A09D04086B
:10B7200082B00190044B1B68012202FA03F3013B33
:10B73000184602B0704700BF741F002400B585B0E2
:10B740000390029113468DF807309DF80730194693
:10B75000029822F0E1FC00BF05B05DF804FB00B5E3
:10B7600083B001900091009822F0F0FC00BF03B07C
:10B770005DF804FB00B583B0019022F0B3FC0346F2
:10B78000054A13600549019804F040FA034618463B
:10B7900003B05DF804FB00BF741F0024849E0408FE
:10B7A00084B00390029101920023184604B07047C0
:10B7B00084B0039002910192019B184604B0704737
:10B7C00000B585B00390029113468DF807309DF8BF
:10B7D0000730002B05D002AB0522012118461DF0D1
:10B7E000A0FC0023184605B05DF804FB08B5002353
:10B7F0004FF4DB72024903481FF0D0F800BF08BDC8
:10B80000909E0408C09E040800B585B00390029184
:10B810000192019A0021029806F080FC019B1846D3
:10B8200005B05DF804FB84B0039002910192019B86
:10B83000184604B0704700B585B0039002911346D6
:10B840008DF807309DF80730002B05D002AB05229C
:10B85000012118461DF065FC0023184605B05DF86F
:10B8600004FB000008B500234FF4DB7202490348D3
:10B870001FF094F800BF08BDCC9E0408FC9E04088D
:10B8800000B583B00190019B1846FCF76DFA0346A2
:10B89000184603B05DF804FB00B585B00190019B2C
:10B8A000184604F00DFE0390039B184605B05DF8A2
:10B8B00004FB00B583B00190019B184604F0C2FE62
:10B8C0000346184603B05DF804FB00B583B0019051
:10B8D000019B01211846FEF738F800BF03B05DF860
:10B8E00004FB82B0EFF311830193019BDBB2184696
:10B8F00002B0704782B00190019B83F3118800BFB2
:10B9000002B0704700B583B0FFF7EBFF03468DF838
:10B9100007308020FFF7EEFF9DF80730184603B090
:10B920005DF804FB00B583B003468DF807309DF841
:10B9300007301846FFF7DEFF00BF03B05DF804FBD9
:10B9400082B0EFF305830193019B184602B0704764
:10B9500008B5FFF7F5FF0346002B14BF01230023B2
:10B96000DBB2184608BD00B58FB001900091019B75
:10B97000DB680D930D9BDB690C93009B002B01D1C1
:10B98000002323E003AB20220021184606F0C6FB6B
:10B990000C9B9B6F1B6903AA40F201110198984709
:10B9A0000B900B9B002B10DB0A9A009BDB699A42E1
:10B9B00001D001230AE0059A009B9B68534023F4C1
:10B9C0004863002B01D0012300E0002318460FB08C
:10B9D0005DF804FB00B587B00390029101920093DB
:10B9E000FFF790FF03468DF81730F9F717FB029B1E
:10B9F00020339B00039AD018019A029BD31A009A15
:10BA000019461DF08EFBF9F76BFB9DF817301846B1
:10BA1000FFF788FF00BF07B05DF804FB00B589B0F1
:10BA20000390029113468DF80730039BB3F8503012
:10BA30001BB201330793039BB3F954301A46079B9B
:10BA4000934201DB00230793039BB3F852301BB2F0
:10BA50001A46079B934211D0039B9B6D039AB2F841
:10BA6000502012B21344029AD2B21A70079B1AB233
:10BA7000039BA3F8502000BF002332E09DF807305D
:10BA8000002B2CD0FFF73EFF03468DF81730039BA9
:10BA9000B3F852301BB21A46079B934202D00023E0
:10BAA000069311E0039B9B6F5B6A01210398984703
:10BAB000039B1033184604F003FD0690039B9B6F15
:10BAC0005B6A0021039898479DF817301846FFF7E6
:10BAD00029FF069B002BA8DA6FF0030301E06FF04B
:10BAE0000A03184609B05DF804FB00B587B003905F
:10BAF00002910192029B059331E000BF039B9B6F73
:10BB00009B6A03989847034683F00103DBB2002B3E
:10BB1000F4D1039B9B6F9B6B002B13D0039B9B6FFC
:10BB20009B6B019A0599039898470490049B002BFE
:10BB300015DD049B059A13440593049B019AD31ABF
:10BB400001930CE0039B9B6F1A6A059B591C05919E
:10BB50001B78194603989047019B013B0193019B79
:10BB6000002BCAD100BF00BF07B05DF804FB000086
:10BB700000B589B003900291019200230793019BC5
:10BB80000693039B9B6803F00103002B43D0002323
:10BB900006933CE0029A069B13441B780593059B91
:10BBA0000D2B17D1039B9B6803F00803002B11D0CA
:10BBB000029A079BD118069A079BD31A1A46039834
:10BBC000FFF793FF01221B490398FFF78EFF069BA7
:10BBD00001330793059B0A2B16D1039B9B6803F047
:10BBE0002403002B10D0029A079BD118069A079BBA
:10BBF000D31A1A460398FFF778FF01220E490398DB
:10BC0000FFF773FF069B0793069B01330693069A83
:10BC1000019B9A42BED3029A079BD118069A079BB2
:10BC2000D31A1A460398FFF760FF019B184609B024
:10BC30005DF804FB389F04083C9F040800B589B0F8
:10BC4000019000910023079300230693009B5B68FB
:10BC50000493002305932CE0009B1A68059BDB00EE
:10BC600013440393039B5B68002B1ED0039B19684E
:10BC7000039B5B681A460198FFF77AFF0290029BCC
:10BC8000002B02DA029B079317E0069A6FF000433D
:10BC90009B1A029A9A4203DD6FF04A0307930CE065
:10BCA000069A029B1344069300E000BF059B0133F4
:10BCB0000593059A049B9A42CEDB079B002B04D088
:10BCC000069B002B01D1079B00E0069B184609B09C
:10BCD0005DF804FB00B589B003900B4601928DF826
:10BCE0000B30039B40331846FFF7D6FD0790079BA8
:10BCF000002B58DBFFF706FE03468DF81B300023B0
:10BD0000079311E0039B9B6F5B6A0121039898479F
:10BD1000039B1033184604F0D3FB0790039B9B6FE3
:10BD20005B6A002103989847079B002B09DB039B64
:10BD3000B3F850301AB2039BB3F852301BB29A4298
:10BD4000E0D19DF81B301846FFF7ECFDFAF745FEF1
:10BD50000590079B002B21DB15E04FF47A7023F050
:10BD6000A5FDFAF73AFE0246059BD31A0493049AFE
:10BD7000019B9A4207D3039B40331846FFF799FD76
:10BD80006FF06D0310E0039B9B6FDB6A039898478D
:10BD9000034683F00103DBB2002BDED1039B40336B
:10BDA0001846FFF786FD079B184609B05DF804FBAF
:10BDB00000B587B0039002910192039B9B6F1B69B2
:10BDC000002B30D0039B40331846FFF765FD0590EC
:10BDD000059B002B21DB039B9B6F1B69002240F21C
:10BDE0000F11029898470590059B002B15DB019BCE
:10BDF000002B05D0019B4FF47A7202FB03F300E0A5
:10BE00000D4B184623F052FD039B9B6F1B690022CC
:10BE10004FF48871029898470590039B4033184669
:10BE2000FFF747FD02E06FF018030593059B1846E6
:10BE300007B05DF804FB00BF801A060000B587B0AC
:10BE40000190019BDB680493049BDB690393039BD4
:10BE500030331846FFF720FD0590059B002B01DAD3
:10BE6000059B5BE0039B1B7801338DF80B309DF83D
:10BE70000B30002B03D16FF01703059348E09DF8BA
:10BE80000B30012B40D1FFF73DFD03468DF80A3002
:10BE9000039B9B7883F00103DBB2002B0ED0039B46
:10BEA0009B6F1B68039898470590059B002B05DA4C
:10BEB0009DF80A301846FFF735FD29E0039B9B6F7C
:10BEC0009B68039898470590059B002B11DA039B0C
:10BED0009B7883F00103DBB2002B04D0039B9B6FA4
:10BEE0005B68039898479DF80A301846FFF71AFDDB
:10BEF0000EE0039B9B6F9B690121039898479DF877
:10BF00000A301846FFF70EFD039B9DF80B201A70B0
:10BF1000039B30331846FFF7CCFC059B184607B04F
:10BF20005DF804FB00B587B00190019BDB680593C9
:10BF3000059BDB690493049B30331846FFF7ACFC88
:10BF4000049B1B78012B0CD9049B1B78013BDAB2B4
:10BF5000049B1A70049B30331846FFF7AAFC002399
:10BF600069E0049B00221A70049B9B6F9B6900216F
:10BF700004989847019B1B6803F04003002B05D1F0
:10BF80004FF4C87200210498FFF7A4FEFFF7BAFC33
:10BF900003468DF80F30049B9B6FDB68049898472D
:10BFA000049B9B7883F00103DBB2002B04D0049B3D
:10BFB0009B6F5B68049898479DF80F301846FFF711
:10BFC000B1FC049800F0C2FD049800F0E3FD049B6E
:10BFD000DB78002B29D0049B30331846FFF769FC2F
:10BFE000049B40331846FFF74BFC049B5C33184618
:10BFF000FFF746FC049B30331846FFF741FC049BD7
:10C0000010331846FBF7B0FE049B20331846FBF7AD
:10C01000ABFE049B9B6F1B6B002B04D0049B9B6FA0
:10C020001B6B04989847002305E0049B30331846A7
:10C03000FFF73FFC0023184607B05DF804FB000043
:10C0400000B58BB001900091019BDB680693069BC5
:10C05000DB690593059B5C3304930023099300235C
:10C060008DF82330059B5C331846FFF715FC0790CD
:10C07000079B002B01DA079BB2E1009B9B680393AF
:10C0800089E1049B5B8AADF82030049B1B8A1BB2BC
:10C09000BDF920209A4200F0E880049B9A69BDF91E
:10C0A000203013441B788DF80A30BDF8203001335E
:10C0B0009BB2ADF82030049BB3F91430BDF92020B9
:10C0C0009A4202DB0023ADF82030049BBDF820200B
:10C0D0005A82059B5B6803F4E073002B25D09DF822
:10C0E0000A300A2B09D1059B5B6803F04003002B43
:10C0F00003D00D238DF80A300CE09DF80A300D2B8B
:10C1000008D1059B5B6803F48073002B02D00A23DF
:10C110008DF80A309DF80A300D2B06D1059B5B681F
:10C1200003F08003002B40F03381059BDB6803F0B4
:10C130000203002B31D09DF80A30082B03D09DF864
:10C140000A307F2B29D1099B002B40F323810999C9
:10C150000123A54A00981DF036FE099B013B099377
:10C16000059BDB6803F00803002B00F0138101221C
:10C1700008210598FFF752FC012220210598FFF7BE
:10C180004DFC012208210598FFF748FC059B9B6F99
:10C190005B6A012105989847FCE009990DF10A02B4
:10C1A000012300981DF00FFE099B01330993059BA5
:10C1B000DB6803F00803002B4AD09DF80A301B2BE4
:10C1C00003D1059B02225A70E5E0059B5B78022BA8
:10C1D00007D19DF80A305B2B03D0059B00225A70D3
:10C1E0000AE0059B5B78002B06D0059B5B78013B42
:10C1F000DAB2059B5A70CEE09DF80A30184603F07B
:10C200006BFE0346002B03D09DF80A300A2B1FD18A
:10C210009DF80A300A2B04D101220D210598FFF761
:10C22000FDFB9DF80A30012219460598FFF7F6FB41
:10C23000059BDB6803F00203002B06D0059B9B6F78
:10C240005B6A01210598984702E001238DF82330AD
:10C25000059BDB6803F00203002B00F09C809DF837
:10C260000A300A2B40F097809CE0FFF74BFB034617
:10C270008DF80B30059B9B6F9B69002105989847B3
:10C28000049B1B8A1AB2049B5B8A1BB29A4273D12D
:10C29000059B9B6F9B69012105989847049B1B8A0E
:10C2A0001AB2049B5B8A1BB29A4205D09DF80B30F0
:10C2B0001846FFF737FB6EE0099B002B0BDD059B53
:10C2C000DB6803F00203002B05D19DF80B30184604
:10C2D000FFF728FB66E0019BDB68002B08D16FF0BD
:10C2E0004C0309939DF80B301846FFF71BFB59E0F0
:10C2F000019B1B6803F04003002B08D06FF00A037A
:10C3000009939DF80B301846FFF70CFB4AE0059B9C
:10C31000DB6803F00203002B10D0059B5C3318464A
:10C32000FFF7C7FA059B2033184604F0C9F80790B9
:10C33000059B5C331846FFF7AFFA0FE0059B5C33B3
:10C340001846FFF7B6FA059B2033184604F0B8F8F4
:10C350000790059B5C331846FFF79EFA9DF80B305B
:10C360001846FFF7DFFA079B002B14DA099B002B16
:10C3700017D1079B099314E09DF80B301846FFF77F
:10C38000D1FA059B9B6F9B6901210598984702E0B4
:10C3900000BF00E000BF099A039B9A42FFF671AE0E
:10C3A00000E000BF9DF82330002B05D0059B9B6F5C
:10C3B0005B6A012105989847059B9B6F9B6901214A
:10C3C00005989847059B5C331846FFF772FA099B5E
:10C3D000002B04DB099B194600981DF096FC099B75
:10C3E00018460BB05DF804FB3E9F040800B589B009
:10C3F00001900091019BDB680493049BDB6903932C
:10C40000FFF7A6FA0346002B04D123F0D7F8034622
:10C41000002B10D0FFF776FA03468DF80A3000990A
:10C420000398FFF70BFC05909DF80A301846FFF7BC
:10C4300079FA059B8AE0009B9B680793079B06930C
:10C44000039B40331846FFF727FA0590059B002B06
:10C4500001DA059B7AE0019B1B6803F04003002B87
:10C460000CBF012300238DF80B30039B9B6F5B6A8D
:10C4700000210398984750E00DF1090201230021A3
:10C4800000981DF0E9FC00230593039B9B6803F0D3
:10C490000103002B1ED09DF809300D2B08D1039B02
:10C4A0009B6803F00803002B02D00A238DF80930A3
:10C4B0009DF809300A2B0DD1039B9B6803F02403E0
:10C4C000002B07D09DF80B301A460D210398FFF77B
:10C4D000A5FA0590059B002B09DB9DF8093019464C
:10C4E0009DF80B301A460398FFF798FA0590059BC4
:10C4F000002B0BDA069A079B9A4204D2079A069BF6
:10C50000D31A07930CE0059B079309E001210098DB
:10C510001DF0FBFB069B013B0693069B002BABD15A
:10C52000039BB3F850301AB2039BB3F852301BB2DE
:10C530009A4205D0039B9B6F5B6A01210398984741
:10C54000039B40331846FFF7B4F9079B184609B020
:10C550005DF804FB00B58DB0039002910192039B3E
:10C56000DB680793079BDB690693019B05936FF0DC
:10C5700018030B93069B9B6F1B69002B12D0029B29
:10C58000B3F5817F06D105990398FFF7ECF90346CF
:10C59000002B07D0069B9B6F1B69019A0299039899
:10C5A00098470B900B9B13F1190F40F02781029BCA
:10C5B000B3F5427F00F0A680029BB3F5427F00F303
:10C5C0001D81029B40F20732934265D0029BB3F576
:10C5D000427F80F21381029BB3F58B7F20DA029BAE
:10C5E000B3F5867F40F30A81029BA3F20D13082B5B
:10C5F00000F2048101A252F823F000BFD9C700085D
:10C60000E7C70008FDC70008FDC70008FDC7000810
:10C61000FDC70008FDC7000875C70008C9C70008A6
:10C62000029B40F20632934240F0E880FFF76AF93D
:10C6300003468DF81130069BB3F86E301AB2069B94
:10C64000B3F86C301BB29A420BDC069BB3F86C302B
:10C650001BB21A46069BB3F86E301BB2D31A0A936C
:10C660000FE0069BB3F970301A46069BB3F86E30A4
:10C670001BB21946069BB3F86C301BB2CB1AD31A07
:10C680000A939DF811301846FFF74CF9019B0A9A5E
:10C690001A6000230B93B1E0FFF734F903468DF8DD
:10C6A0001230069BB3F852301AB2069BB3F85030E2
:10C6B0001BB29A420BDC069BB3F850301BB21A46F1
:10C6C000069BB3F852301BB2D31A09930FE0069BB6
:10C6D000B3F954301A46069BB3F852301BB21946D0
:10C6E000069BB3F850301BB2CB1AD31A09939DF8AE
:10C6F00012301846FFF716F9019B099A1A600023B9
:10C700000B937BE0FFF7FEF803468DF81330069B92
:10C71000B3F850301AB2069BB3F852301BB29A42AB
:10C720000CDA069BB3F852301BB21A46069BB3F8DC
:10C7300050301BB2D31A013B089310E0069BB3F9AB
:10C7400054301A46069BB3F850301BB21946069B6C
:10C75000B3F852301BB2CB1AD31A013B08939DF8A1
:10C7600013301846FFF7DEF8019B089A1A60002381
:10C770000B9343E0FFF7C6F803468DF81030019B9A
:10C78000002B02D0019B022B06D1069BB3F86C3024
:10C790001AB2069BA3F86E20019B012B02D0019BCD
:10C7A000022B09D1069BB3F850301AB2069BA3F8AE
:10C7B0005220069800F0DCF99DF810301846FFF77B
:10C7C000B1F800230B9319E04FF47A720121069817
:10C7D000FFF780FA0B9011E0019A03990698FFF792
:10C7E000E7FA0B900AE0019B642202FB03F31A466E
:10C7F00003990698FFF7DCFA0B9000BF0B9B002B08
:10C8000003D00B9B13F1190F35D1029B40F201129B
:10C81000934204D0029BB3F5817F16D02BE0059B99
:10C82000002B03D16FF015030B9324E0069B5A688D
:10C83000059B1A60069B9A68059B5A60069BDA68FE
:10C84000059BDA6000230B9315E0059B002B03D1B9
:10C850006FF015030B930EE0059B1A68069B5A6058
:10C86000059B5A68069B9A60059BDA68069BDA600E
:10C8700000230B9300BF0B9B18460DB05DF804FB23
:10C8800000B58DB00390029113468DF80730039BDD
:10C89000DB680793079BDB69069300230993069BDC
:10C8A000002B02D0029B002B02D16FF012039EE0FE
:10C8B000FFF728F803468DF817309DF80730002B56
:10C8C00074D00023089317E0069B089A203253F88F
:10C8D0002230002B0DD1069B089A2032029943F892
:10C8E0002210089B20339B00069A1A44029B5A612F
:10C8F00005E0089B01330893089B032BE4DD089BAC
:10C90000032B06DD029B00225A616FF00F0309938F
:10C9100067E09DF817301846FFF704F800230B93E3
:10C92000069B40331846FEF7B7FF069BB3F850301E
:10C930001BB201330A93069BB3F954301A460A9B83
:10C94000934201DB00230A93069BB3F852301BB2DB
:10C950001A460A9B934203D00B9B43F004030B93AC
:10C96000069B40331846FEF7A4FF069B5C3318462F
:10C97000FEF792FF069BB3F86C301AB2069BB3F831
:10C980006E301BB29A4203D00B9B43F001030B9312
:10C99000069B5C331846FEF78CFF0899089B013311
:10C9A0001A460B9B0698FFF715F818E0029B5B6987
:10C9B000002B14D0029B5B690493049B002B03D1D2
:10C9C0006FF0040309930CE0049B00221A60029BA1
:10C9D00000225A619DF817301846FEF7A3FF099B05
:10C9E00005E09DF817301846FEF79CFF099B184696
:10C9F0000DB05DF804FB00B585B00190019BDB69CB
:10CA00000393039B30331846FEF746FF0290029BC8
:10CA1000002B01DA029B36E0039B1B78002B29D107
:10CA2000039B30331846FEF744FF039B4033184600
:10CA3000FEF726FF039B5C331846FEF721FF039B9E
:10CA400030331846FEF71CFF039B10331846FBF7E4
:10CA50008BF9039B20331846FBF786F9039B9B6FEA
:10CA60001B6B002B04D0039B9B6F1B6B0398984799
:10CA7000002308E0039B0122DA70039B3033184641
:10CA8000FEF717FF0023184605B05DF804FB00B55C
:10CA900085B0019003AB1946019803F0F2FC034600
:10CAA000002B09D102E0019803F0CCFD039B5A1C36
:10CAB0000392002BF7DD00E000BF05B05DF804FB3A
:10CAC00000B583B001900091009B9B78002B11D0A2
:10CAD000009BDB6843F00B02009BDA60009B0522A1
:10CAE0009A60009B5B6843F48072009B5A60009BD5
:10CAF00000225A70009B4033184603F059FB009BFC
:10CB00005C33184603F054FB009B3033184603F0A7
:10CB10004FFB009B103300220021184603F07DFCE0
:10CB2000009B203300220021184603F076FC009B76
:10CB30004FF4DB72044901981DF030FF034618469C
:10CB400003B05DF804FB00BF089F040800B583B084
:10CB500001900123042200210198FEF73BFF019B75
:10CB600020331846FFF793FF00BF03B05DF804FBC6
:10CB700000B583B001900423042200210198FEF740
:10CB800029FF019B10331846FFF781FF00BF03B058
:10CB90005DF804FB00B583B00190019B10330021C8
:10CBA0001846FCF7D2FE019B203300211846FCF703
:10CBB000CCFE019B40331846FEF787FE019B5C3399
:10CBC0001846FEF782FE00BF03B05DF804FB10B507
:10CBD00084B001900023ADF80E3072E0019B9B6F92
:10CBE0009B6B002B45D0019BB3F852301AB2019BCE
:10CBF000B3F850301BB29A420BDA019BB3F85030B5
:10CC00001BB21A46019BB3F852301BB2D31A0293DF
:10CC100009E0019BB3F954301A46019BB3F8523036
:10CC20001BB2D31A0293019B9B6F9B6B019A926D6F
:10CC30000199B1F8521009B21144029A019898472B
:10CC40000290029B002B2FDD019BB3F852301BB2E8
:10CC50009AB2029B9BB213449BB21AB2019BA3F8F7
:10CC60005220029B9AB2BDF80E301344ADF80E303C
:10CC70001AE0019B9B6F1B6A019A926D0199B1F8B2
:10CC8000521008B281B2013189B20CB20199A1F8F7
:10CC9000524001460A441278114601989847BDF85F
:10CCA0000E300133ADF80E30019BB3F852301AB29A
:10CCB000019BB3F954309A4203DB019B0022A3F895
:10CCC0005220019BB3F850301AB2019BB3F8523096
:10CCD0001BB29A4208D0019B9B6F9B6A01989847B0
:10CCE0000346002B7FF47AAF019BB3F850301AB2A1
:10CCF000019BB3F852301BB29A4205D1019B9B6F46
:10CD00005B6A002101989847BDF80E30002B02D0D5
:10CD10000198FFF72DFF00BF04B010BD00B58BB028
:10CD20000190019B5C3308930023ADF82630B0E0FE
:10CD3000089B1B8A1BB20133089AB2F91420934254
:10CD400004DA089B1B8A1BB2013300E0002307931F
:10CD5000089B5B8A1BB21A46079B93420CBF0123B8
:10CD600000238DF81B309DF81B3083F00103DBB2EC
:10CD7000002B65D0019B9B6F5B6B002B60D0089BE9
:10CD80005B8A1AB2089B1B8A1BB29A420DDD089B74
:10CD90005B8A1BB29AB2089B1B8A1BB29BB2D31A46
:10CDA0009BB2013BADF826301DE0089B5B8A1BB2AD
:10CDB000002B0BD0089BB3F914309AB2089B1B8A46
:10CDC0001BB29BB2D31AADF826300CE0089BB3F926
:10CDD00014309AB2089B1B8A1BB29BB2D31A9BB227
:10CDE000013BADF82630089B9B69089A128A12B263
:10CDF00013440593019B9B6F5B6BBDF8262005993F
:10CE0000019898470490049B002B3FDD049BADF8EC
:10CE10002630089B1B8A1BB29AB2BDF826301344F9
:10CE20009BB21AB2089B1A82089B1B8A1AB2089BF3
:10CE3000B3F914309A422BDB089B00221A8227E0B8
:10CE4000019B9B6F5B6902AA1146019898470346B4
:10CE5000DBB28DF80F300DF10F0305930123ADF810
:10CE600026309DF81B3083F00103DBB2002B10D07D
:10CE7000089B9B69089A128A12B213449DF80F20EE
:10CE80001A70079B1AB2089B1A8202E000BF00E0EA
:10CE900000BF019B9B6FDB69019898470346002BFD
:10CEA0007FF446AF089B1B8A1AB2089B5B8A1BB2B1
:10CEB0009A420BDB089B1B8A1BB29AB2089B5B8AC7
:10CEC0001BB29BB2D31AADF8263010E0089BB3F921
:10CED00014309AB2089B5B8A1BB29BB2D31A9AB2E7
:10CEE000089B1B8A1BB29BB21344ADF82630BDF8D9
:10CEF0002630002B02D00198FFF728FE00BF0BB0B0
:10CF00005DF804FB00B583B00190019B1846FAF769
:10CF10002BFF0346184603B05DF804FB00B585B04F
:10CF20000190019B184603F0CBFA0390039B18462F
:10CF300005B05DF804FB00B583B00190019B184675
:10CF400003F080FB0346184603B05DF804FB00B510
:10CF500085B00190019BDB68DB690393039B04337D
:10CF60001846FFF7DBFF0290029B002B01DA029BC1
:10CF70000EE0039BB3F914309BB201339BB21AB29B
:10CF8000039B9A82039B04331846FFF7D4FF0023C8
:10CF9000184605B05DF804FB00B585B00190019B13
:10CFA000DB68DB690393039B04331846FFF7B6FF86
:10CFB0000290029B002B01DA029B25E0039BB3F950
:10CFC00014309BB2013B9BB21AB2039B9A82039B23
:10CFD000B3F91430002B11DC039B9B7D002B0DD08B
:10CFE000039B04331846FFF78DFF039805F0DAFC26
:10CFF000019BDB680022DA61002305E0039B043318
:10D000001846FFF798FF0023184605B05DF804FBAB
:10D0100084B00390029101920023184604B0704737
:10D0200084B0039002910192019B184604B07047AE
:10D0300000B589B0039002910192039BDB68DB6924
:10D040000693069B04331846FFF768FF0790079B7B
:10D05000002B01DA079B18E0029B42F20122934267
:10D0600009D1019B0593069B1B680599184602F0A0
:10D0700011FE079003E06FF01803079300BF069BB3
:10D0800004331846FFF757FF079B184609B05DF8B1
:10D0900004FB00B585B00190019BDB690393039B02
:10D0A00004331846FFF73AFF0290029B002B01DA87
:10D0B000029B1AE0039BB3F91430002B0CDC039B9A
:10D0C00004331846FFF71EFF039805F06BFC019B25
:10D0D0000022DA61002308E0039B01229A75039B7A
:10D0E00004331846FFF727FF029B184605B05DF88A
:10D0F00004FB000000B589B001900091182005F0F4
:10D1000097FC0790079B002B24D0079B019A1A607D
:10D11000079B0433184603F04BF803A8009B104A02
:10D120000C2103F0DAFB03A8079B4FF4DB720D49D7
:10D130001DF034FC0690069B002B09DA079B043394
:10D140001846FFF7DFFE079805F02CFC069B03E06E
:10D15000069B01E06FF00B03184609B05DF804FB75
:10D16000709F0408409F040800B583B0002301931A
:10D1700014E00F4A019B52F823300093009B002BD0
:10D1800010D0009B1B689B68002B04D0009B1B6881
:10D190009B6800989847019B01330193019B002BEA
:10D1A000E7DD00E000BF0023184603B05DF804FB94
:10D1B00028D1040882B000230193019B184602B0D5
:10D1C000704782B0EFF311830193019BDBB21846E5
:10D1D00002B0704782B00190019B83F3118800BFB9
:10D1E00002B0704700B583B0FFF7EBFF03468DF840
:10D1F00007308020FFF7EEFF9DF80730184603B098
:10D200005DF804FB00B583B003468DF807309DF848
:10D2100007301846FFF7DEFF00BF03B05DF804FBE0
:10D2200000B58BB0039002910192019B1B0CDBB205
:10D230000793019B1B0ADBB20693019BDBB20593AC
:10D24000079B9BB21B0203F47842069B9BB2DB0058
:10D2500003F4FC631A43059B9BB2DB089BB203F00B
:10D260001F0313430493029B1B6809930023089335
:10D270000FE0029B1B891A460499099804F04EFF9F
:10D28000029B1B891A46099B13440993089B01338F
:10D290000893039B9B88013B089A9A42E9DB002391
:10D2A00018460BB05DF804FB00B58DB001900091FD
:10D2B000474B9B68089300230593454B1A88019BB5
:10D2C0005B889A4202D96FF015037CE0404B5A8884
:10D2D000019B9B889A4202D96FF0150373E03C4B87
:10D2E0001B885B00184605F06DFB03460493049B06
:10D2F000002B02D16FF00B0365E0009B1A68009BC6
:10D300001B891946019B9B881846314B5B88C31AC1
:10D31000002B00DA01335B1001FB03F31946019B7C
:10D320005B8818462A4B1B88C31A002B00DA01338E
:10D330005B105B000B4413440793002306933BE010
:10D34000049B099300230A931FE0089B1B780B930F
:10D350001F4B5A68089B5B785B0013441B88ADF831
:10D360000E300A9A0B9B13440A9306E0099BBDF802
:10D370000E201A80099B023309930B9B5A1E0B92B5
:10D38000002BF3D1089B02330893114B1B881A46DC
:10D390000A9B9342D9D30E4B1B885B001A46049913
:10D3A000079804F020FF009B1B891A46079B134433
:10D3B0000793069B01330693054B5B881A46069B31
:10D3C0009342BDD3059B18460DB05DF804FB00BF2A
:10D3D00050D0040884B001900091009B0133039366
:10D3E000019B1A69039B2C2101FB03F3134418468C
:10D3F00004B0704700B589B0039002910192019981
:10D400000398FFF7E7FF0790079B002B02D16FF00F
:10D41000150316E0FFF7E6FE03468DF81B301C22CD
:10D420000299079802F0FBFD05909DF81B30184605
:10D43000FFF7E8FE059B002B02DC6FF01B0300E00A
:10D440000023184609B05DF804FB00B585B00190D3
:10D45000009100990198FFF7BDFF0390039B002BFB
:10D4600002D16FF015030DE0FFF7BCFE03468DF807
:10D470000B30039802F07FFD9DF80B301846FFF744
:10D48000C1FE0023184605B05DF804FB00B589B065
:10D490000190019BDB680793079BDB6906931020D3
:10D4A00005F0C6FA0590059B002B02D16FF00B0327
:10D4B00037E0FFF797FE03468DF81330069BDB68D5
:10D4C000002B0FD1069B1B689B68002B0AD0069B84
:10D4D0001B689B68069A1268104698470390039B46
:10D4E000002B14DB059B4FF0FF325A60069BDA6875
:10D4F000059B1A60069B059ADA60019B059A1A61E2
:10D500009DF813301846FFF77DFE002309E000BFA9
:10D510009DF813301846FFF775FE059805F042FA9E
:10D52000039B184609B05DF804FB00B58BB0019071
:10D53000019BDB680793079BDB690693019B1B69D3
:10D540000593FFF74FFE03468DF81330069BDB680B
:10D550001B68002B16D1069B1B68DB68002B11D0C3
:10D56000069B1B68DB68069A126810469847039072
:10D57000039B002B06DA9DF813301846FFF742FE96
:10D58000039B26E000230893069BDB68099304E0D5
:10D59000099B0893099B1B680993099B002B03D0E7
:10D5A000099A059B9A42F3D1089B002B04D0059B56
:10D5B0001A68089B1A6003E0059B1A68069BDA60EC
:10D5C0009DF813301846FFF71DFE059805F0EAF99F
:10D5D000002318460BB05DF804FB00B58FB0039034
:10D5E00002910192039BDB680C930C9BDB690B930C
:10D5F000039B1B690A930A9B5A6804AB19460B9854
:10D6000000F03CFC0990099B002B01DA099B27E004
:10D61000039B9B680893059B089A9A4201D30023B9
:10D620001EE0089A019B13440D93059B0D9A9A42A4
:10D6300001D3059B0D930D9A089BD31A0793049A67
:10D64000089B1344079A1946029804F0CCFD039BEB
:10D650009B681A46079B13441A46039B9A60079BD4
:10D6600018460FB05DF804FB00B58FB0039002912F
:10D670000192039BDB680C930C9BDB690B93039B70
:10D680001B690A930A9B5A6804AB19460B9800F071
:10D69000F5FB0990099B002B01DA099B28E0039B0D
:10D6A0009B680893059B089A9A4202D36FF01A036D
:10D6B0001EE0089A019B13440D93059B0D9A9A4214
:10D6C00001D3059B0D930D9A089BD31A0793049AD7
:10D6D000089B1344079A0299184604F084FD039BA3
:10D6E0009B681A46079B13441A46039B9A60079B44
:10D6F00018460FB05DF804FB00B58DB003900291A1
:10D700000192039BDB680993099BDB690893039BE8
:10D710001B690793019B022B11D0019B022B20DC7C
:10D72000019B002B08D0019B012B1AD1039B9B6806
:10D73000029A13440B9317E0029B0B9314E0079B90
:10D740005A6804AB1946089800F098FB0A900A9BA7
:10D75000002B01DA0A9B14E0059A029B13440B93F9
:10D7600002E06FF015030CE00B9B002B05DB039B25
:10D770000B9A9A600B9B0A9302E06FF015030A93D1
:10D780000A9B18460DB05DF804FB000000B5C7B059
:10D7900046ABA3F58673186046ABA3F58873196092
:10D7A00046ABA3F58A731A600023459346ABA3F5F5
:10D7B00086731B68DB684493449BDB69439346ABE9
:10D7C000A3F588731A686FF4205313441C2B00F2DE
:10D7D0007C8201A252F823F04DD800087DD80008C1
:10D7E000CBDC0008CBDC0008CBDC0008CBDC00087D
:10D7F00099D80008CBDC0008CBDC0008CBDC0008A3
:10D80000CBDC0008CBDC0008CBDC0008CBDC00085C
:10D81000CBDC0008CBDC0008CBDC0008CBDC00084C
:10D82000CBDC0008C9D80008F5D8000859D9000891
:10D8300027D9000873D90008BFD90008D3D9000838
:10D84000EFD90008FBDB0008B3DC000846ABA3F50A
:10D850008A731B683B93439B1B681B68002B03D197
:10D860006FF01803459354E2439B1B681B68439A6F
:10D8700012683B991046984745904AE246ABA3F59B
:10D880008A731B683C933C9B9B7A1A463C9943984D
:10D8900000F02FFB45903CE246ABA3F58A731B6872
:10D8A0003D93439B1B681B69002B03D16FF018034A
:10D8B00045932EE2439B1B681B69439A12683D996E
:10D8C00010469847459024E2439B1B685B6A002BF7
:10D8D00003D16FF0180345931BE2439B1B685B6AFF
:10D8E000439A106846AAA2F58A72126811469847B0
:10D8F00045900EE246ABA3F58A731B683E93439BAB
:10D900001B681B6A002B03D16FF01803459300E2DC
:10D91000439B1B681B6A439A12681046984702464D
:10D920003E9B1A60F5E146ABA3F58A731B683F93F3
:10D93000439B1B68DB69002B03D16FF018034593F1
:10D94000E7E1439B1B68DB69439A126810469847DE
:10D9500002463F9B1A60DCE1439B1B689B69439A2C
:10D96000106846AAA2F58A72126811469847459037
:10D97000CFE146ABA3F58A731B68409334AB1C22FE
:10D980004099184604F02FFC439B1B685B69002BF1
:10D990000CD0439B1B685B69439A12684099104600
:10D9A00098474590459B002BC0F2A88134AB4FF0BF
:10D9B000FF3219464398FFF71DFD4590A9E146AB9C
:10D9C000A3F58A731B6819464398FFF73EFD4590FF
:10D9D0009FE146ABA3F58A731A6842F20F731344B2
:10D9E0008D4AA2FB03235A0B439B9A6091E146ABFD
:10D9F000A3F58A731B684193439B1B681B68002B2C
:10DA000003D16FF01803459383E1439B1B681B68A8
:10DA1000439A126804A9104698474590459B002BED
:10DA2000C0F26E812DAB00221946439800F061FAD6
:10DA30004590459B002BC0F26581A02200214198B2
:10DA400004F06CFB46ABA3F584735B881A46419BDC
:10DA50001A6046ABA3F584739B881A46419B5A60B3
:10DA6000309A419B9A60319A419BDA60329A419B8D
:10DA70001A61339A419B5A619DF8BF301A46419B07
:10DA80009A6146ABA3F584731B78042B94BF0123E2
:10DA90000023DBB21A46419BDA6146ABA3F58473DF
:10DAA0001B78152B00F2308101A252F823F000BF41
:10DAB00009DB000809DD000809DD00082FDB00088C
:10DAC00009DD000809DD000809DD000809DD00089E
:10DAD00009DD000809DD000855DB00087BDB0008D4
:10DAE000A1DB0008A1DB000809DD000809DD000852
:10DAF00009DD000809DD000809DD000809DD00086E
:10DB000009DD0008C7DB0008419B00221A62419B27
:10DB10000022DA62419B00229A63419B01225A62F1
:10DB2000419B01221A63419B0122DA6364E0419B1D
:10DB300000221A62419B0022DA62419B00229A6312
:10DB4000419B08225A62419B08221A63419B08228A
:10DB5000DA6351E0419B0A221A62419B0522DA6294
:10DB6000419B00229A63419B05225A62419B0522F8
:10DB70001A63419B0522DA633EE0419B0B221A6245
:10DB8000419B0522DA62419B00229A63419B052258
:10DB90005A62419B06221A63419B0522DA632BE0FD
:10DBA000419B10221A62419B0822DA62419B0022AB
:10DBB0009A63419B08225A62419B08221A63419B47
:10DBC0000822DA6318E0419B10221A62419B082266
:10DBD000DA62419B00229A63419B18225A64419B5E
:10DBE00008225A62419B08221A63419B0822DA6389
:10DBF000419B08229A6400BF86E046ABA3F58A7376
:10DC00001B684293439B1B681B68002B06D16FF077
:10DC1000180345937DE000BF5917B7D1439B1B689C
:10DC20001B68439A126804A9104698474590459B83
:10DC3000002B6BDB26AB00221946439800F059F904
:10DC40004590459B002B63DB44220021429804F061
:10DC500065FA429804AB07331022194604F074FAAF
:10DC6000269B1A46429B1A61279A429B5A6146ABF1
:10DC7000A3F584731B782D2B07D946ABA3F58473CA
:10DC80001B783E2B01D8022200E00022429B9A61C1
:10DC900046ABA3F584731B78042B01D8012200E066
:10DCA0000222429B1A62BDF8A0301A46429BDA62F9
:10DCB0002FE0439B1A6846ABA3F58A731B6819468D
:10DCC000104600F03BF9459023E0439B1B689B6A9C
:10DCD000002B0FD0439B1B689B6A439A106846AA8F
:10DCE000A2F58A7246A9A1F5887112680968984759
:10DCF00045900EE06FF0180345930AE000BF08E07E
:10DD000000BF06E000BF04E000BF02E000BF00E08B
:10DD100000BF459B184647B05DF804FB00B58BB0CB
:10DD200001900091019BDB680993099BDB690893D3
:10DD3000019B1B690793079B5A6803AB1946089818
:10DD400000F09CF80690069B002B01DA069B20E071
:10DD5000009BDB68002B1ADB009BDB681A46049BE8
:10DD60009A4214D2009B9B68002B10D0009BDB686A
:10DD70001A46009B9B681A44049B9A4207D8039B4F
:10DD8000009AD2681A44009B5A60002301E06FF0A9
:10DD9000150318460BB05DF804FB00B58FB0039077
:10DDA000029113468DF8073000230D9300230C9346
:10DDB000039BDB680A930A9BDB690993039B1B693E
:10DDC0000893FFF70FFA03468DF81F309DF80730D0
:10DDD000002B3AD000230B9310E0089B0B9A0232E1
:10DDE00053F82230002B06D10B9B02339B00089A7C
:10DDF00013440D9305E00B9B01330B930B9B012BFD
:10DE0000EBDD0D9B002B03D16FF00F030C932BE088
:10DE1000029A0D9B1A60029B0D9A5A61089B5B68DF
:10DE200019460998FFF7D6FA0590059802F0E7F829
:10DE3000034683F00103DBB2002B15D002AB0422B2
:10DE4000012118461BF06DF90EE0029B5B69002B67
:10DE500009D0029B5B690693069B00221A60029B15
:10DE600000225A6100E000BF9DF81F301846FFF7FE
:10DE7000C9F90C9B18460FB05DF804FB00B5AFB0B4
:10DE800003900291019226AB00221946039800F0FC
:10DE900030F82D902D9B002B01DA2D9B25E0039B64
:10DEA0001B681B68039A126804A9104698472D90B6
:10DEB0002D9B002B01DA2D9B17E0269A029B1A60FE
:10DEC000279A029B5A602A9B002B06D02A9BBDF8FA
:10DED0001420B3FBF2F3DAB200E00122029B1A72C3
:10DEE0009DF8A320029B5A72002318462FB05DF8BC
:10DEF00004FB00B587B00390029113468DF80730FC
:10DF00001C220021029804F009F9029B9DF80720C9
:10DF10009A72039B1B685B68039A1068039A1279D4
:10DF20001146029A98470590059B002B01DA059B44
:10DF300000E00023184607B05DF804FB00B587B089
:10DF400001900091019BDB6A0593059B002B02D198
:10DF50006FF015031EE000990598FFF73BFA049057
:10DF6000049B002B02D16FF0150313E0FFF73AF981
:10DF700003468DF80F30049802F028F803469B08FA
:10DF8000064AA2FB032302939DF80F301846FFF7C1
:10DF900039F9029B184607B05DF804FB2549922425
:10DFA00000B5BBB0059004910392182004F040FD29
:10DFB0003790379B002B02D16FF00B03C8E0049B16
:10DFC000DAB2379B1A71379B039A1A60039B1B685E
:10DFD0000AAA1146039898473990399B002BC0F242
:10DFE000B0809DF82E303693379B5B695A1C379B67
:10DFF0005A61379B5B692C2202FB03F3184604F03D
:10E0000017FD0246379B1A61379B1B69002B00F0F6
:10E010009A800023389330E0389B5A1E33AB194660
:10E020003798FFF72BFF3990399B002B6ADB379B22
:10E030001A69389B2C2101FB03F3134418469DF801
:10E04000D4301A461346DB009B1A9B001A46002167
:10E0500001F062FF3990379B1A69389B2C2101FB34
:10E0600003F31344379A9A62339B349A002118467B
:10E0700004F054F8389B01333893379B5A69389B26
:10E080009A42C9D8369B012B06DC06A8059B324A6A
:10E09000102102F022FC07E006A8049B0093059BD8
:10E0A0002E4A102102F019FC06A8379B4FF4DB72B0
:10E0B0002B491CF073FC3990399B002B24DB2CABD3
:10E0C000002219463798FFF714FF3990399B002B2F
:10E0D0001CDB2CA90AAB00221846FFF7A1F83990E7
:10E0E000399B002B14DB2CAA0AAB11461846FFF70C
:10E0F000DBF83990399B002B0CDB039B379ADA62F3
:10E10000002325E000BF11E000BF0FE000BF0DE0DD
:10E1100000BF0BE000BF09E0379B1A69389B2C2138
:10E1200001FB03F31344184601F031FF389B5A1EDC
:10E130003892002BF0DC379B1B69184604F032FC48
:10E1400002E000BF00E000BF379804F02BFC399BD1
:10E1500018463BB05DF804FBAC9F0408B89F040868
:10E160007C9F040800B583B00190019B1B681B686D
:10E17000012101989847019B1B68DB68002B05D0A3
:10E18000019B1B68DB68002101989847019B1B6875
:10E190001B69002B05D0019B1B681B690821019896
:10E1A0009847019B1B689B6803490198984700BFEB
:10E1B00003B05DF804FB00BF40420F0000B583B020
:10E1C0000190019B1B681B6800210198984700BFC4
:10E1D00003B05DF804FB000000B583B00190019B23
:10E1E0001B68DB68002B05D0019B1B68DB680021E6
:10E1F00001989847019B1B681B69002B05D0019B68
:10E200001B681B69082101989847019B1B689B6844
:10E2100003490198984700BF03B05DF804FB00BFB5
:10E2200040420F0000B583B00190019B5B681B6802
:10E230005B68019A506801224FF48811984700BF2B
:10E2400003B05DF804FB00B583B00190019B5B68EF
:10E250001B685B68019A506800224FF48811984748
:10E2600000BF03B05DF804FB00B585B001900B461C
:10E270008DF803309DF9033003F07E035BB263F049
:10E280007F035BB28DF80F30019B5B681846FFF788
:10E2900069FF0198FFF7C6FF019B5B681B68DB699C
:10E2A000019A52689DF80F1010469847019B5B68D1
:10E2B0001B68DB69019A52680021104698470346A3
:10E2C0008DF80E300198FFF7BEFF019B5B68184682
:10E2D000FFF774FF9DF80E30184605B05DF804FB9B
:10E2E00000B583B001900B468DF8033013468DF8CE
:10E2F0000230019B5B681846FFF734FF0198FFF777
:10E3000091FF019B5B681B68DB69019A50689DF86F
:10E31000032002F07E0211469847019B5B681B6850
:10E32000DB69019A52689DF80210104698470198DF
:10E33000FFF789FF019B5B681846FFF73FFF00BFAF
:10E3400003B05DF804FB00B587B003900192009321
:10E350000B468DF80B3000238DF817309DF90B30EC
:10E3600003F07E035BB263F07F035BB28DF8143081
:10E37000039B5B681846FFF7F5FE0398FFF752FF13
:10E38000039B5B681B68DB69039A52689DF8141055
:10E39000104698475DE09DF81730002B43D19DF85B
:10E3A0002030002B3FD000238DF816309DF8203010
:10E3B0008DF8153010E09DF81530012202FA03F3B4
:10E3C0005AB29DF9163013435BB28DF816309DF8A2
:10E3D000153001338DF815309DF81530072BEAD92B
:10E3E000039B5B681B68DB69039A52689DF81410F5
:10E3F0001046984703468DF81330019B1B785AB29C
:10E400009DF91630DB435BB213405AB29DF81310EE
:10E410009DF816300B40DBB25BB213435BB2DAB24D
:10E42000019B1A7010E0039B5B681B68DB69039A11
:10E4300052689DF814101046984701469DF8173011
:10E44000019A1344CAB21A709DF8173001338DF83F
:10E4500017309DF81730009A9A429CDC039B5B684A
:10E460001B68DB69039A52680021104698470146F1
:10E470009DF81730019A1344CAB21A700398FFF737
:10E48000E2FE039B5B681846FFF798FE00BF07B0EB
:10E490005DF804FB10B586B00390019200930B4623
:10E4A0008DF80B309DF80B3003F07E038DF817309C
:10E4B000039B5B681846FFF755FE0398FFF7B2FE13
:10E4C000039B5B681B68DB69039A52689DF8171011
:10E4D00010469847039B5B681B681C6A039B58683F
:10E4E000009B00220199A0470398FFF7ACFE039B15
:10E4F0005B681846FFF762FE00BF06B010BD000063
:10E5000010B58AB00390029101920093002202217B
:10E510000398FFF7E5FE04220A210398FFF7E0FEC7
:10E52000802214210398FFF7DBFE019B029A12213F
:10E530000398FFF7AFFF032202210398FFF7D0FEF5
:10E5400007AB184620F04EFE089A224B134408935E
:10E55000089B214A934206DD079B01330793089AE3
:10E560001E4B134408930A210398FFF77DFE0346D0
:10E570008DF827309DF8273003F00403002B0ED1CF
:10E5800005AB184620F02EFE059A079B9A42EAD961
:10E59000069A089B9A42E6DD6FF06D0316E000BF15
:10E5A000002202210398FFF79BFE44210398FFF706
:10E5B0005BFE03461A46009B1A70009B5C1C4221BE
:10E5C0000398FFF751FE03462370002318460AB054
:10E5D00010BD00BF400D0300FFC99A3B003665C463
:10E5E00000B58FB0059003930B468DF8133013469A
:10E5F0008DF81230139B002B02D0139B1B7800E088
:10E6000000238DF836309DF850301B01DAB29DF8AA
:10E61000363013448DF83530002202210598FFF77B
:10E620005FFE08210598FFF71FFE03468DF8343082
:10E630009DF8343043F07F03DBB21A460821059879
:10E64000FFF74EFE802214210598FFF749FE9DF842
:10E650004030039A12210598FFF71CFF9DF83530D2
:10E660001A461A210598FFF73BFE9DF813301A460B
:10E6700002210598FFF734FE09AB184620F0B2FDE1
:10E680000A9A764B13440A930A9B754A934206DD15
:10E69000099B013309930A9A724B13440A939DF81C
:10E6A00013300C2B10D11A210598FFF7DDFD03461E
:10E6B0008DF834309DF8343063F07F03DBB21A46B6
:10E6C0001A210598FFF70CFE08210598FFF7CCFDED
:10E6D00003468DF833309DF833209DF812301340F7
:10E6E000DBB2002B17D19DF8333003F00103002B70
:10E6F00002D06FF06D03ACE007AB184620F072FD5E
:10E70000079A099B9A42DFD9089A0A9B9A42DBDD55
:10E710006FF06D039DE000BF0C210598FFF7A4FD8D
:10E7200003468DF832309DF8323003F00103002BA0
:10E7300002D06FF046038CE09DF8323003F01203F4
:10E74000002B02D06FF0040383E09DF8323003F019
:10E750000803002B02D06FF00F037AE0119B002B0F
:10E7600031D0129B002B2ED014210598FFF77CFD91
:10E7700003468DF83130129B1B789DF831209A4268
:10E7800002D96FF00B0364E0129B9DF831201A70E0
:10E790009DF831209DF8503000931346119A1221B4
:10E7A0000598FFF7D0FD18210598FFF75DFD03469A
:10E7B00003F007038DF83730139B002B03D0139B16
:10E7C0009DF837201A70119B002B41D0129B002B13
:10E7D0003ED09DF85430002B3AD0129B1B78012B71
:10E7E00006D19DF83730042B02D16FF00C0330E0D6
:10E7F000129B1B78012B03D99DF83730002B02D0D8
:10E800004FF0FF3325E0129B1B789A1E06AB11993F
:10E810000598FFF775FE0B900B9B002B01D00B9B0F
:10E8200017E0129B1B78023B119A13441A789DF84B
:10E8300018309A4209D1129B1B78013B119A13445C
:10E840001A789DF819309A4202D06FF00D0300E05B
:10E85000002318460FB05DF804FB00BF400D030015
:10E86000FFC99A3B003665C400B58DB00990089188
:10E87000069313468DF81F3030238DF82F309DF806
:10E880002F209DF8443005939DF8403004930F9B52
:10E8900003930E9B0293069B01939DF81F300093F8
:10E8A000089B0C210998FFF79BFE034618460DB004
:10E8B0005DF804FB00B58DB0079005921A460B4633
:10E8C0008DF81B3013468DF81A30059B002B03D0B2
:10E8D0009DF81A30012B02D86FF0150336E01C2189
:10E8E0000798FFF7C1FC03468DF82F309DF82F30B5
:10E8F00023F07F03DBB21A461C210798FFF7F0FCD8
:10E9000007238DF827300DF11B010023039300230B
:10E9100002930DF1270301930DF11A030093059B58
:10E9200001220798FFF7A0FF0A900A9B002B01D055
:10E930000A9B0BE09DF81A30022B03D19DF827307B
:10E94000002B02D06FF00A0300E0002318460DB040
:10E950005DF804FB00B585B00390029113468DF875
:10E9600007309DF80730029A26210398FFF7A2FF8F
:10E970000346184605B05DF804FB00B587B001906A
:10E9800002238DF817309DF8172003AB1946019824
:10E99000FFF7E0FF0490049B002B03D0049B13F1CE
:10E9A000100F01D1012300E00023184607B05DF8E5
:10E9B00004FB00B593B00790069113468DF817300D
:10E9C00001238DF844309DF81730502B02D96FF099
:10E9D000150372E21C210798FFF746FC03468DF8E9
:10E9E00035309DF8353023F07F03DBB21A461C2109
:10E9F0000798FFF775FC00238DF847304AE29DF831
:10EA00004430032B3AD0032B42DC012B02D0022BE3
:10EA10001AD03DE093238DF8243000238DF8413047
:10EA20009DF81730002B05D0069B1B78042B01D9CD
:10EA3000012300E000238DF845309DF8453003F0B8
:10EA400001038DF8453026E095238DF8243003230B
:10EA50008DF841309DF81730002B05D0069B1B78B0
:10EA6000072B01D9012300E000238DF845309DF8E4
:10EA7000453003F001038DF845300CE097238DF805
:10EA8000243006238DF8413000238DF8453002E014
:10EA90006FF0040311E29DF84130DB00DBB29DF81A
:10EAA0001720D31ADBB28DF840309DF94030002B8F
:10EAB00002DA00238DF8403002238DF843309DF8B0
:10EAC0004530002B09D09DF843305A1C8DF8432067
:10EAD00048336B44882203F8242C9DF94030002BE6
:10EAE00000DA0733DB105BB2DBB29DF8402002F0A6
:10EAF0000702D2B2002A14BF01220022D2B213446C
:10EB00008DF837309DF83730002B34D09DF84530E4
:10EB1000002B01D0032300E004238DF834309DF84E
:10EB200037209DF834309A4203D99DF834308DF85F
:10EB3000373000238DF8423017E09DF841209DF8D2
:10EB400042301A449DF84330591C8DF84310194641
:10EB5000069B13445A7801F148036B4403F8242CB4
:10EB60009DF8423001338DF842309DF842209DF8E7
:10EB700037309A42E1D39DF84530002B05D09DF8FF
:10EB800040300833DBB28DF8403000238DF846303A
:10EB900007E19DF940301F2B2CDD70238DF82530C7
:10EBA0009DF826209DF827305340DAB29DF8283092
:10EBB0005340DAB29DF829305340DBB28DF82A3049
:10EBC00009AB073309A907220798FFF799FC0C90B6
:10EBD0000C9B002B01D00C9B6FE100238DF82330A0
:10EBE00009238DF83F3009AB06330E9303238DF8CC
:10EBF00022303DE09DF940305A4203F0070302F015
:10EC0000070258BF53425BB2DBB28DF823309DF947
:10EC10004030002B00DA0733DB105BB28DF8423056
:10EC20009DF8423002338DF843309DF843301B018C
:10EC3000DAB29DF823301344DBB28DF825309DF80D
:10EC40002330002B14BF01230023DBB21A469DF8AA
:10EC5000433013448DF83F309DF8433009AA1344E4
:10EC60000E939DF84330C3F10903DBB28DF82230D7
:10EC70009DF823308DF82F309DF82F301B01DAB22C
:10EC80009DF823301344DBB21A461A210798FFF788
:10EC900027FB9DF83F2009A9002303939DF82F30FF
:10ECA00002930DF1230301930DF1220300930E9BB8
:10ECB0000798FFF7D9FD0C900C9B13F1100F60D152
:10ECC0001C210798FFF7D0FA03468DF82E309DF8E7
:10ECD0002E3003F02003002B02D06FF00F03ECE086
:10ECE0009DF82E3003F01F038DF836309DF8363036
:10ECF000002B02D120238DF836309DF836209DF967
:10ED000040309A4202DC6FF00403D6E09DF83630C2
:10ED10008DF840309DF94030013B5A4203F0070323
:10ED200002F0070258BF53428DF842309DF940303F
:10ED3000002B00DA0733DB105BB2DBB29DF8422018
:10ED4000002A14BF01220022D2B21344DBB20133E5
:10ED50008DF843309DF8433048336B4413F8243C1E
:10ED60005AB29DF84230012101FA03F35BB213431A
:10ED70005AB29DF84330D2B248336B4403F8242C86
:10ED80000FE00C9B002B01D00C9B96E09DF94030CE
:10ED90001F2B03DD01238DF8463002E020238DF880
:10EDA00040309DF8463083F00103DBB2002B7FF446
:10EDB000F0AE9DF82630882B01D1032300E002231A
:10EDC0008DF843309DF82630882B01D1032300E0D5
:10EDD00004238DF8373000238DF8423018E09DF879
:10EDE00043305A1C8DF8432019469DF841209DF868
:10EDF0004230134401F148026A4412F8241C069A76
:10EE000013440A465A709DF8423001338DF842305F
:10EE10009DF842209DF837309A42E0D39DF8223089
:10EE2000032B03D19DF82330002B02D06FF0040395
:10EE300043E009AB023301220E990798FFF760FB0C
:10EE40000C900C9B002B01D00C9B36E09DF82620EB
:10EE50000E9B01331B789A4206D19DF827200E9B0A
:10EE600002331B789A4202D06FF0150325E00E9B07
:10EE70001B7803F00403002B05D09DF844300133C8
:10EE80008DF8443006E001238DF847300E9B1A7848
:10EE9000069BDA729DF8473083F00103DBB2002B4A
:10EEA0007FF4ADAD9DF844301A4652001344DBB2F6
:10EEB0000133DAB2069B1A700023184613B05DF8CE
:10EEC00004FB00B583B001900F2202210198FFF7E7
:10EED00007FA4CF2503020F0E9FC00BF0221019803
:10EEE000FFF7C2F9034603F01003002BF6D100BF71
:10EEF00000BF03B05DF804FB00B585B00190282188
:10EF00000198FFF7B1F903468DF80F309DF80F30E7
:10EF100003F00303032B09D09DF80F3043F00303E4
:10EF2000DBB21A4628210198FFF7DAF900BF05B0D5
:10EF30005DF804FB00B583B001906E210198FFF7E6
:10EF400093F90346184603B05DF804FB00B58FB093
:10EF50000590049112238DF81B3000238DF81A3090
:10EF600000230D9330238DF81C30049B1B7C8DF8FF
:10EF70001D3007AB023307A902220598FFF7C0FA3C
:10EF80000D900D9B002B1BD108AA07A9002303930A
:10EF9000002302930DF11A0301930DF11B0300935B
:10EFA000134604220598FFF75FFC0D900D9B002B84
:10EFB00008DB049B08A91022184603F014F902E0AC
:10EFC00000BF00E000BF0D9B18460FB05DF804FBCA
:10EFD00000B583B001900198FFF773FF80225421A0
:10EFE0000198FFF77DF9A92256210198FFF778F9DA
:10EFF000062258210198FFF773F9E8225A21019857
:10F00000FFF76EF940222A210198FFF769F93D22A6
:10F0100022210198FFF764F90198FFF76DFF00BF07
:10F0200003B05DF804FB00B585B00190019BDB687F
:10F030000393039BDB690293029B5B681846FFF70F
:10F04000CBF842F2107020F031FC0298FFF772FF0B
:10F05000029B01221A700023184605B05DF804FBDC
:10F0600084B00190019BDB680393039BDB690293EF
:10F07000029B00221A700023184604B0704700005B
:10F0800000B58FB0079006910592079BDB680D9342
:10F090000D9BDB690C930C98FFF76FFC0346002B6C
:10F0A00002D16FF00A0321E009AB002219460C9847
:10F0B000FFF77FFC9DF82F30042B16D0069B002B0A
:10F0C00013D09DF8253018469DF826309DF827204E
:10F0D0009DF828100291019200930346054A059974
:10F0E000069801F0FAFB059B00E0002318460FB0DC
:10F0F0005DF804FB94D0040886B00390029101925D
:10F10000039BDB680593059BDB6904936FF0250384
:10F11000184606B0704700B58BB00390029101927B
:10F1200000230993039BDB680893089BDB69079323
:10F13000029B42F20C42934221D0029B42F20C42CB
:10F14000934228DC029B42F20142934205D0029B8B
:10F1500042F2024293421AD01DE0019B05930798A8
:10F16000FFF70BFC0990099B002B18DB0022059987
:10F170000798FFF71EFC0990099B002B10E0019BEC
:10F18000069306990798FFF7E1FE099008E0079BB0
:10F190001B78099304E06FF01803099300E000BFA7
:10F1A000099B18460BB05DF804FB000000B587B062
:10F1B0000190009100230593082003F003FC03460F
:10F1C0000493049B002B02D16FF00B0337E0049BE8
:10F1D000009A5A60049B00221A700498FFF7F8FE08
:10F1E000049B01221A700498FFF7A4FE03468DF8D1
:10F1F0000F309DF80F30902B0BD09DF80F30912BD6
:10F2000007D09DF80F30922B03D09DF80F30882B3C
:10F210000FD1049B4FF4DB720B4901981BF0BEFB2E
:10F220000590059B002B02DA049803F0BBFB059BBD
:10F2300005E000BF049803F0B5FB6FF01203184619
:10F2400007B05DF804FB00BF5CD0040882B0EFF3A8
:10F2500011830193019BDBB2184602B0704782B064
:10F260000190019B83F3118800BF02B0704700B585
:10F2700083B0FFF7EBFF03468DF807308020FFF7E0
:10F28000EEFF9DF80730184603B05DF804FB00B5AB
:10F2900083B003468DF807309DF807301846FFF716
:10F2A000DEFF00BF03B05DF804FB000010B58AB0BC
:10F2B0000390039B1B680693FFF7D9FF03468DF865
:10F2C00017300023089300230793039BDB680993FF
:10F2D00016E0099B9B6B089A13430893099BDB6B11
:10F2E000079A13430793099B9B68089A1343089353
:10F2F000099BDB68079A13430793099B1B680993D3
:10F30000099B002BE5D1089B002B02D1079B002B0A
:10F310001AD0039B1B7A83F00103DBB2002B09D0C8
:10F32000039B01221A72069B5B6806989847024667
:10F33000039B5A60069B9C68039B00930C4B079AA7
:10F3400008990698A0470BE0039B00221A72069BBF
:10F350009C68002300930023002200210698A04708
:10F360009DF817301846FFF792FF00BF0AB010BD96
:10F3700075F3000800B585B001900091009B0393E0
:10F38000039B184600F004F800BF05B05DF804FBCD
:10F3900000B58BB00190019B0893089B1B680793F5
:10F3A000079B5B68079898470690089B5B68069ADE
:10F3B00053400593059A069B13400493079B1B68D3
:10F3C000079898470246069BDB431340059A134073
:10F3D0000393089BDB68099332E0099B012283F8C1
:10F3E0004020099B9A6B049B1340002B05D1099B7D
:10F3F000DA6B039B1340002B06D0099B4433012298
:10F400000221184619F08DFE099B9A68049B13404F
:10F41000002B05D1099BDA68039B1340002B0CD00D
:10F42000069A099B5A61099B5868099B03F11001D0
:10F43000099B1C33012221F0EFF8099B1B680993FB
:10F44000099B002BC9D1089B069A5A6000BF0BB0DC
:10F450005DF804FB00B589B00190019BDB68079360
:10F46000079BDB6906934C2003F0E2FA0590059BAD
:10F47000002B02D16FF00B0329E0069B1B6804935D
:10F48000FFF7F5FE03468DF80F30049B1B680498C8
:10F4900098470290059B029A9A63059B029ADA6349
:10F4A000059B012283F84020069BDA68059B1A60C1
:10F4B000069B059ADA60019B059A1A610698FFF788
:10F4C000F5FE9DF80F301846FFF7E1FE00231846C1
:10F4D00009B05DF804FB00B589B00190019B1B6980
:10F4E0000593019BDB680493049BDB690393FFF79F
:10F4F000BEFE03468DF80B3000230693039BDB68AA
:10F50000079304E0079B0693079B1B680793079BE1
:10F51000002B03D0079A059B9A42F3D1079B002B3F
:10F5200007D19DF80B301846FFF7B1FE6FF00103CD
:10F5300017E0069B002B04D0059B1A68069B1A60F7
:10F5400003E0059B1A68039BDA600398FFF7AEFEA1
:10F550009DF80B301846FFF79AFE059803F022FA43
:10F560000023184609B05DF804FB00B58BB003908A
:10F5700002910192039B1B690993039BDB6808932B
:10F58000089BDB690793019B032B02D86FF01503DF
:10F5900018E0FFF76CFE03468DF81B30079B1B68D5
:10F5A0000593059B5B68059898470246029B1A6085
:10F5B000099B002283F840209DF81B301846FFF776
:10F5C00066FE042318460BB05DF804FB00B58BB053
:10F5D000039002910192039BDB680893089BDB690F
:10F5E0000793019B032B02D86FF015031CE0FFF774
:10F5F0003EFE03468DF81B30079B1B680593059B59
:10F60000DB68002B07D0059BDB68019A02990598FF
:10F610009847099002E06FF0250309939DF81B308D
:10F620001846FFF734FE099B18460BB05DF804FB43
:10F6300000B58FB003900291019200230D93039BBC
:10F640001B690C93039BDB680B930B9BDB690A9391
:10F65000FFF70DFE03468DF827306FF015030D936D
:10F66000029B41F60342934234D0029B41F603428F
:10F6700093424EDC029B41F60142934205D0029B2D
:10F6800041F60242934212D043E0019B0693069B4F
:10F69000002B42D00A9B1B680593059B1B680598AD
:10F6A00098470246069B1A6000230D9335E0019BA4
:10F6B0000793079B002B32D0079B1A680C9B9A6319
:10F6C000079B5A680C9BDA630A98FFF7EFFD00234B
:10F6D0000D9324E0019B0893089B002B21D0089BED
:10F6E0001A680C9B9A60089B5A680C9BDA600C9B0A
:10F6F000089A1033083207CA83E8070021F0EAFCB1
:10F7000002460C9B5A600A98FFF7D0FD00230D9328
:10F7100007E06FF018030D9304E000BF02E000BFA4
:10F7200000E000BF9DF827301846FFF7B0FD0D9BA5
:10F7300018460FB05DF804FB00B58DB00390029140
:10F7400013468DF8073000230B93039B1B69099325
:10F75000039BDB680893089BDB690793FFF787FD32
:10F7600003468DF81B309DF80730002B37D000235F
:10F770000A9325E0099A0A9B10339B0013445B68A7
:10F78000002B1AD1029A09990A9B10339B000B4453
:10F790005A60029B0A9A1032920009990A44043274
:10F7A0005A61099B93F84030002B0DD002AB012227
:10F7B0000121184619F0B5FC06E00A9B01330A93B3
:10F7C0000A9B012BD6DD00E000BF0A9B012B1ADD4E
:10F7D000029B00225A616FF00F030B9316E0029B0D
:10F7E0005B69002B0FD0029B5B690593059B002B87
:10F7F00003D16FF004030B9308E0059B00221A600D
:10F80000029B00225A610798FFF750FD9DF81B30BC
:10F810001846FFF73CFD0B9B18460DB05DF804FB46
:10F8200010B586B003900291102003F001F9059005
:10F83000059B002B02D16FF00B031AE0029B9C6822
:10F84000002300930023002200210298A047059B7B
:10F85000029A1A60059B4FF4DB72074903981BF06C
:10F860009DF80490049B002B02DA059803F09AF8A7
:10F87000049B184606B010BDA8D0040800B583B09C
:10F880000190019B1846F8F76FFA0346184603B03B
:10F890005DF804FB00B585B00190019B184600F0AF
:10F8A0000FFE0390039B184605B05DF804FB00B5FE
:10F8B00083B00190019B184600F0C4FE0346184631
:10F8C00003B05DF804FB82B0EFF311830193019B59
:10F8D000DBB2184602B0704782B00190019B83F3FF
:10F8E000118800BF02B0704700B583B0FFF7EBFF8F
:10F8F00003468DF807308020FFF7EEFF9DF80730B4
:10F90000184603B05DF804FB00B583B003468DF8DC
:10F9100007309DF807301846FFF7DEFF00BF03B041
:10F920005DF804FB00B587B00190019BDB68049390
:10F93000049BDB690393039B0C331846FFF7AAFF74
:10F940000590059B002B01DA059B1CE0082003F0C5
:10F950006FF80290029B002B03D16FF00B0305930D
:10F960000BE0039BDA69029B1A60039B029ADA613F
:10F97000019B029A1A6100230593039B0C331846DE
:10F98000FFF795FF059B184607B05DF804FB00B52F
:10F990008BB00190019B1B690693019BDB6805936B
:10F9A000059BDB690493FFF79FFF03468DF80F303B
:10F9B000069B1B798DF80E30069B01221A719DF86B
:10F9C0000F301846FFF7A0FF9DF80E30002B01D036
:10F9D00000233AE0049B0C331846FFF75BFF0790C7
:10F9E000079B002B01DA079B2FE000230893049B61
:10F9F000DB69099304E0099B0893099B1B68099341
:10FA0000099B002B03D0099A069B9A42F3D1099BCC
:10FA1000002B03D16FF00103079310E0089B002B2C
:10FA200004D0069B1A68089B1A6003E0069B1A68BC
:10FA3000049BDA61069802F0B5FF00230793049B4C
:10FA40000C331846FFF733FF079B18460BB05DF8E1
:10FA500004FB00B58BB0039002910192039BDB681D
:10FA60000993099BDB690893019B032B02D86FF074
:10FA700015031BE0029B1B680793089B0C33184679
:10FA8000FFF708FF0690069B002B01DA069B0DE0AE
:10FA9000089B1B680593059B9B68079905989847E9
:10FAA000089B0C331846FFF702FF042318460BB0DF
:10FAB0005DF804FB00B58FB0039002910192039BA7
:10FAC000DB680C930C9BDB690B930B9B0C33184688
:10FAD000FFF7E0FE0D900D9B002B01DA0D9B90E0EF
:10FAE0006FF015030D93029A6FF4E8531344032B40
:10FAF00076D801A252F823F009FB000821FB000888
:10FB00009BFB0008C9FB0008019B0493049B002B8E
:10FB10006AD00B9B5A68049B1A6000230D9363E024
:10FB2000019B0793079B002B60D0079B1B780693D4
:10FB3000079B5B788DF81730069B1F2B56D80B9BC5
:10FB40005B680121069A01FA02F21340002B4DD0A6
:10FB50009DF81730002B09D00B9B9B680121069A5A
:10FB600001FA02F21A430B9B9A6009E00B9B9B6817
:10FB70000121069A01FA02F2D2431A400B9B9A60C5
:10FB80000B9B1B680893089B5B689DF817200699E0
:10FB90000898984700230D9328E0019B09930B9B3D
:10FBA0005B68DA43099B1340002B21D10B9B099A18
:10FBB0009A600B9B1B680893089B9B68099908989F
:10FBC000984700230D9313E0019B0A930A9B002B97
:10FBD00010D00B9B9A680A9B1A6000230D9309E0D2
:10FBE0006FF018030D9306E000BF04E000BF02E0D1
:10FBF00000BF00E000BF0B9B0C331846FFF757FE19
:10FC00000D9B18460FB05DF804FB00BF00B585B032
:10FC100001900091202002F00BFF0390039B002B2A
:10FC200002D16FF00B032FE0039B009A1A60039B35
:10FC30000C33184600F0BCFA009B1B6800989847EC
:10FC40000246039B5A60039B00229A60009B9B68BC
:10FC5000039A9268114600989847039B4FF4DB7211
:10FC60000B4901981AF09AFE0290029B002B01DBCF
:10FC7000002309E000BF039B0C331846FFF7FEFD8D
:10FC8000039802F08FFE029B184605B05DF804FB56
:10FC9000D8D0040810B586B00190009100230493D9
:10FCA000019B1B681B68012101989847019B1B68F9
:10FCB0009B68009A9268114601989847019B1B68BF
:10FCC000DB68002B07D0019B1B68DB68009A127968
:10FCD000114601989847019B1B681B69002B07D0B0
:10FCE000019B1B681B69009A52791146019898473D
:10FCF000019B1B685B68009A116801220198984774
:10FD000000230393009BDB6805933AE0019B1B688B
:10FD10009B69009A1168059A527801989847049057
:10FD2000049B002B34DB019B1B685B68009A116805
:10FD3000012201989847019B1B681C6A059BD968A2
:10FD4000059B1A69059B9B680198A047059B1B783A
:10FD5000002B07D0019B1B685B68009A116800228A
:10FD600001989847059B5B68002B04D0059B5B6856
:10FD700018461FF09BFD039B01330393059B14332F
:10FD80000593009B9B791A46039B9342BEDB00E0E0
:10FD900000BF019B1B685B68009A116800220198F4
:10FDA0009847019B1B681B68002101989847049B9A
:10FDB000184606B010BD82B0EFF311830193019B8A
:10FDC000DBB2184602B0704782B00190019B83F30A
:10FDD000118800BF02B0704700B583B0FFF7EBFF9A
:10FDE00003468DF807308020FFF7EEFF9DF80730BF
:10FDF000184603B05DF804FB00B583B003468DF8E8
:10FE000007309DF807301846FFF7DEFF00BF03B04C
:10FE10005DF804FB084B1B78DBB2012B06D9064BBF
:10FE20001B78DBB2072B01D0012300E0002303F095
:10FE30000103DBB218467047200D002400B585B0E1
:10FE400001900091FFF7E6FF0346002B0DD0FFF76E
:10FE5000C3FF03468DF80F300098F1F79BF99DF82A
:10FE60000F301846FFF7C8FF02E00098F1F792F94B
:10FE7000009B184605B05DF804FB00B587B0039001
:10FE800002910192FFF7C6FF0346002B0ED0FFF749
:10FE9000A3FF03468DF817300199029806F047F941
:10FEA0009DF817301846FFF7A7FF03E00199029865
:10FEB00006F03DF9019B184607B05DF804FB00B55C
:10FEC00085B00390029101920023019A0299039850
:10FED000F4F768FD00F027FD82B00190019B1F2B15
:10FEE00002DD019B7F2B01D1012300E00023184696
:10FEF00002B0704700B583B002F054FB0190019B43
:10FF0000002B02D0019B083300E0024B184603B0DF
:10FF10005DF804FB781F002400B585B003900291C2
:10FF20000192029B002B14BF01230023DAB2039B32
:10FF30001A74029B002B0DD1019B002B0AD0019853
:10FF400002F040FD03460293029B002B02D16FF0AA
:10FF50000B030CE0039B029A1A60039B019A5A6000
:10FF6000039B00229A60039B0022DA60002318465C
:10FF700005B05DF804FB82B00190019B0022DA60BD
:10FF8000019BDA68019B9A6000BF02B0704700B520
:10FF900083B00190019B1B7C83F00103DBB2002B3B
:10FFA00004D0019B1B68184602F0FCFC14220021BF
:10FFB000019802F0B3F800BF03B05DF804FB82B013
:10FFC0000190019B5B68184602B0704782B00190B7
:10FFD000019B9A68019BDB68D31A184602B07047F0
:10FFE00010B582B001900198FFF7E9FF044601982F
:10FFF000FFF7ECFF0346E31A184602B010BD00B548
:020000040801F1
:1000000083B001900198FFF7EBFF0346002B0CBF74
:1000100001230023DBB2184603B05DF804FB00B5F2
:1000200087B0039002910192039B5B68002B01D182
:10003000002339E00398FFF7D3FF0590039B9B68EB
:10004000039A5268B3FBF2F101FB02F29B1A04938C
:10005000019A059B9A4201D9059B0193039B5A681B
:10006000049BD31A0593019A059B9A4201D2019BE6
:100070000593039B1A68049B1344059A029918463A
:1000800002F0B1F8039B1868029A059BD118019AF7
:10009000059BD31A1A4602F0A6F8039B9A68019BA7
:1000A0001A44039B9A60019B184607B05DF804FB55
:1000B00000B585B0019000230393019B15221449DC
:1000C000184602F041F8019B15332021184602F032
:1000D000ADFA0390019B002283F83420019B353355
:1000E00015220C49184602F02FF8019B4A3333229F
:1000F0000949184602F028F8019B7D33152207496B
:10010000184602F021F8039B184605B05DF804FB81
:100110002CD1040834D10408240100243CD1040863
:1001200084B00190019B1B6823F000430393039A62
:10013000054B1340044A934201D0039B01E04FF06A
:10014000FF33184604B07047FEFFFF7F00B585B04F
:100150000190019B184600F0B3F90390039B1846E9
:1001600005B05DF804FB00B585B00190019B184611
:1001700000F006FA0390039B184605B05DF804FBF7
:1001800000B583B00190019B184600F05BFA03466E
:10019000184603B05DF804FB00B583B00190019BE5
:1001A000184600F021F80346184603B05DF804FB3A
:1001B00000B585B00190019B0A4A0021184600F065
:1001C0002CF90390039B002B01DA039B05E0019BB4
:1001D0000421184600F035F9039B184605B05DF878
:1001E00004FB00BFFEFFFF7F10B582B001900198B5
:1001F000FFF796FF044620F085FF03469C420CBFA4
:1002000001230023DBB2184602B010BD00B585B053
:100210000190002303930198FFF7BEFF034683F08C
:100220000103DBB2002B04D0019B1846FFF78EFFC1
:100230000390039B002B04DB019B1B695A1C019B51
:100240001A61039B184605B05DF804FB00B585B044
:100250000190002303930198FFF79EFF034683F06C
:100260000103DBB2002B04D0019B1846FFF77BFF94
:100270000390039B002B04DB019B1B695A1C019B11
:100280001A61039B184605B05DF804FB00B585B004
:10029000019000230393019B1B695A1E019B1A6165
:1002A000019B1B69002B0CD1019B1846FFF768FFCF
:1002B0000390039B002B04DA019B1B695A1C019BD2
:1002C0001A61039B184605B05DF804FB00B585B0C4
:1002D0000190009100230393009B00221A60019873
:1002E000FFF75AFF0346002B12D0019B1A69009BAF
:1002F0001A60019B00221A61019B1846FFF740FF1C
:100300000390039B002B03DA009B1A68019B1A6180
:10031000039B184605B05DF804FB00B585B001905D
:10032000009100230393009B002B0AD0019B1846E9
:10033000FFF70CFF0390039B002B02DB019B009A4D
:100340001A61039B184605B05DF804FB00B583B045
:1003500001900021012000F005F802F023F9019836
:100360001FF03CF800B585B00190009102F01AF939
:10037000029000230393009B002B0CD0029B1B795F
:1003800003F00103002B03D0009B01221A6002E05E
:10039000009B00221A60019B002B17D1029B1B7946
:1003A00023F00103DAB2029B1A71029B1B7903F05E
:1003B0000403002B1DD0029B1B7923F00403DAB247
:1003C000029B1A714FF0FF30FFF7C0FF019B012B1A
:1003D00007D1029B1B7943F00103DAB2029B1A7129
:1003E00007E0FFF787FD034616221A604FF0FF3340
:1003F0000393039B184605B05DF804FB00B585B078
:1004000003900291019202F045F9039B0199029831
:1004100098470346184600F08AFA84B00390029188
:100420000192039B019A1A60039B00229A60039B2E
:100430000022DA60039B00221A710023184604B0E0
:10044000704782B001900091009B03F00303022BE0
:1004500008D0022B09DC002B0AD0012B05D16FF04C
:1004600089030BE06FF0890308E06FF0150305E0E6
:1004700000BF009BDAB2019B1A710023184602B03C
:10048000704784B001900091019B002B12D0009B1B
:10049000002B0FD0019B1B7903F00403002B09D123
:1004A000019B0393039B1B680293029A009B1A60B3
:1004B000002301E06FF01503184604B070470000F8
:1004C00010B58AB0019001238DF82330019B1B7970
:1004D00003F00403002B14BF012300238DF8223006
:1004E0003DE09DF82230002B01D0019B00E0019BF4
:1004F0000793079B0693069B1B680393039B049338
:100500009DF82230002B07D0049B1C4A93422BD12C
:1005100020F0F8FD099005E0049B002B26DD049BEC
:10052000013B0993079B0593099B0293029C059A43
:1005300004AB186852E8001F814205D142E8004C24
:10054000BCF1000FBFF35B8F0CBF01220022002A19
:1005500000D119601346002B01D000230BE09DF859
:100560002330002BBDD102E000BF00E000BF0198A6
:10057000F7F702FD034618460AB010BDFEFFFF7FE5
:1005800010B58AB0019001238DF82330019B1B79AF
:1005900003F00403002B14BF012300238DF8223045
:1005A00043E09DF82230002B01D0019B00E0019B2D
:1005B0000793079B0693069B1B680393039B049377
:1005C0009DF82230002B0AD0049B1D4A934202D092
:1005D0006FF00A0331E020F095FD099008E0049BDC
:1005E000002B02DC6FF00A0327E0049B013B099318
:1005F000079B0593099B0293029C059A04AB18681C
:1006000052E8001F814205D142E8004CBCF1000FC6
:10061000BFF35B8F0CBF01220022002A00D11960BA
:100620001346002B01D0002307E09DF82330002B58
:10063000B7D101981FF0A8FA034618460AB010BDBA
:10064000FEFFFF7F10B58AB0019001238DF82330A3
:10065000019B1B7903F00403002B14BF012300232B
:100660008DF822303BE09DF82230002B01D0019B19
:1006700000E0019B0793079B0693069B1B6803936F
:10068000039B04939DF82230002B05D0049B002B84
:100690002ADB1A4B099305E0049B002B26DB049B05
:1006A00001330993079B0593099B0293029C059ACA
:1006B00004AB1868BFF35B8F52E8001F814203D17F
:1006C00042E8004CBCF1000F0CBF01220022002ABE
:1006D00000D119601346002B01D000230BE09DF8D8
:1006E0002330002BBFD102E000BF00E000BF019823
:1006F0001FF01CFC034618460AB010BDFEFFFF7F2A
:1007000082B001900091009B3F2B02D96FF015033E
:1007100011E0009B5A11019B53F82210009B03F03B
:100720001F03012202FA03F3009A52111943019B9D
:1007300043F822100023184602B0704700B585B078
:100740000190009100990198FFF7DAFF0390039B55
:10075000002B07DAFFF7CEFB034616221A604FF094
:10076000FF330393039B184605B05DF804FB84B088
:1007700001900023039307E0019B039A002143F8B3
:100780002210039B01330393039B012BF4DD002311
:10079000184604B0704784B001900023039308E02A
:1007A000019B039A4FF0FF3143F82210039B013362
:1007B0000393039B012BF3DD0023184604B070471D
:1007C00086B00390029101920023059310E0029BF2
:1007D000059A53F82220019B059953F8213002EA2B
:1007E0000301039B059A43F82210059B01330593EF
:1007F000059B012BEBDD0023184606B0704784B043
:100800000190002303930AE0019B039A53F82230DE
:10081000002B01D0002306E0039B01330393039BCD
:10082000012BF1DD0123184604B0704782B001901E
:100830000091009B3F2B02D96FF015030BE0009B4A
:100840005A11019B53F82220009B03F01F0322FA48
:1008500003F303F00103184602B0704700B585B0FA
:100860000190019B00221A7002AB19460020F7F795
:100870004BFA0390039B002B04DAFFF73BFB034684
:100880001B6820E0029BDAB2019B5A7000201EF028
:100890007DFE0390039B002B04DAFFF72BFB03463E
:1008A0001B6810E0039BDAB2019B9A70019B043332
:1008B0001846FFF75CFF019B4FF40062DA60019B72
:1008C00000221A610023184605B05DF804FB82B0CF
:1008D00001900023184602B070470CB400B58DB0EB
:1008E00001900091009B002B08D004AB009A019965
:1008F000184600F0E5F904AB0B9305E004AB18468D
:1009000000F01EFA04AB0B930FAB0393039A0E99FE
:100910000B9801F0C9F90A900A9B18460DB05DF8D2
:1009200004EB02B0704708B50120F5F7E1FA00B515
:1009300083B0019000210120FFF714FD01F032FE89
:10094000002001F0CDFE0198F5F7D2FA00B589B08C
:100950000390029101920023059300230793002343
:100960008DF81B30039B002B46D003AB184601F0DB
:10097000BCFB039B1B782D2B03D0039B1B782B2BDD
:1009800006D1039B1B788DF81B30039B0133039327
:10099000039B019A0299184600F047F805909DF8CC
:1009A0001B302D2B1AD14FF000430493059A049B62
:1009B0009A4208D9FFF79EFA034622221A604FF0A6
:1009C0000043079318E0059A049B9A4202D0059BC6
:1009D0005B4201E04FF0004307930DE0059B002BC5
:1009E00008DAFFF787FA034622221A606FF0004305
:1009F000079301E0059B0793029B002B10D09DF805
:100A00001B30002B0CD0029B1B68013B1B789DF810
:100A10001B209A4204D1029B1B685A1E029B1A603B
:100A2000079B184609B05DF804FB00B58BB0039036
:100A300002910192039B0793002309934FF0FF3328
:100A4000049300238DF82330039B002B71D003AB5C
:100A5000184601F04AFB039B1B782D2B03D0039B08
:100A60001B782B2B06D1039B1B788DF82330039B1F
:100A70000133039303AB1946019800F079F8019014
:100A8000019B002B05DAFFF735FA034616221A60A0
:100A90004FE0019B4FF0FF32B2FBF3F30693019B53
:100AA0004FF0FF32B2FBF3F101FB03F3D31A0593CE
:100AB0001EE0099A069B9A4207D8099A069B9A4219
:100AC0000CD1049B059A9A4208DAFFF713FA034601
:100AD00022221A604FF0FF33099314E0019B099A18
:100AE00002FB03F3049A13440993039B013303931A
:100AF000039B1B78184604AB1A46019901F09EFA35
:100B00000346002BD5D102E0039B01330393039BE3
:100B10001B78184604AB1A46019901F08FFA034678
:100B2000002BF1D19DF823302D2B02D1099B5B4284
:100B30000993029B002B16D09DF82330002B09D07F
:100B4000039B013B1B789DF823209A4202D1039B13
:100B5000013B0393049BB3F1FF3F01D1079B00E0EE
:100B6000039B029A1360099B18460BB05DF804FBC7
:100B700000B585B001900091009B1B680393019B19
:100B8000002B31D10A230193039B1B78302B49D1D1
:100B9000039B01331B7800220821184601F04EFA0E
:100BA0000346002B05D008230193039B01330393D5
:100BB00038E0039B01331B78582B04D0039B01338F
:100BC0001B78782B2ED1039B02331B780022102137
:100BD000184601F033FA0346002B23D0102301936B
:100BE000039B023303931DE0019B102B11D1039B48
:100BF0001B78302B16D1039B01331B78582B04D064
:100C0000039B01331B78782B0CD1039B0233039396
:100C100008E0019B012B02DD019B1A2B02DD4FF046
:100C2000FF3303E0009B039A1A60019B184605B04E
:100C30005DF804FB00B587B0039002910192039B1D
:100C40000593059B5B69039A12689B1A019A93426C
:100C500028BF13460493049B002B18D0059B1B69E7
:100C6000039A12681344049A0299184601F0BBFAD9
:100C7000039B1B681A46049B13441A46039B1A6085
:100C8000059B1B69039A1268134400221A70049B87
:100C9000184607B05DF804FB00B585B001900091DF
:100CA000009BDBB28DF80F300DF10F0301221946C6
:100CB0000198FFF7BFFF00BF05B05DF804FB00001F
:100CC00084B0039002910192039B0C4A5A60039BEB
:100CD0000B4A9A60039B0B4ADA60039B00221A605E
:100CE000039B029A1A61019B5A1E039B5A61039B44
:100CF0001B6900221A7000BF04B07047990C0108EC
:100D0000350C0108710D010882B001900091019B22
:100D10001B685A1C019B1A6000BF02B0704784B068
:100D2000039002910192039B1B681A46019B134496
:100D30001A46039B1A60019B184604B070470000D6
:100D400082B00190019B074A5A60019B064A9A6053
:100D5000019B064ADA60019B00221A6000BF02B0C4
:100D6000704700BF090D01081F0D0108710D010832
:100D700082B001900023184602B070472DE9D04F91
:100D8000AEB0119010910F920E93002327930E9AFC
:100D9000531C0E9313788DF8B7309DF8B730002BA5
:100DA00000F079879DF8B730252B09D10E9A531C96
:100DB0000E9313788DF8B7309DF8B730252B0AD1F4
:100DC000279B01332793119B5A689DF8B73019462A
:100DD00011989047DBE700BF0023ADF8B430002343
:100DE0002C9300232B93BDF8B4303F2B4CD89DF8A7
:100DF000B730203B102B47D801A252F823F000BF98
:100E00005F0E0108890E0108890E01087B0E01089A
:100E1000890E0108890E0108890E0108890E010852
:100E2000890E0108890E0108890E0108530E010878
:100E3000890E01086D0E0108890E0108890E01084E
:100E4000450E0108BDF8B43043F00103ADF8B430ED
:100E5000F1E0BDF8B43043F00203ADF8B430BDF8B2
:100E6000B43043F00403ADF8B430E4E0BDF8B4307E
:100E700043F00803ADF8B430DDE0BDF8B43043F022
:100E80001003ADF8B430D6E0BDF8B430B3F5007F50
:100E90006ED29DF8B7302F2B2AD99DF8B730392B59
:100EA00026D89DF8B730303B8DF8B730BDF8B43058
:100EB00003F48073002B0AD02B9A13469B00134433
:100EC0005B001A469DF8B73013442B93B3E02C9A7D
:100ED00013469B0013445B001A469DF8B730134439
:100EE0002C93BDF8B43043F08003ADF8B430A2E0E9
:100EF0009DF8B7302A2B29D1BDF8B43003F48073A4
:100F0000002B0BD0369A131D369313682B932B9B13
:100F1000002B80F28F8000232B938BE0369A131DD9
:100F2000369313682C93BDF8B43043F08003ADF8CA
:100F3000B4302C9B002B7DDA2C9B5B422C93BDF8AC
:100F4000B43043F00803ADF8B43073E09DF8B73027
:100F50002E2B0DD1BDF8B43003F48073002B40F07C
:100F60009C86BDF8B43043F48073ADF8B43062E0D1
:100F70009DF8B7307A2B03D09DF8B730742B02D18F
:100F80006C238DF8B7309DF8B7306A2B12D1BDF8BD
:100F9000B43043F40063ADF8B430BDF8B43043F47A
:100FA0000073ADF8B430BDF8B43023F48063ADF80D
:100FB000B43040E09DF8B7306C2B03D09DF8B730CB
:100FC0004C2B19D1BDF8B43003F40073002B06D0BC
:100FD000BDF8B43043F40063ADF8B43005E0BDF8BB
:100FE000B43043F40073ADF8B430BDF8B43023F43A
:100FF0008063ADF8B4301EE09DF8B730682B26D181
:10100000BDF8B43003F48063002B06D0BDF8B430D3
:1010100043F40063ADF8B43005E0BDF8B43043F4F8
:101020008063ADF8B430BDF8B43023F40073ADF88C
:10103000B43000E000BF0E9A531C0E9313788DF865
:10104000B7309DF8B730002B7FF4CDAE00E000BF85
:101050009DF8B730702B0BD1BDF8B43023F420636A
:10106000ADF8B430BDF8B43043F40073ADF8B4302B
:101070009DF8B730442B0FD99DF8B730472B0BD8CC
:10108000BDF8B43043F40053ADF8B4309DF8B73038
:1010900020338DF8B7300FE09DF8B730642B40F265
:1010A000D4829DF8B730672B00F2CF82BDF8B43000
:1010B00023F40053ADF8B43000238DF89230BDF81E
:1010C000B43003F48073002B01D106232B93BDF8B9
:1010D000B430C3F30D03ADF8B4309DF8B730652BD1
:1010E0000ED12B9BDBB201338DF8923000238DF8AB
:1010F0009130BDF8B43043F48043ADF8B43018E01B
:101100009DF8B730662B0ED10F238DF892302B9BB4
:101110008DF89130BDF8B4306FEA43436FEA534322
:10112000ADF8B43005E02B9B8DF8923000238DF89C
:1011300091309DF892300F2B02D90F238DF8923009
:10114000369B073323F0070202F108033693D2E9F6
:101150000023CDE918239DF892109DF8913012A834
:101160001A469DED180B00F00FFE03468DF89230E5
:10117000129B269300238DF893309DF84C3003F09A
:101180000103002B03D02D238DF8933012E0BDF81E
:10119000B43003F00203002B03D02B238DF89330DF
:1011A00008E0BDF8B43003F00403002B02D0202384
:1011B0008DF893309DF84C3003F00C03002B64D075
:1011C0009DF89330002B01D0042300E003238DF819
:1011D00092309DF892202C9B934219DD9DF892202D
:1011E0002C9B9B1A2C93BDF8B43003F00803002B02
:1011F00010D1279B01332793119B5B682021119805
:1012000098472C9B013B2C932C9B002BF1D101E0A8
:1012100000232C939DF89330002B09D0279B01339A
:101220002793119B5A689DF893301946119890475F
:101230008B4B23939DF84C3003F00803002B1AD0FE
:10124000884B239317E0BDF8B43003F40053002B10
:1012500004D09DF89230203B8DF89230279B0133CB
:101260002793119B5A689DF8923019461198904720
:10127000239B01332393239B1B788DF892309DF899
:101280009230002BDFD100F0F5BCBDF8B43003F490
:101290004043002B3CD19DF892302B9304E09DF805
:1012A0009230013B8DF892309DF89230002B09D09E
:1012B0009DF89230013B803338336B4413F86B3C1C
:1012C000302BECD0269B13F1040F1DDB269A2B9BB1
:1012D0009A4219DABDF8B4306FEA43436FEA5343D8
:1012E000ADF8B430269B002B04DB9DF89220269BA2
:1012F000934206DA9DF89220269B0133D31A2B9352
:1013000006E000232B9303E09DF89230013B2B93E2
:10131000BDF9B430002B05DA269B23EAE3730133D1
:10132000259301E0052325939DF89330002B02D0EF
:10133000259B013325932B9B002B05D02B9B5A1CFF
:10134000259B1344259308E0BDF8B43003F0100347
:10135000002B02D0259B013325932C9A259B9A4282
:1013600003DD2C9A259BD31A00E000232C93BDF8B3
:10137000B43003F00903002B0ED10AE0279B0133A0
:101380002793119B5B682021119898472C9B013B68
:101390002C932C9B002BF1D19DF89330002B09D07E
:1013A000279B01332793119B5A689DF89330194668
:1013B00011989047BDF8B43003F00803002B0ED10C
:1013C0000AE0279B01332793119B5B68302111981A
:1013D00098472C9B013B2C932C9B002BF1D1BDF902
:1013E000B430002B75DA269B23EAE3732593259B03
:1013F000B3F1FF3F07D1279B01332793119B5B6814
:101400002E2111989847269A259BD31A002B11DB81
:10141000269A259BD21A9DF892309A420ADA269A89
:10142000259BD31A803338336B4413F86B3C8DF80B
:101430008B3002E030238DF88B30259B013B2593C8
:101440002B9B5A42259B93420EDB279B013327930C
:10145000119B5A689DF88B30194611989047C6E742
:1014600048D104084CD1040800BF259A269B9A4213
:1014700010D19DF84D30352B09D89DF84D30352BC6
:1014800008D19DF84C3003F01003002B02D131231A
:101490008DF88B30279B01332793119B5A689DF859
:1014A0008B30194611989047BDF8B43003F0100303
:1014B000002B00F0DE83259BB3F1FF3F40F0D98382
:1014C000279B01332793119B5B682E211198984726
:1014D000CFE39DF84D30312B06D09DF84C3023F0F2
:1014E0001003DBB28DF84C30279B01332793119BFF
:1014F0005A689DF84D301946119890472B9B002B48
:101500002DDD279B01332793119B5B682E211198BA
:10151000984701238DF88A301BE0279B01332793DE
:10152000119B5C689DF88A209DF892309A4207D200
:101530009DF88A30803338336B4413F86B3C00E0FD
:10154000302319461198A0479DF88A3001338DF851
:101550008A309DF88A202B9B9342DEDA0DE0BDF89D
:10156000B43003F01003002B07D0279B01332793DF
:10157000119B5B682E2111989847279B0133279375
:10158000119B5A68BDF8B43003F40053002B01D00E
:10159000452300E065231946119890472B238DF8C9
:1015A0009230269B002B08DB269B002B0BD19DF84D
:1015B0004C3003F01003002B05D0269B5B42269392
:1015C0002D238DF89230279B01332793119B5A6866
:1015D0009DF89230194611989047269BDA17009390
:1015E000019212AA0A23DDE9000100F081FB024604
:1015F00012ABD31A8DF8B730269B002B20DB269B2D
:10160000092B1DDC279B01332793119B5B6830213D
:101610001198984714E0279B01332793119B5A6830
:101620009DF8B730013B803338336B4413F8703C7E
:101630001946119890479DF8B730013B8DF8B730A7
:101640009DF8B730002BE6D113E39DF8B730732B2C
:1016500011D0732B55DC532B0DD0632B51D1369AFF
:10166000131D36931368DBB28DF8483012AB2A9302
:101670000123299318E0369A131D369313682A9391
:101680002A9B002B01D1C04B2A93BDF8B43003F440
:101690008073002B01D02B9B01E04FF0FF331946E4
:1016A0002A9800F087FD2990BDF8B43003F00803B4
:1016B000002B0FD10AE0279B01332793119B5B6816
:1016C0002021119898472C9B013B2C932C9A299B05
:1016D0009342F0D3279A299B13442793119B9B682D
:1016E000299A2A99119898472C9A299B934203D8B2
:1016F0002C9A299BD31A00E000232C9300232993D2
:10170000B8E29DF8B730642B04D09DF8B730692B50
:1017100040F08B80BDF8B43003F40073002B11D07F
:10172000BDF8B43003F40063002B0BD0369B0733B5
:1017300023F0070202F108033693D2E90023CDE932
:1017400020233BE0BDF8B43003F40073002B0BD032
:10175000369A131D36931368DA1702930392DDE964
:101760000234CDE9203429E0369A131D36931368EC
:10177000DA1704930592DDE90434CDE92034BDF88D
:10178000B43003F48063002B18D0BDF8B43003F4F8
:101790000063002B0AD1BDF980301BB2DA17069323
:1017A0000792DDE90634CDE9203407E09DF9803069
:1017B0005BB2DA1798469146CDE92089BDF8B4307E
:1017C00023F4805323F01003ADF8B430DDE9202377
:1017D000002B0DDADDE920230021564261EB0307DF
:1017E000CDE92067BDF8B43043F48053ADF8B43090
:1017F000BDF8B43003F48073002B0AD02B9B002B70
:1018000007D1DDE92023134303D100238DF8B7303E
:101810001BE1DDE9200112AA0A2300F069FA024661
:1018200012ABD31A8DF8B7300FE1BDF8B43003F422
:101830000073002B11D0BDF8B43003F40063002B0B
:101840000BD0369B073323F0070202F108033693CF
:10185000D2E90023CDE91C233BE0BDF8B43003F40A
:101860000073002B0BD0369A131D36931368002299
:1018700008930992DDE90834CDE91C3429E0369A51
:10188000131D3693136800220A930B92DDE90A3484
:10189000CDE91C34BDF8B43003F48063002B18D0BC
:1018A000BDF8B43003F40063002B0AD1BDF87030EA
:1018B0009BB200220C930D92DDE90C34CDE91C346F
:1018C00007E09DF87030DBB200229A469346CDE9DE
:1018D0001CABBDF8B43023F00603ADF8B4309DF86E
:1018E000B730583B202B79D801A252F823F000BF23
:1018F000BD190108DD190108DD190108DD1901080C
:10190000DD190108DD190108DD190108DD190108DB
:10191000DD190108DD190108DD190108DD190108CB
:10192000DD190108DD190108DD190108DD190108BB
:10193000DD190108DD190108DD190108DD190108AB
:10194000DD190108DD190108DD1901088D190108EB
:1019500093190108DD190108DD190108DD190108D5
:10196000DD19010875190108DD190108DD190108E3
:101970009F190108BDF8B43023F01003ADF8B4305E
:101980000A231F933FE000BF40D1040808231F93A0
:1019900039E0BDF8B43043F01003ADF8B430BDF811
:1019A000B43003F01003002B05D0BDF8B43043F47D
:1019B0008043ADF8B43010231F9324E0BDF8B43059
:1019C00003F01003002B05D0BDF8B43043F4C0433E
:1019D000ADF8B4304FF404731F9314E0279B013328
:1019E0002793119B5B68252111989847279B01330A
:1019F0002793119B5A689DF8B73019461198904764
:101A000000BFFFF7C4B9BDF8B43003F48073002BF6
:101A10000AD02B9B002B07D1DDE91C23134303D1F4
:101A200000238DF8B7300AE012AA1F9BDDE91C01E4
:101A300000F05EF9024612ABD31A8DF8B730BDF84C
:101A4000B43023F48053ADF8B4309DF8B7308DF83E
:101A5000A330BDF8B43003F48073002B1FD0BDF861
:101A6000B43023F00103ADF8B4309DF8A3202B9BD4
:101A7000934214DD2B9B8DF8A330BDF8B43003F0F6
:101A80001003002B0BD0BDF8B43003F48043002BBF
:101A900005D1BDF8B43023F01003ADF8B430BDF873
:101AA000B43003F01003002B23D09DF8B730013B76
:101AB000803338336B4413F8703C302B08D1BDF8B9
:101AC000B43023F4C04323F01003ADF8B4301CE06D
:101AD0009DF8A33001338DF8A330BDF8B43003F482
:101AE0008043002B11D09DF8A33001338DF8A33033
:101AF0000BE0BDF8B42041F206031340002B04D0E4
:101B00009DF8A33001338DF8A330BDF8B43003F055
:101B10000803002B2AD1BDF8B43003F00103002BD9
:101B20001FD09DF8B7302B939DF8A3202C9B934298
:101B300017DD9DF8A3202C9B9A1A2B9B13442B9303
:101B40002C9B8DF8A3300CE0279B01332793119B2E
:101B50005B682021119898479DF8A33001338DF8D8
:101B6000A3309DF8A3202C9B9342EDDC9DF8A3208D
:101B70002C9B934204DD9DF8A3202C9B9B1A00E034
:101B800000232C93BDF8B43003F01003002B1FD0BA
:101B9000279B01332793119B5B683021119898474D
:101BA000BDF8B43003F48043002B43D0279B0133AE
:101BB0002793119B5A68BDF8B43003F40053002BEF
:101BC00001D0582300E0782319461198904731E05E
:101BD000BDF8B42041F206031340002B2AD0202385
:101BE0008DF86F30BDF8B43003F00203002B02D043
:101BF0002B238DF86F30BDF8B43003F48053002BE5
:101C000002D02D238DF86F30279B01332793119B32
:101C10005A689DF86F301946119890470AE0279B43
:101C200001332793119B5B683021119898472B9BB8
:101C3000013B2B939DF8B7202B9B9342EFDC13E0E5
:101C4000279B01332793119B5A689DF8B730013BBE
:101C50008DF8B7309DF8B730803338336B4413F8C4
:101C6000703C1946119890479DF8B730002BE7D18A
:101C700000E000BF0AE0279B01332793119B5B68BC
:101C80002021119898472C9B013B2C932C9B002BD7
:101C9000F1D1FFF77CB800BF00E000BF279B1846DA
:101CA0002EB0BDE8D08F00BF00B587B0059004917D
:101CB0000392039B0093049B002200210598FFF7E9
:101CC0005DF80346184607B05DF804FB00B587B021
:101CD000059004910392039B0093049B0022002132
:101CE0000598FFF74BF80346184607B05DF804FB6C
:101CF000F0B587B0CDE9020101920093002305936E
:101D0000009B03F40073002B05D001230593009B77
:101D100023F400730093009BDA171C461546DDE997
:101D2000020122462B461CF05DFF13460493009BE4
:101D3000DA171E46174632463B46DDE902011CF023
:101D400051FF02460B46CDE90223049B092B03DC1D
:101D5000049B3033049309E0059B002B03D0049BC4
:101D60003733049302E0049B57330493019B5A1CBE
:101D70000192049AD2B21A70DDE902231343CAD148
:101D8000019B184607B0F0BD00B591B08DED040B76
:101D900003900291019200230F9300238DF83B30B2
:101DA0009DED047BB5EEC07BF1EE10FA0BD59DF8EE
:101DB0003B3043F001038DF83B309DED047BB1EEE9
:101DC000477B8DED047B9DED047BB5EE407BF1EE12
:101DD00010FA16D19DF83B3043F002038DF83B30EA
:101DE00000230D9308E0039A0D9B13440533302222
:101DF0001A700D9B01330D930D9A029B9A42F2DBF0
:101E0000F1E09DED046B9DED047BB4EE476BF1EECC
:101E100010FA06D79DF83B3043F008038DF83B30AD
:101E2000E1E09DED047BB0EEC77B9FED796BB4EEF6
:101E3000467BF1EE10FAD4BF01230023DBB283F01E
:101E40000103DBB2002B06D09DF83B3043F00403C6
:101E50008DF83B30C7E00F230F939DED047B9FED82
:101E60006E6BB4EEC67BF1EE10FA29D508230D9304
:101E700022E06F4A0D9BDB00134493ED007B9DED48
:101E8000046B26EE077B8DED067B9DED067B9FEDBB
:101E9000646BB4EEC67BF1EE10FA0AD5DDE90623D9
:101EA000CDE9042301220D9B02FA03F30F9AD31A02
:101EB0000F930D9B013B0D930D9B002BD9DA28E06E
:101EC00008230D9322E05B4A0D9BDB00134493ED46
:101ED000007B9DED046B26EE077B8DED067B9DED73
:101EE000067B9FED4D6BB4EEC67BF1EE10FA0ADB7C
:101EF000DDE90623CDE9042301220D9B02FA03F359
:101F00000F9A13440F930D9B013B0D930D9B002BD8
:101F1000D9DA019B002B0AD00F9B43EAE3735A1CCA
:101F2000019B1344029A9342A8BF13460293424A6C
:101F3000029BDB00134493ED007B9DED046B36EEBA
:101F4000077B8DED047B9DED047B9FED356BB4EE3F
:101F5000C67BF1EE10FA0ADB9DED046BB2EE045B7A
:101F600086EE057B8DED047B0F9B01330F93DDE93E
:101F700004011CF051FE02460B46CDE90A232AA3B8
:101F8000D3E90023CDE9082300230D9327E0DDE901
:101F90000823DDE90A011CF025FE02460B46D3B2F8
:101FA0003033D9B2039A0D9B134405330A461A7095
:101FB000DDE90A01DDE908231CF014FECDE90A235E
:101FC000DDE908014FF00A024FF000031CF00AFEA1
:101FD00002460B46CDE908230D9B01330D930D9A64
:101FE000029B9A42D3DB039A029B134405330022DF
:101FF0001A70039B9DF83B201A71039B0F9A1A607D
:10200000029B184611B05DF804FB00BFAFF30080DF
:10201000FFFFFFFFFFFFEF7F00003426F56B0C434F
:102020000080E03779C341430080C6A47E8D030061
:1020300050D1040898D10408E0D1040886B0039078
:102040000291019200238DF8173000230493029B24
:102050000A2B0EDC039B2F2B38DD029B2F33039AB8
:102060009A4233DC039B303B049301238DF81730F5
:102070002CE0029B242B29DC039B2F2B09DD039BE7
:10208000392B06DC039B303B049301238DF817307A
:102090001CE0039B602B0BDD029B5633039A9A4294
:1020A00006DC039B573B049301238DF817300DE0AA
:1020B000039B402B0ADD029B3633039A9A4205DCD0
:1020C000039B373B049301238DF817309DF817309D
:1020D000002B05D0019B002B02D0019B049A1A60B3
:1020E0009DF81730184606B0704700B585B00190CE
:1020F000019B1B68039302E0039B01330393039B43
:102100001B78184600F0ACFA0346002BF4D1019B73
:10211000039A1A6000BF05B05DF804FB86B0039017
:1021200002910192039B059305E0059B5A1C0592C1
:10213000029AD2B21A70019B5A1E0192002BF4D15E
:10214000039B184606B0704786B003900291019237
:10215000029B0493019B0593059B002B13D00AE07F
:10216000029A531C0293039B591C039112781A7014
:102170001B78002B06D0059B013B0593059B002B8C
:10218000EED100E000BF059B002B0CD1019B002B82
:1021900002D0039B00221A7000BF029B5A1C0292BD
:1021A0001B78002BF9D1029A049BD31A013B1846E5
:1021B00006B0704784B001900091019B039305E045
:1021C000009B013B0093039B01330393009B002B77
:1021D00003D0039B1B78002BF2D1039A019BD31AE7
:1021E000184604B0704788B0039002910192039B97
:1021F0000793029B0693019B0F2B4DD9069A079BD1
:10220000134303F00303002B46D1079B0593069B62
:10221000049322E0049A131D0493059B191D059154
:1022200012681A60049A131D0493059B191D0591E9
:1022300012681A60049A131D0493059B191D0591D9
:1022400012681A60049A131D0493059B191D0591C9
:1022500012681A60019B103B0193019B0F2BD9D888
:102260000AE0049A131D0493059B191D0591126839
:102270001A60019B043B0193019B032BF1D8059B42
:102280000793049B069307E0069A531C0693079B4B
:10229000591C079112781A70019B5A1E0192002B4B
:1022A000F2D1039B184608B0704788B001900091A6
:1022B000019B0793009B8DF80F309DF80F30002B8A
:1022C0003DD108E0079B1B78002B01D1079B89E0DB
:1022D000079B01330793079B03F00303002BF1D106
:1022E000079B069302E0069B04330693069B1B683C
:1022F000A3F10132069B1B68DB43134003F08033DC
:10230000002BF0D0069B079302E0079B0133079355
:10231000079B1B78002BF8D1079B63E0079B1B787A
:10232000002B01D100235DE0079B1B789DF80F2057
:102330009A4201D1079B55E0079B01330793079B06
:1023400003F00303002BE9D19DF80F300593082318
:10235000049309E0059A049B02FA03F3059A1343D8
:102360000593049B5B000493049B1F2BF2D9079BEE
:10237000069302E0069B04330693069B1B68A3F1B9
:102380000132069B1B68DB43134003F08033002BB4
:102390000FD1069B1A68059B5340A3F10132069B9F
:1023A0001968059B4B40DB43134003F08033002B3F
:1023B000E0D0069B079302E0079B01330793079B3E
:1023C0001B78002B05D0079B1B789DF80F209A42A5
:1023D000F2D1079B1B789DF80F209A4201D1079BF1
:1023E00000E00023184608B0704784B00190019BBC
:1023F00002930AE0019B1B78002B03D1019A029BF8
:10240000D31A26E0019B01330193019B03F00303E0
:10241000002BEFD1019B039302E0039B0433039352
:10242000039B1B68A3F10132039B1B68DB43134032
:1024300003F08033002BF0D0039B019302E0019B5B
:1024400001330193019B1B78002BF8D1019A029B69
:10245000D31A184604B0704700B587B003900291B4
:1024600001920C4B1B781A46039B03F0070342FAB8
:1024700003F303F00103002B07D0019B059305AB89
:102480001A46029903981FF03FFD00BF07B05DF8A0
:1024900004FB00BF4A0100240EB400B584B00190D3
:1024A00006AB0393039A05990198FFF7D5FF00BF88
:1024B00004B05DF804EB03B0704700B587B003903B
:1024C00002910192039BA3F2B27340F26D1202FBE0
:1024D00003F30593039BA3F2B1739B101A46059B6C
:1024E00013440593039800F033F80346002B14BF00
:1024F00001230023DBB21946029800F00FF80346CF
:102500001A46059B13440593019A059B1344013B0E
:102510000593059B184607B05DF804FB84B0019055
:102520000B468DF80330094A019B32F813300393B0
:10253000019B012B06DD9DF80330002B02D0039B8D
:1025400001330393039B184604B0704760D204081C
:1025500082B00190019A124B83FB0213D911D31759
:10256000CB1A4FF4C87101FB03F3D31A002B11D01F
:10257000019A0B4B83FB02135911D317CB1A642119
:1025800001FB03F3D31A002B06D0019B03F00303D6
:10259000002B01D1012300E00023184602B0704750
:1025A0001F85EB5100B587B00023059301AB194699
:1025B00000201DF019F80490049B002B01DB029B06
:1025C0000593059B184607B05DF804FB82B0EFF356
:1025D00011830193019BDBB2184602B0704782B0B1
:1025E0000190019B83F3118800BF02B0704700B5D2
:1025F00083B0FFF7EBFF03468DF807308020FFF72D
:10260000EEFF9DF80730184603B05DF804FB00B5F7
:1026100083B003468DF807309DF807301846FFF762
:10262000DEFF00BF03B05DF804FB000000B585B01D
:1026300001900091FFF7DBFF03468DF80F30009A01
:1026400006490198FFF780FD9DF80F301846FFF707
:10265000DEFF0023184605B05DF804FB7C1F002454
:1026600082B00190019B202B0ED0019B092B0BD037
:10267000019B0A2B08D0019B0D2B05D0019B0C2B35
:1026800002D0019B0B2B01D1012300E0002318464F
:1026900002B0704700B583B00E4B1B68002B14D1FD
:1026A0000D4B01930AE0019B1B680093009B002BDC
:1026B00001D0009B9847019B04330193019B074A7B
:1026C0009342F0D3034B01221A6000BF03B05DF8C0
:1026D00004FB00BFA01F00246E3B05086E3B0508ED
:1026E00000B585B00190019B002B07D100F01FF9C8
:1026F0000346184600F030F8039003E0019800F01C
:10270000ECF80390039B002B08DAFDF7F3FB02467D
:10271000039B5B4213604FF0FF3300E00023184639
:1027200005B05DF804FB00B585B00190019B18462B
:10273000FDF7C6FE0390039B184605B05DF804FB49
:1027400000B583B00190019B1846FDF77BFF03465F
:10275000184603B05DF804FB00B589B00190002372
:102760000693019B002B38D0019B1846FFF7DBFF37
:10277000002305930DE0059A13465B0113449B006B
:102780001033019A1344184600F0A7F8059B013353
:102790000593059B022BEEDD019BD3F89C3107933B
:1027A00014E0079B0493049BB3F87C3003F002030E
:1027B000002B08D0049800F090F80390039B002BA6
:1027C00001DA039B0693079B1B680793079B002B6B
:1027D000E7D1019B1846FFF7B3FF069B184609B0E7
:1027E0005DF804FB00B587B00190019BB3F87C3025
:1027F00003F00203002B02D16FF0080369E0019B94
:10280000DB6A002B01D1002363E0019B5A6B019B23
:10281000DB6A9A4258D0019B9A6B019BDB6A9A4211
:1028200001D0002355E0019B5A6B019BDB6AD31A50
:102830000393019BDB6A0593019BDB69002B08D0A6
:10284000019BDB69019A906A039A05999847049065
:1028500008E0019B9B6A1846039B1A46059917F0EE
:1028600016FD0490049B002B0EDA019B93F87E303A
:1028700043F00203DAB2019B83F87E20FDF73AFBB6
:1028800003461B685B4224E0049B059A13440593AE
:10289000039A049BD31A0393039B002BCCDC019B6C
:1028A000DA6A019B5A630CE0059A531C0593019B5D
:1028B0005B6B581C0199486312781A70039B013BAB
:1028C0000393039B002BEFD1019B5A6B019BDB6AA7
:1028D000D31A184607B05DF804FB00B585B0019027
:1028E000019800F00CF80198FFF77CFF0390019825
:1028F00000F011F8039B184605B05DF804FB00B525
:1029000083B00190019B04331846FDF77FFC00BFA4
:1029100003B05DF804FB00B583B00190019B043364
:102920001846FDF7B3FC00BF03B05DF804FB00B52B
:1029300083B000F018F80190019B2C33184603B0C7
:102940005DF804FB00B583B00190FFF7F0FF01468E
:10295000019A13465B0113449B0010330B44184645
:1029600003B05DF804FB00B583B0FFF71BFE0190D8
:10297000019B1B68184603B05DF804FB00B583B0EB
:1029800001900091009A0199044800F06BFB034606
:10299000034A136000BF03B05DF804FB7CD2040857
:1029A0001C34002400B583B00190054B1B680199CD
:1029B000184600F09AFD00BF03B05DF804FB00BFAD
:1029C0001C34002400B585B001900A4B1B680199A6
:1029D000184600F035FE0390039B002B04D1FDF751
:1029E00089FA03460C221A60039B184605B05DF86D
:1029F00004FB00BF1C34002400B585B00190009199
:102A00000A4B1B68009A0199184600F008FF0390D2
:102A1000039B002B04D1FDF76DFA03460C221A60CC
:102A2000039B184605B05DF804FB00BF1C3400246E
:102A300000B585B001900A4B1B680199184601F05A
:102A400072F80390039B002B04D1FDF753FA034661
:102A50000C221A60039B184605B05DF804FB00BF0A
:102A60001C34002484B01B4B0F3323F003030C3BB6
:102A700002930023039310E0039BD02203FB02F296
:102A8000029B13440093144B1A68009B1A60124A6D
:102A9000009B1360039B01330393039B172BEBDD18
:102AA000002303930EE0039BDB000C4A13440193C5
:102AB0000B4B1A68019B1A60094A019B1360039B28
:102AC00001330393039B172BEDDD00BF00BF04B060
:102AD000704700BFA41F0024E833002428330024DB
:102AE000F033002484B001900091019B1B68039394
:102AF000009B1B68002B15D0039B002B12D0009B62
:102B00005B68039A9A4206D1009B019A5A60019B26
:102B100000221A6003E0039B1A68019B1A60039B62
:102B200000221A60039B184604B0704784B00190DD
:102B3000019B1B680393039B002B0DD0039B1A681A
:102B4000019B1A60019B1B68002B02D1019B002294
:102B50005A60039B00221A60039B184604B070471A
:102B600000B583B00190019B1846F5F7FDF80346C8
:102B7000184603B05DF804FB00B583B00190019BDB
:102B800000221A61019B1846FDF712FB0346184606
:102B900003B05DF804FB00B585B00190019B1846B9
:102BA000FFF7DEFF0390039B002B02DB019B00225B
:102BB0001A61039B184605B05DF804FB88B00390CA
:102BC000029101920093039B0793079A029B13447F
:102BD0000693019B0593059A009B13440493079A5F
:102BE000059B9A420DD3079A049B9A4209D2069AF2
:102BF000059B9A4205D3069A049B9A4201D8012369
:102C000000E0002303F00103DBB2184608B0704770
:102C100000B583B00B4B1B680193019B9B6800932D
:102C2000009B002B02D16FF0150306E0009B03F51B
:102C300020731846FDF7EAFA0346184603B05DF81C
:102C400004FB00BFA80C002400B583B0094B1B682F
:102C50000193019B9B680093009B002B06D0009B77
:102C600003F520731846FDF711FB00E000BF03B029
:102C70005DF804FBA80C002400B583B001900B465E
:102C80008DF80330019B00221A60019B00225A60DC
:102C9000019B0C331846FFF76FFF019B00229A60DF
:102CA00000BF03B05DF804FB10B584B0019014E0E0
:102CB000039B1B6A002B08D0039B1C6A039B5A686A
:102CC000039B9B6803990020A047019B9B685A1EA9
:102CD000019B9A600398FFF765FE019B1846FFF77A
:102CE00025FF0390039B002BE2D1019B0C33184678
:102CF000FFF751FF00BF04B010BD30B587B00190A1
:102D00000091009B002B02D16FF015034DE02420B1
:102D1000FFF758FE03460593059B002B02D16FF089
:102D2000150342E0059A009B14461D460FCD0FC4C3
:102D30000FCD0FC42B682360019B0C331846FDF7A1
:102D400065FA0490049B002B04DA0598FFF72AFE2D
:102D5000049B2AE0019B9B68B3F5806F0AD305981A
:102D6000FFF720FE019B0C331846FDF78FFA6FF03A
:102D70000B031AE0019B9B685A1C019B9A60059B00
:102D80000393019B1A68039B1A60019B1B68002B2D
:102D900002D1019B039A5A60019B039A1A60019B1E
:102DA0000C331846FDF772FA0023184607B030BD01
:102DB00000B587B003900291019200230593039B15
:102DC0000C331846FDF722FA0346002B1CD1039B57
:102DD0001B68059302E0059B1B680593059B002B70
:102DE0000DD0059B5A68059B9B6801990298FFF7D7
:102DF000E5FE034683F00103DBB2002BEBD1039B1E
:102E00000C331846FDF742FA059B184607B05DF8EB
:102E100004FB00B587B00190009100230493019B4F
:102E2000002B02D0009B002B01D100234EE0019B20
:102E30000C331846FDF7EAF90390039B002B01DAE7
:102E4000039B43E0019B1B680593059B002B07D167
:102E5000019B0C331846FDF719FA6FF0010335E0BA
:102E6000009A059B9A421CD1019B1846FFF75EFE13
:102E7000019B9B685A1E019B9A60059B049316E078
:102E8000009A049B9A420AD1019B19460598FFF7C4
:102E900029FE019B9B685A1E019B9A6007E0049BD8
:102EA0000593059B1B680493049B002BE8D1019BB1
:102EB0000C331846FDF7EAF9049B002B04D0049864
:102EC000FFF770FD002301E06FF00103184607B023
:102ED0005DF804FB82B00190019BB3F5800F01D334
:102EE000122307E0019B1B090193019BB3FA83F3B3
:102EF000C3F11F03184602B0704700B587B00190B8
:102F00000091009B5B6823F0030303930398FFF792
:102F1000E1FF0290029B04331B01019A13440493C6
:102F2000019A029B1B01134448331B68059304E07C
:102F3000059B0493059B9B680593059B002B0AD07A
:102F4000059B5B68002B06D0059B5B6823F00303A1
:102F5000039A9A42ECD8049B009A9A60009B049AC8
:102F6000DA60009B059A9A60059B002B02D0059BB6
:102F7000009ADA6000BF07B05DF804FB00B589B0C5
:102F8000039002910192039800F03BF9039BDB6BE5
:102F90000793079B032B03DD039800F058F95EE0CD
:102FA000029B173323F00703103B0693029A069BFC
:102FB000D31A019A13440193069A019B134423F0F8
:102FC00007030593059A069BD31A0193039B1A697D
:102FD000019B1A44039B1A61069A0399079B0633C7
:102FE0009B000B445A60039A079B06339B001344D3
:102FF0005B6809225A60069B08330493019BA3F186
:103000001002049B5A60059B083B1946039A079BD4
:103010000A339B0013445960039A079B0A339B00B1
:1030200013445B680B225A60039A079B0A339B0088
:1030300013445B68049A52681A60039BDB6B5A1C4A
:10304000039BDA6304990398FFF757FF039B9B697F
:1030500003F11002039B9A61039800F0F8F809B09D
:103060005DF804FB00B589B0039002910192029BC8
:10307000073323F007030693029A069BD31A019A9B
:1030800013440193069B0593019BA3F5C073019321
:10309000069B03F5C07302934FF4C072002105989C
:1030A000FFF73CF8012307931AE0079B013B079ABF
:1030B0000432120105990A4405991B010B44483357
:1030C0001A60079B013B04331B01059A1A440599BA
:1030D000079B1B010B444C331A60079B013307937A
:1030E000079B122BE1DD059B1846FDF761F8059B58
:1030F000039AC3F87421059B059AC3F87821059BB0
:103100004FF4C0729A61019A02990598FFF736FF51
:10311000059B03F5BA73184618F00CFF059B18467B
:1031200009B05DF804FB000082B00190019B1A68B1
:10313000054B1340044A934214BF01230023DBB222
:10314000184602B0704700BFFEFFFF7F00B585B094
:103150000190019B1846FDF7B3F90390039B1846B5
:1031600005B05DF804FB00B583B00190019B1846E3
:10317000FDF768FA0346184603B05DF804FB82B019
:10318000EFF311830193019BDBB2184602B0704745
:1031900082B00190019B83F3118800BF02B0704799
:1031A00000B583B0FFF7EBFF03468DF807308020B2
:1031B000FFF7EEFF9DF80730184603B05DF804FBFB
:1031C00000B583B003468DF807309DF807301846E8
:1031D000FFF7DEFF00BF03B05DF804FB82B0EFF342
:1031E00005830193019B184602B0704708B5FFF7AD
:1031F000F5FF0346002B14BF01230023DBB2184662
:1032000008BD00B585B00190FFF7F0FF0346002B25
:103210000BD0019B1846FFF787FF0346002B02D017
:103220006FF00A030FE000230DE01DF06BFF034673
:10323000002B02DA6FF0020305E0019B1846FFF74E
:1032400085FF03900023184605B05DF804FB00B528
:1032500083B00190FFF7CAFF0346002B04D1019B06
:103260001846FFF780FF00E000BF03B05DF804FBE5
:1032700000B585B00190FFF793FF03468DF80F303E
:103280009DF80F30184605B05DF804FB00B583B01B
:1032900001900B468DF803309DF803301846FFF778
:1032A0008FFF00BF03B05DF804FB82B00190019B6B
:1032B000B3F5800F01D3122307E0019B1B09019393
:1032C000019BB3FA83F3C3F11F03184602B07047A2
:1032D00000B587B001900091009B5B6823F0030369
:1032E00003930398FFF7E1FF0290029B04331B0155
:1032F000019A13440493019A029B1B01134448331F
:103300001B68059304E0059B0493059B9B6805934C
:10331000059B002B0AD0059B5B68002B06D0059B04
:103320005B6823F00303039A9A42ECD8049B009A4B
:103330009A60009B049ADA60009B059A9A60059B4C
:10334000002B02D0059B009ADA6000BF07B05DF841
:1033500004FB00B585B001900091009B0393019898
:10336000FFF786FF03468DF80B30019BD3F87021E1
:10337000039B1A60019B039AC3F870219DF80B30E0
:1033800019460198FFF782FF00BF05B05DF804FB06
:1033900000B58DB00390029113468DF80730039865
:1033A000FFF72FFF0346002B04DA02990398FFF77B
:1033B000D0FF97E00299039800F0CBFB09909DF8AD
:1033C0000730002B07D00398FFF741FF02990398BD
:1033D000FFF7BFFF86E0029B083B0B930B9B5B68EC
:1033E00023F0030309930B9B5B6823F001020B9B03
:1033F0005A60039B9A69099BD21A039B9A610B9AA4
:10340000099B13440A930A9B5B6803F00103002B9A
:1034100028D10A9B5B6823F0030308930A9A089B50
:10342000134407930A9BDB680A9A92689A600A9B86
:103430009B68002B04D00A9B9B680A9AD268DA60CA
:10344000099A089B134409930B9B5B6803F00302E2
:10345000099B1A430B9B5A60079B099A1A60079BAA
:103460000A9308E00A9B5B6843F002020A9B5A60D9
:103470000A9B099A1A600B9B5B6803F00203002BFE
:1034800029D00B9B1B685B420B9A13440693069B47
:103490005B6823F003030593069BDB68069A92683A
:1034A0009A60069B9B68002B04D0069B9B68069A3B
:1034B000D268DA60059A099B13440593069B5B6802
:1034C00003F00302059B1A43069B5A600A9B059A68
:1034D0001A60069B0B930B990398FFF7F9FE03986C
:1034E000FFF7B5FE0DB05DF804FB00B583B00190A9
:1034F0000091009B002B05D0002200990198FFF756
:1035000047FF00E000BF03B05DF804FB82B001900C
:10351000019BB3F5800F01D3122307E0019B1B0928
:103520000193019BB3FA83F3C3F11F03184602B062
:10353000704700B587B001900091009B5B6823F055
:10354000030303930398FFF7E1FF0290029B043308
:103550001B01019A13440493019A029B1B0113441B
:1035600048331B68059304E0059B0493059B9B6807
:103570000593059B002B0AD0059B5B68002B06D0AA
:10358000059B5B6823F00303039A9A42ECD8049BE3
:10359000009A9A60009B049ADA60009B059A9A60F0
:1035A000059B002B02D0059B009ADA6000BF07B094
:1035B0005DF804FB00B587B001900B468DF8033031
:1035C00000238DF813300198FFF752FE03468DF863
:1035D0001230019BD3F870310593019B0022C3F890
:1035E00070219DF8123019460198FFF74FFE059B98
:1035F000002B14BF012300238DF8133009E0059B35
:103600000393059B1B680593002203990198FFF71C
:10361000BFFE059B002BF2D19DF81330184607B072
:103620005DF804FB00B583B00190019B002B03D033
:1036300001210198FFF7BEFF00BF03B05DF804FB56
:1036400000B58BB0019000910023079300210198F1
:10365000FFF7B0FF009B0B2B01D80C230093009BBE
:103660000B3323F007030693069A009B9A4201D27C
:1036700000237CE00198FFF7C4FD0698FFF746FFA2
:103680000590019A059B1B01134448331B6809935D
:103690000BE0099B5B6823F003030893089A069BE1
:1036A0009A4206D2099B9B680993099B002BF0D193
:1036B00000E000BF099B002B53D0099BDB68099AEF
:1036C00092689A60099B9B68002B04D0099B9B68B9
:1036D000099AD268DA60099A089B13440493089AFD
:1036E000069BD31A0393039B0F2B16D9099A069BAB
:1036F00013440293029B039A5A60099B5B6803F090
:103700000302069B1A43099B5A60049B039A1A60A2
:1037100002990198FFF70DFF05E0049B5B6823F019
:103720000202049B5A60099B5B6823F00303089321
:10373000019B9A69089B1A44019B9A61019B9A69B3
:10374000019B5B699A4203D9019B9A69019B5A616B
:10375000099B5B6843F00102099B5A60099B08338F
:1037600007930198FFF773FD079B002B079B1846F3
:103770000BB05DF804FB82B00190019BB3F5800FA4
:1037800001D3122307E0019B1B090193019BB3FAAC
:1037900083F3C3F11F03184602B0704700B587B02A
:1037A00001900091009B5B6823F00303039303984F
:1037B000FFF7E1FF0290029B04331B01019A1344BF
:1037C0000493019A029B1B01134448331B68059321
:1037D00004E0059B0493059B9B680593059B002BC8
:1037E0000AD0059B5B68002B06D0059B5B6823F025
:1037F0000303039A9A42ECD8049B009A9A60009BB8
:10380000049ADA60009B059A9A60059B002B02D00F
:10381000059B009ADA6000BF07B05DF804FB00B5B5
:1038200095B003900291019200231293002311930B
:1038300000231093029B002B05D101990398FFF7F9
:10384000FFFE03466BE1019B0B2B01D80C23019378
:10385000019B0B3323F007030B930B9A019B9A42B6
:1038600001D200235BE1029B083B13930398FFF70F
:10387000C8FC139B5B6823F003030A930B9A0A9B13
:103880009A4215D80B9A0A9B9A420CD2039B9A69CA
:103890000B990A9BCB1A1A44039B9A610B9A1399B2
:1038A000039800F0C2F90398FFF7D1FC029B36E1C0
:1038B000139A0A9B13440993099B5B6803F0010365
:1038C000002B04D1099B5B6823F003031093139B27
:1038D0005B6803F00203002B0AD0139B1B685B425A
:1038E000139A13441293129B5B6823F00303119302
:1038F000109A119B1A440A9B13440B9A9A4200F2A5
:10390000F7800B9A0A9BD31A08930A9B0E93109A7E
:10391000119B9A420FD9089A119B9A4206D9119B82
:103920000D93089A119BD31A0C9313E0089B0D93E7
:1039300000230C930EE0089A109B9A4206D9089A2D
:10394000109BD31A0D93109B0C9303E000230D934F
:10395000089B0C93029B0F930D9B002B55D0129B41
:10396000DB68129A92689A60129B9B68002B04D0C5
:10397000129B9B68129AD268DA600D9B1033119AE1
:103980009A4209D2039B9A6911990D9BCB1A1A444A
:10399000039B9A61119B0D930D9B5B42139A1344F9
:1039A00007930D9A119B9A421CD2119A0D9BD31A20
:1039B0001193129B5B6803F00302119B1A43129B45
:1039C0005A600E9A0D9B13440E930E9B43F0030214
:1039D000079B5A60079B119A1A6012990398FFF788
:1039E000DDFE0DE00E9A119B13440E93079B5B685E
:1039F00003F003020E9B134343F00102079B5A603E
:103A0000079B08330F93079B13930C9B002B48D005
:103A1000099A109B13440693099BDB68099A9268E4
:103A20009A60099B9B68002B04D0099B9B68099AAC
:103A3000D268DA600C9B1033109A9A4209D2039B29
:103A40009A6910990C9BCB1A1A44039B9A61109B9C
:103A50000C930E9A0C9B13440E93139B5B6803F01C
:103A600003020E9B1A43139B5A600C9A109B9A42B6
:103A700011D2139A0E9B13440593109A0C9BD21AE1
:103A8000059B5A60059B5A68069B1A600599039826
:103A9000FFF784FE05E0069B5B6823F00202069BAD
:103AA0005A60039B9A690B990A9BCB1A1A44039B91
:103AB0009A61039B9A69039B5B699A4203D9039BB2
:103AC0009A69039B5A61139B5B6823F0030301937C
:103AD0000398FFF7BCFB0F9A029B9A4206D00A9B01
:103AE000043B1A4602990F98FEF77DFB0F9B16E0E8
:103AF0000398FFF7ACFB01990398FFF7A1FD0F9026
:103B00000F9B002B0AD00A9B043B1A4602990F9880
:103B1000FEF769FB02990398FFF7E7FC0F9B184635
:103B200015B05DF804FB00B585B0019000910099D7
:103B30000198FFF785FD0390039B002B04D0009AAA
:103B400000210398FEF7EAFA039B184605B05DF8DA
:103B500004FB86B00190009101238DF81730009B83
:103B6000002B01D1002309E0009B083B0493049B38
:103B70005B6823F00303043B0393039B184606B0E2
:103B8000704782B00190019BB3F5800F01D31223DF
:103B900007E0019B1B090193019BB3FA83F3C3F177
:103BA0001F03184602B0704700B587B0019000911E
:103BB000009B5B6823F0030303930398FFF7E1FF87
:103BC0000290029B04331B01019A13440493019A4F
:103BD000029B1B01134448331B68059304E0059BBB
:103BE0000493059B9B680593059B002B0AD0059BBE
:103BF0005B68002B06D0059B5B6823F00303039AE8
:103C00009A42ECD8049B009A9A60009B049ADA606E
:103C1000009B059A9A60059B002B02D0059B009A99
:103C2000DA6000BF07B05DF804FB00B58BB003900D
:103C300002910192029B5B6823F003030993029AAD
:103C4000099B13440893089B5B6803F00103002B56
:103C500032D1089B5B6823F003030693089A069B06
:103C600013440593089BDB68089A92689A60089B46
:103C70009B68002B04D0089B9B68089AD268DA6086
:103C8000029A019B13440493069A099B1A44019BD0
:103C9000D21A049B5A60029B5B6803F00302019BEB
:103CA0001A43029B5A60049B5A68059B1A60049948
:103CB0000398FFF779FF23E0019B1033099A9A429A
:103CC0001ED3029A019B13440793099A019BD21AAF
:103CD000079B5A60029B5B6803F00302019B1A4337
:103CE000029B5A60089B5B6843F00202089B5A6083
:103CF000079B5A68089B1A6007990398FFF754FFBF
:103D000000BF0BB05DF804FB006741678267C367C3
:103D1000C0F880C0C0F884E0C0F888E0EFF3038109
:103D2000C0F88C1000F19001A1EC100AF1EE102AFD
:103D30000A606A46EFF31183A0E8FC0F4FF0FF31F1
:103D400002C0A0EC108A4FF00000704782B00190D2
:103D50000091074B1B681A46019B1A60044B1A68B6
:103D6000044B9B1A009A136000BF02B0704700BF5B
:103D7000F88504080000082400B585B0039002917E
:103D80000192039B0299184623F040FE00BF05B044
:103D90005DF804FB00B583B001230193019B032B65
:103DA00009D8144A4FF490214FF04050FFF7E4FF38
:103DB000019B01330193019B032B0AD80E480E4A45
:103DC0000E4B9B1A0E4A1946FFF7D6FF019B013393
:103DD0000193019B032B09D80A4A4FF400314FF09D
:103DE0000050FFF7C9FF019B0133019300BF03B0EF
:103DF0005DF804FB84D2040800000038000001389C
:103E000090D2040898D2040800B589B003900291BA
:103E10000192002307930C4B01221A600B4B1B6885
:103E2000002B0BD0094B1B680693084B5B6805936E
:103E3000069B059A0299039898470790079B184696
:103E400009B05DF804FB00BF88000058203400244E
:103E500000B589B0039002910192002307930C4BA7
:103E600002221A600B4B9B68002B0BD0094B9B68FE
:103E70000693084BDB680593069B059A0299039805
:103E800098470790079B184609B05DF804FB00BFF0
:103E9000880000582034002400B589B003900291B6
:103EA0000192002307930C4B04221A600B4B1B69F1
:103EB000002B0BD0094B1B690693084B5B690593DC
:103EC000069B059A0299039898470790079B184606
:103ED00009B05DF804FB00BF8800005820340024BE
:103EE00000B589B0039002910192002307930C4B17
:103EF00008221A600B4B9B69002B0BD0094B9B6966
:103F00000693084BDB690593069B059A0299039873
:103F100098470790079B184609B05DF804FB00BF5F
:103F2000880000582034002400B589B00390029125
:103F30000192002307930C4B10221A600B4B1B6A53
:103F4000002B0BD0094B1B6A0693084B5B6A059349
:103F5000069B059A0299039898470790079B184675
:103F600009B05DF804FB00BF88000058203400242D
:103F700000B58DB0039002910192009300230A9343
:103F80001D4B1B680993019B0B932BE001220B9B9C
:103F900002FA03F30893099A089B1340002B1ED0E2
:103FA000154A089B1360154A0B9B52F83330002BBF
:103FB00015D0124A0B9B52F8333007930F4A0B9BD4
:103FC000DB0013445B680693079B069A02990398EB
:103FD00098470590059B002B01DA059B0A930B9BE4
:103FE00001330B930B9A009B9A42CFDD0A9B184634
:103FF0000DB05DF804FB00BF880000582034002499
:1040000000B585B00390029101920923052202991F
:104010000398FFF7ADFF0346184605B05DF804FBB3
:1040200000B585B00390029101920F230A220299F4
:104030000398FFF79DFF0346184605B05DF804FBA3
:1040400000B58BB00190084611461A4603468DF81C
:1040500003300B468DF8023013468DF80130019B7A
:1040600003F00F030493049B03F01F03012202FAE1
:1040700003F30393049B042B27D8049B1633089364
:1040800001230693049BDB005F4A13440993049BBE
:10409000032B17D801A252F823F000BFAD4001084E
:1040A000B3400108B9400108BF400108574B0793CE
:1040B0001FE0574B07931CE0564B079319E0564BF4
:1040C000079316E0554B079313E0049B092B08D880
:1040D00027230893524B0793524B099305230693CA
:1040E00007E038230893504B0793504B099306235E
:1040F00006934549049B0C9A41F83320424A049B9D
:10410000DB0013440D9A5A600C9B002B08D0002250
:1041100007990898F0F73CF90898EDF7C7FD19E002
:104120000023059309E0059BDB00099A13441B68F3
:10413000002B07D1059B01330593059A069B9A42F4
:10414000F1DB00E000BF059A069B9A4202D1089875
:10415000EDF788FD9DF80130002B02D10C9B002B60
:1041600003D0019B43F4807301930198EDF7BAF9F2
:104170009DF80330002B01D0002300E0039B9DF845
:104180000320002A01D0039A00E0002219464FF0D4
:10419000B040EDF74AF89DF80230002B01D0002323
:1041A00000E0039B9DF80220002A01D0039A00E062
:1041B000002219461E48EDF738F89DF80130002B13
:1041C00001D0002300E0039B9DF80120002A01D0CC
:1041D000039A00E0002219461648EDF726F80C9BDA
:1041E000002B01D1039B00E000230C9A002A01D090
:1041F000039A00E0002219460F48EDF716F8002355
:1042000018460BB05DF804FB20340024093E010879
:10421000513E0108993E0108E13E0108293F01088D
:104220000140010848340024214001087034002472
:1042300004000058840000588000005800B585B084
:104240000390029101921BF061FC0023184605B017
:104250005DF804FB00B583B00D4B0E4A1A600E4B9F
:1042600000221A6000220D490F20F0F791F8032375
:104270000193019B43F004030193094A019B1360DE
:104280000F20EDF713FD00BF03B05DF804FB00BF86
:1042900014E000E0FF083D0018E000E03D420108A6
:1042A00010E000E082B0EFF311830193019BDBB2D9
:1042B000184602B0704782B00190019B83F31188C9
:1042C00000BF02B0704700B583B0FFF7EBFF0346B5
:1042D0008DF807308020FFF7EEFF9DF80730184675
:1042E00003B05DF804FB00B583B003468DF80730DA
:1042F0009DF807301846FFF7DEFF00BF03B05DF8FA
:1043000004FB000088B00190019B1B680693019B91
:104310001B68644A934201D90A2300E011238DF8F7
:104320001730614A069BB2FBF3F304939DF81730F4
:10433000013B8DF81F300AE09DF81F30022B01D899
:104340000123ABE09DF81F30013B8DF81F309DF835
:104350001F3001331A46049BB3FBF2F101FB02F25A
:104360009B1A002BE8D19DF81F3001331A46049B9D
:10437000B3FBF2F30393039B002B03D0039BB3F532
:10438000806F01D9022389E09DF81F301A46D200C0
:10439000D31ADBB20333DBB2DB088DF81E309DF895
:1043A0001F209DF81E30D31A8DF81D309DF81E3049
:1043B00001334FF47A7203FB02F29DF81E30591C50
:1043C0009DF81D300B4492FBF3F3ADF80A30BDF8B5
:1043D0000A20364B1B689A4212DD9DF81F201346B7
:1043E000DB009B1A013B002B00DA0733DB108DF852
:1043F0001E309DF81F209DF81E30D31A8DF81D30F9
:104400009DF81E30002B11D09DF81E20284B1B68F4
:104410009A420BDC9DF81D30002B07D09DF81D2023
:10442000244B1B689A4201DC012300E000238DF835
:1044300009309DF8093003F001038DF809309DF82B
:104440001E305A1C9DF81D3013441A46039B02FB74
:1044500003F3154AB2FBF3F3069A9A4206D19DF88C
:10446000093083F00103DBB2002B01D0032315E0F8
:104470009DF81E30013BDAB2019B5A719DF81D3048
:10448000013BDAB2019B9A71039BDBB2013BDAB2CA
:10449000019BDA71019B00221A710023184608B0B3
:1044A000704700BF3F420F0000127A003CD304085F
:1044B00040D3040844D3040884B00190019B9B6856
:1044C000C0331B680393039B03F07C53002B01D183
:1044D00001230CE0019B9B68C4331B680393039B7F
:1044E00003F40013002B01D0012300E00023184641
:1044F00004B0704710B592B00190FFF7E4FE034698
:104500008DF83F30019B9B68C4331B680E930E9B54
:1045100003F40013002B07D09DF83F301846FFF737
:10452000E2FE6FF00F0393E1019B9B68C4331B68AD
:104530000E930E9B1B0CDBB203F01F038DF837307C
:104540009DF83730062B07D99DF83F301846FFF706
:10455000CAFE6FF004037BE1019BD96B9DF8372005
:104560001346DB001344DB000B440C930023119330
:1045700005AB18461AF036FE019BB3F87221019B79
:10458000B3F870319A4235D9019BD3F86831019A5A
:10459000B2F8702113440B939DF83730019A0D3314
:1045A0005B0113440B9A92E8030083E803000B9B22
:1045B0001A68059BD31A642203FB02F20B9B59680D
:1045C000069BA54880FB03408011DB171B1A0B4498
:1045D000A24981FB03010913DB17CB1A1344119382
:1045E000119B002B21DA9DF83F301846FFF77BFE28
:1045F00000232DE1002311939DF83730059A01998E
:104600000D335B010B441A60069B934A82FB031235
:104610009211DB17D21A9DF8373002F5FA72019920
:104620000D335B010B4404331A60019BB3F8703106
:10463000102B61D1019BD3F868310793079B1B684E
:10464000002B0CDA039B43F080430393079B1B680A
:1046500023F06042039B62F31C0303930CE0039B73
:1046600023F080430393079B1B68C3F30A039AB2AA
:10467000039B62F39C430393079B1B685B0F03F050
:104680000103DAB2039B62F3DF730393079B1B689A
:104690009B0F03F00103DAB2039B62F35D73039394
:1046A000079B1B7903F00F03DAB2049B62F31343F9
:1046B0000493049B23F480130493049B23F40013BA
:1046C0000493049B23F4000304939DF83720049B78
:1046D00062F31F630493039A0C9B1A60049A0C9B69
:1046E0005A60079B08331A680C9B9A60079B0C332F
:1046F0001A680C9BDA6083E0019BD3F868310A9357
:104700000A9B1B68002B0CDA039B43F08043039346
:104710000A9B1B6823F06042039B62F31C03039314
:104720000CE0039B23F0804303930A9B1B68C3F3B5
:104730000A039AB2039B62F39C430393019BDA68DA
:10474000019B5B699A4214BF012300238DF8273037
:104750000A9B1B685B0F03F00103DAB2039B62F351
:10476000DF7303930A9B1B689B0F03F00103DAB20C
:10477000039B62F35D7303930A9B1B791A46384BC4
:104780009B5C03F00F03DAB2049B62F313430493C0
:104790009DF82720049B62F314530493049B43F475
:1047A00000130493049B23F4000304939DF8372023
:1047B000049B62F31F630493049A0C9B5A60039A50
:1047C0000C9B1A600A9B08330893002310930CE09B
:1047D000109B9B00089A134419680C9B109A023294
:1047E00043F82210109B013310930A9B1B7903336B
:1047F000002B00DA03339B101A46109B9342E7DB31
:104800009DF8373001229A40019B9B68D0331A6093
:104810009DF83730019A5B01134403F5DE730122E2
:104820001A70119B002B0DDD9DF837305B0103F5ED
:10483000D473019AD018119B01331946019B094A80
:10484000F4F767FA9DF83F301846FFF74CFD002358
:10485000184612B010BD00BFD34D6210AD8BDB689F
:10486000ECEE04086D4E010800B585B00190019B87
:104870005B6E0393039BB3F87031002B0BD003984E
:10488000FFF738FE0398FFF717FE0346002B02D010
:104890006FF00F0300E00023184605B05DF804FB3D
:1048A00000B589B00390039B9B6850331B68079346
:1048B0000523069350230593079A069B1340002B6C
:1048C00002D0069B079306E0079A059B1340002B36
:1048D00016D0059B0793039B079AC3F89020039B70
:1048E0009B6850331A46079B1360039B03F14001FA
:1048F00000230093039B044A00201CF059FD00E0B4
:1049000000BF09B05DF804FB0D49010800B597B080
:104910000190FFF7D8FC03468DF84F30019B1293AE
:10492000129BD3F8903011930523109350230F93CB
:10493000119A109B1340002B03D000238DF85730A1
:104940000EE0119A0F9B1340002B03D001238DF82A
:10495000573005E09DF84F301846FFF7C4FC29E1B9
:104960009DF85730002B01D1A02300E0B0230E9317
:104970009DF85730002B01D1A42300E0B4230D9300
:104980009DF85730002B01D1A82300E0B8230C93E9
:10499000129B9A680E9B13440B93129B9A680D9B73
:1049A00013440A93129B9A680C9B134409930B9B24
:1049B0001B6803F4FE03002B05D19DF84F30184609
:1049C000FFF791FCF6E00A9B1B680A9B1B68DBB2B1
:1049D00003F07F038DF823309DF82330002B05D1A1
:1049E0009DF84F301846FFF77EFCE3E00023079365
:1049F000D1E00A9B1B681B0ADBB203F03F038DF872
:104A00001B30129B996B9DF81B201346DB0013444F
:104A1000DB000B440793079B5B68C3F34053DBB297
:104A2000002B61D0129BE4330493079B1B68C3F3F4
:104A30008073DBB2002B0DD0079B1B68C3F31C03F4
:104A40001A46049B1A60049B1B6843F00042049BB7
:104A50001A6007E0079B1B68C3F38A439BB21A46A0
:104A6000049B1A60079B1B68C3F34073DBB2002BE7
:104A700005D0049B1B6843F08042049B1A60079B8F
:104A80005B68C3F30343DBB21A464C4B9A5C049B4E
:104A90001A71049B08330393002314930CE0149BB6
:104AA0009B00039A1344079A1499023152F821206B
:104AB0001A60149B01331493049B1B790333002B5E
:104AC00000DA03339B101A46149B9342E7DB9DF8F0
:104AD0001B20099B1A60129B4822A3F87021129B8D
:104AE000049AC3F868214AE0129BE4330593079BBC
:104AF0001B68C3F38073DBB2002B0DD0079B1B68D0
:104B0000C3F31C031A46059B1A60059B1B6843F000
:104B10000042059B1A6007E0079B1B68C3F38A43AA
:104B20009BB21A46059B1A60079B1B68C3F3407330
:104B3000DBB2002B05D0059B1B6843F08042059B30
:104B40001A60079B5B68C3F30343DBB21A46059BFD
:104B50001A71059B0833079A92681A60059B0C33FB
:104B6000079AD2681A609DF81B20099B1A60129B55
:104B70001022A3F87021129B059AC3F86821129B9A
:104B800003F59A7318460BF0B1FD129B03F19402E2
:104B9000129BC3F868210A9B1B6803F07F03002B5C
:104BA0007FF427AF129800F0A6F89DF84F30184612
:104BB000FFF799FB17B05DF804FB00BFDCEE0408BB
:104BC00000B587B00390039B9B6850331B68059327
:104BD000059B03F40073002B11D0039B9B6850339B
:104BE0001A464FF400731360039B03F1680100231E
:104BF0000093039B044A00201CF0DAFB00E000BF96
:104C000007B05DF804FB00BF0D4C010800B587B08C
:104C10000190FFF758FB03468DF81630019B049373
:104C200000238DF8173029E0049B9B68D8331B685C
:104C30009DF81720012101FA02F21340002B18D031
:104C40009DF817300D335B01049A13440393039BC3
:104C500093F91C30012B0CD1039B00221A779DF88D
:104C600017305B0103F5D473049A13441846F1F727
:104C7000BFFC9DF8173001338DF817309DF81730C1
:104C8000062BD1D9049800F036F8049B03F59A73EB
:104C9000064918460EF050FE9DF816301846FFF7EC
:104CA00022FB00BF07B05DF804FB00BF69480108A4
:104CB00000B587B0039002910192019B0593059B7B
:104CC0001B689A68039B9A4203D10598FFF7E8FD99
:104CD0000CE0059B1B68DA68039B9A4203D1059898
:104CE000FFF76EFF02E06FF0150300E000231846A7
:104CF00007B05DF804FB00B587B00190019B9B688D
:104D000040331B6803F47F030493049B1B0C8DF852
:104D10000F309DF80F30002B19D0019B9B68183382
:104D20001B680493049B03F00403002B14BF0123AE
:104D300000238DF80E309DF80E30002B07D0019B1C
:104D40009B6818331A46049B23F004031360002366
:104D50008DF8173035E09DF817300D335B01019A5F
:104D600013440293019B9B68CC331B680493029B02
:104D700093F91C30B3F1FF3F1ED19DF8173001228B
:104D800002FA03F31A46049B1340002B14D09DF83B
:104D9000173001229A40019B9B68D4331A60029B12
:104DA00000221A779DF817305B0103F5D473019A3E
:104DB00013441846F1F71CFC9DF8173001338DF8A9
:104DC00017309DF81730062BC5D900BF00BF07B0BC
:104DD0005DF804FB00B589B00190019B069303AB1D
:104DE000059303AB18461AF0FDF9049B1E4A82FB9B
:104DF00003129211DB17D21A059B5A600023079306
:104E000027E0069A079B0D335B0113441B68002BB8
:104E10001CD0059B1A680699079B0D335B010B4458
:104E20001B689A420AD8059B5A680699079B0D335E
:104E30005B010B4404331B689A4207DD069A079B0B
:104E40005B01134403F5DE73FF221A70079B0133E5
:104E50000793079B062BD4DD0698FFF74CFF00BF96
:104E600009B05DF804FB00BFD34D621000B587B0F8
:104E70000390039B0593059B03F1540100230093CA
:104E8000059B044A00201CF093FA00BF07B05DF8B0
:104E900004FB00BFD54D010808B54FF48072002116
:104EA0000548ECF7C2F900224FF480710248ECF794
:104EB000BCF900BF08BD00BF9444025800B583B0E0
:104EC00001900091009B002B0CD0019B1833012214
:104ED00000211846ECF7A9F901220121019800F000
:104EE00059F80BE0019B1833002201211846ECF71A
:104EF0009CF900220121019800F04CF800BF03B09A
:104F00005DF804FB00B583B001900091009B002B7D
:104F10000CD0019B1833002210211846ECF785F9BC
:104F200000220821019800F035F80BE0019B1833AE
:104F3000102200211846ECF778F901220821019887
:104F400000F028F800BF03B05DF804FB00B583B0A3
:104F500001900091009B002B0CD0019B1833022282
:104F600000211846ECF761F901220221019800F0B6
:104F700011F80BE0019B1833002202211846ECF7D0
:104F800054F900220221019800F004F800BF03B098
:104F90005DF804FB00B589B00390029101924FF4D3
:104FA0007A7306930023079317E0039B18331A685C
:104FB000029B1340002B14BF012300238DF81730F0
:104FC0009DF81730019A9A4201D101230AE00A2084
:104FD000F1F782FD079B01330793079A069B9A42DC
:104FE000E3D30023184609B05DF804FB00B585B093
:104FF000019003230393019B9B685C33039A002178
:105000001846ECF712F9019B1B689B681846ECF7F1
:105010004DFE019B1B68DB681846ECF747FE00BF9E
:1050200005B05DF804FB00B585B00190019B1B68DD
:105030009B681846ECF716FE019B1B68DB68184658
:10504000ECF710FE03230393019B9B685C33002263
:1050500003991846ECF7E9F800BF05B05DF804FBCA
:1050600000B585B00190019B5B6E0393FFF72BF9B0
:1050700003468DF80B30039800F0A2F8039B9B6861
:1050800001211846FFF71AFF039B9B680121184670
:10509000FFF75CFF0398FFF7A9FF039B9B680021C4
:1050A0001846FFF70BFF9DF80B301846FFF71BF96A
:1050B000039B012283F89C210023184605B05DF86C
:1050C00004FB00B585B00190019B5B6E03930398D0
:1050D00000F012FA039B002283F89C21002318465B
:1050E00005B05DF804FB000000B585B00190019BA0
:1050F00003930EF083FD039B93F89C31002B0FD09C
:105100000398FFF7D9F9034683F00103DBB2002BC4
:1051100006D0039B03F59A73044918460EF00CFC65
:105120000EF080FD00BF05B05DF804FB6948010882
:1051300000B585B00190019B5B6E0393039BD3F890
:105140008830002B02D10398FFF7CEFF00231846CA
:1051500005B05DF804FB88B0039002910192039BB7
:105160005B6E0693029B40F22C72934205D0029B29
:1051700040F22D7293420DD019E0019B0493069BDF
:10518000DA68049B1A60069B5A69049B9A600023A4
:10519000079310E0019B0593059B1A68069BDA6054
:1051A000059B9A68069B5A610023079303E06FF002
:1051B0008903079300BF079B184608B0704700009B
:1051C00000B589B00190FFF77EF803468DF81F30D7
:1051D000324B1B7883F00103DBB2002B04D0FFF7C6
:1051E0005BFE2E4B01221A70019B9B680121184621
:1051F000FFF788FE019B9B6801211846FFF75EFEC2
:10520000019B9B6801211846FFF7A0FE019B9B684C
:1052100054331A4600231360019B0C331846FFF7E2
:1052200071F80346002B0DD0019B9B6800211846A6
:10523000FFF744FE9DF81F301846FFF754F86FF053
:10524000040351E1019B1B7C5A06019B5B7C1B0202
:105250001343019A927C1A43019BDB7C1B0413438A
:105260000693019B9B681C331A46069B1360019BA7
:1052700014331846FFF746F80346002B10D0019B65
:105280009B6800211846FFF719FE9DF81F3018464D
:10529000FFF729F86FF0040326E100BF2037002450
:1052A000019B1B7E1A46019B5B7E1B021A43019BDE
:1052B0009B7E1B011A43019BDB7E1B041343069359
:1052C000019B9B680C331A46069B1360019B9B68ED
:1052D00018334FF4807200211846EBF7A6FF019BAC
:1052E000DA68019B5B699A4208D0019B9B6818337E
:1052F0004FF4007200211846EBF797FF019B9B6863
:1053000050331A467A4B136040F255230693019BA3
:105310009B6854331A46069B1360019B9B68583365
:105320001B680693069B43F400730693019B9B68DE
:1053300058331A464FF400731360019B9B68E033A7
:105340001A464FF0FF331360019B1B791A46134630
:105350009B0013441B020593664B0493059B039328
:1053600080238DF80B30039B9A00049B1A44019B09
:10537000DA619DF80B301B0403F47F030693039B53
:105380009B00069A13430693019B9B6884331A463D
:10539000069B13609DF80B30039A1344039340233C
:1053A0008DF80A30039B9A00049B1A44019B1A62F1
:1053B0009DF80A301B0403F47F030693039B9B00B4
:1053C000069A13430693019B9B6888331A46069BF3
:1053D00013609DF80A30039A13440393019B9B6862
:1053E000BC334FF4E06200211846EBF71EFF019B2F
:1053F0009B68BC33072200211846EBF716FF019B80
:105400009B68BC33702200211846EBF70EFF019B0E
:105410009B68C833072200211846EBF706FF019B63
:105420000E2283F83220019B002283F83320019B57
:10543000072283F83420039B9A00049B1A44019BA3
:105440005A62019B5B6A1A46019B9A63039B9B000D
:105450009BB20693069B43F460230693019B9B68D3
:10546000A0331A46069B1360039BFC330393039BF4
:105470009A00049B1A44019BDA62019BDB6A1A467C
:10548000019BDA634FF0E0630693069B23F08043B1
:105490000693039B9B009BB2069A13430693019BC2
:1054A0009B68C0331A46069B1360019B9B68803340
:1054B0001B680693069B23F030030693069B23F09C
:1054C0000C030693019B9B6880331A46069B13606E
:1054D000019B9B6800211846FFF7F0FC9DF81F30E8
:1054E0001846FEF700FF0023184609B05DF804FBDC
:1054F000FFFFCF3F00AC004000B587B00190FEF742
:10550000E2FE03468DF80A30019B9B680121184694
:10551000FFF7F8FC019B9B6801211846FFF7CEFCC2
:10552000019B9B6801211846FFF710FD0198FFF7CA
:105530007AFD019B9B6850331A464B4B1360102336
:105540008DF80930019B9B6B002B39D0002305930C
:1055500033E0019B996B059A1346DB001344DB0093
:105560000B4400225A60019B996B059A1346DB009D
:105570001344DB000B4400221A6000238DF8133023
:1055800012E0019B996B059A1346DB001344DB0084
:105590000B449DF813200232002143F822109DF89D
:1055A000133001338DF813309DF813209DF8093026
:1055B0009A42E6D3059B01330593059B0D2BC8D971
:1055C000019BDB6B002B39D00023039333E0019B5D
:1055D000D96B039A1346DB001344DB000B44002213
:1055E0005A60019BD96B039A1346DB001344DB001E
:1055F0000B4400221A6000238DF80B3012E0019B4F
:10560000D96B039A1346DB001344DB000B449DF86F
:105610000B200232002143F822109DF80B30013399
:105620008DF80B309DF80B209DF809309A42E6D397
:10563000039B01330393039B062BC8D9019B9B68F3
:1056400000211846FFF73AFC019B9B680021184691
:10565000FFF758FC9DF80A301846FEF744FE00BFDD
:1056600007B05DF804FB00BFFFFFCF3F00B585B07A
:105670000190019B002B20D14B4B03934FF42072E0
:1056800000210398FCF74AFD039B484A9A60039B5C
:1056900000221A71039B464A1A60039B454ADA604E
:1056A000039B444A5A6100BF039B0C331846FEF724
:1056B00029FE0346002B09D002E06FF012036FE0D1
:1056C0003D481DF015FA4FF0FF3369E0039B14339A
:1056D0001846FEF717FE0346002B05D037481DF08D
:1056E00007FA4FF0FF335BE0039B1B681B6818460B
:1056F000EBF7F8FE039B1B685B681846EBF7F2FEBE
:10570000039B1B689B68039A2D491846EEF740FEE1
:105710000346002B05D02B481DF0EAF96FF00A0371
:105720003EE0039B1B68DB68039A25491846EEF7A9
:105730002FFE0346002B05D023481DF0D9F96FF04A
:105740000A032DE0039B214AC3F88821039B204ACA
:10575000C3F88C21039B1F4AC3F89021039B1E4A68
:10576000C3F89421039B039AC3F89821039B03F188
:105770009402039BC3F86821039B00229A63039B56
:105780000022DA63039B03F59A731846FFF799FC2E
:10579000039B03F59A73092118460AF02BFD002399
:1057A000184605B05DF804FBA034002400A00040BA
:1057B000A0D2040848E80100B0D20408CCD2040802
:1057C000B14C0108F4D2040818D304086150010850
:1057D000C3500108315101085751010800B585B087
:1057E0000190019B1846FAF76BFE0390039B184645
:1057F00005B05DF804FB00B583B00190019B18462D
:10580000FAF720FF0346184603B05DF804FB82B0A8
:10581000EFF311830193019BDBB2184602B070478E
:1058200082B00190019B83F3118800BF02B07047E2
:1058300000B583B0FFF7EBFF03468DF807308020FB
:10584000FFF7EEFF9DF80730184603B05DF804FB44
:1058500000B583B003468DF807309DF80730184631
:10586000FFF7DEFF00BF03B05DF804FB82B00190DC
:105870000091019B5A68009B13441B78DBB21846C9
:1058800002B0704784B00390029113468DF8073040
:10589000039B5A68029B13441A469DF80730137005
:1058A00000BF04B0704782B001900091019B5A681C
:1058B000009B13441B889BB2184602B0704784B00B
:1058C000039002911346ADF80630039B5A68029B81
:1058D00013441A46BDF80630138000BF04B0704769
:1058E00082B001900091019B5A68009B13441B6891
:1058F000184602B0704784B0039002910192039B56
:105900005A68029B13441A46019B136000BF04B0FF
:10591000704700B585B00390029101920093039BFC
:105920005A68029B1344009A01991846EBF77DFCD4
:1059300000BF05B05DF804FB00B583B00190019B8A
:1059400093F82A30012B01D100230EE000BF14216F
:105950000198FFF7C5FF034603F00103002BF6D0C3
:1059600030210198FFF79FFF0346184603B05DF80A
:1059700004FB00B583B001900091019B93F82A309D
:10598000022B11D000BF14210198FFF7A9FF034695
:1059900003F00203002BF6D0009B9BB21A46202195
:1059A0000198FFF78CFF00E000BF03B05DF804FB37
:1059B00000B583B00190019B93F82A30012B01D1EF
:1059C00000230EE000BF14210198FFF789FF034672
:1059D00003F00103002BF6D030210198FFF746FFBA
:1059E0000346184603B05DF804FB00B583B0019090
:1059F0000B468DF80330019B93F82A30022B11D00F
:105A000000BF14210198FFF76BFF034603F0020368
:105A1000002BF6D09DF803301A4620210198FFF79D
:105A200031FF00E000BF03B05DF804FB00B587B0B4
:105A3000039002910192019B059314210598FFF7B1
:105A40004FFF0490049B03F48053002B05D00023E8
:105A5000082210210598FFF75CFF0023184607B0C5
:105A60005DF804FB00B585B001900B468DF803305E
:105A7000019B02939DF80330002B06D0029B10334C
:105A80001846FFF7ABFE039005E0029B1033184663
:105A9000FFF7B1FE0390039B184605B05DF804FBC9
:105AA00000B585B001900B468DF8033000230393B9
:105AB0009DF80330002B06D001230022002101981D
:105AC000FFF727FF05E00023012200210198FFF7DF
:105AD00020FF039B184605B05DF804FB00B587B0B6
:105AE00001900091019B03930023059300230493ED
:105AF000009B464A934201D9444B0093039B1B6A87
:105B0000009A9A427CD0039B9B685B08009A9A4259
:105B100006D300230593039B9B685B0804935AE01C
:105B2000039B9B689B08009A9A4207D34FF08053CF
:105B30000593039B9B689B0804934CE0039B9B6825
:105B4000DB08009A9A4207D34FF000530593039B5A
:105B50009B68DB0804933EE0039B9B681B09009A4B
:105B60009A4207D34FF040530593039B9B681B0950
:105B7000049330E0039B9B685B09009A9A4207D329
:105B80004FF080430593039B9B685B09049322E0DD
:105B9000039B9B689B09009A9A4207D34FF0A0434E
:105BA0000593039B9B689B09049314E0039B9B68EC
:105BB000DB09009A9A4207D34FF0C0430593039B39
:105BC0009B68DB09049306E04FF0E0430593039BD9
:105BD0009B681B0A049300210398FFF761FF059B54
:105BE0004FF0E04208210398FFF793FE012103984C
:105BF000FFF756FF039B009A1A62039B049A5A62AE
:105C0000039B5B6A184607B05DF804FB80D1F0087F
:105C100000B587B001900B468DF80330019B0393CC
:105C20000023059300230493039B93F829309DF8E8
:105C300003209A424BD09DF80330032B46D801A293
:105C400052F823F0555C0108615C01086F5C0108A3
:105C50007D5C0108002305934FF04073049313E02B
:105C60004FF0807305934FF0007304930CE04FF0F6
:105C7000007305934FF08073049305E04FF0407379
:105C800005930023049300BF00210398FFF708FF4A
:105C9000059B049A0C210398FFF73BFE0121039812
:105CA000FFF7FEFE03E030210398FFF719FE1421F1
:105CB0000398FFF715FE034603F40053002BF2D1BF
:105CC000039B9DF8032083F8292000E000BF07B064
:105CD0005DF804FB00B587B001900091019B05932E
:105CE0000023049300230393059B93F928301A465D
:105CF000009B93421FD0009B032B1BDD009B202B9E
:105D000018DC1F230393009B013B0493002105989B
:105D1000FFF7C6FE049B039A08210598FFF7F9FDDB
:105D200001210598FFF7BCFE009B5AB2059B83F842
:105D3000282000E000BF07B05DF804FB00B587B085
:105D400001900091019B049300230393002305938A
:105D50004FF40063002218210498FFF7DAFD049B3A
:105D600093F82A30022B06D04FF400730022002152
:105D70000498FFF7CEFD049B93F92830082B0ADD29
:105D8000009B9BB219460498FFF7F3FD0498FFF7B8
:105D9000D3FD05900AE0009BDBB219460498FFF79B
:105DA00024FE0498FFF704FE03460593142104988B
:105DB000FFF796FD034603934FF480630022002112
:105DC0000498FFF7A6FD00BF14210498FFF788FD93
:105DD000034603F40063002BF6D0059B184607B07A
:105DE0005DF804FB00B58DB0039002910192009321
:105DF000039B059300234FF4404208210598FFF7C9
:105E000088FD059B93F92830082B2ADD029B0B9314
:105E1000019B0A931FE00B9B002B06D00B9B9A1C47
:105E20000B921B88ADF8263003E04FF6FF73ADF8F8
:105E30002630BDF8263019460398FFF77FFF03464A
:105E4000ADF826300A9B002B05D00A9B9A1C0A92BB
:105E5000BDF826201A80009B5A1E0092002BDAD132
:105E600028E0029B0893019B07931EE0089B002BF0
:105E700006D0089B5A1C08921B788DF81B3002E054
:105E8000FF238DF81B309DF81B3019460398FFF750
:105E900055FF03468DF81B30079B002B05D0079B51
:105EA0005A1C07929DF81B201A70009B5A1E0092E4
:105EB000002BDBD100BF0DB05DF804FB00B585B051
:105EC00001900023039300230293012302934FF4D4
:105ED00080530393039B029A00210198FFF719FD59
:105EE0001F23029307230393039B029A082101981F
:105EF000FFF70FFD284B0293284B0393019B93F868
:105F00002A30032B10D0032B13DC012B02D0022BE1
:105F100005D00EE0039B43F4003303930AE0039B98
:105F200043F48023039305E0039B43F4C0230393CE
:105F300000E000BF039B029A0C210198FFF7E9FCE7
:105F4000019B00221A62019B082283F82820019BF2
:105F5000002283F8292012490198FFF7BFFD07228C
:105F600040210198FFF7C7FC019B1B7B019A0D495B
:105F70001846EEF70DFA0346002B09D1019B1B7B57
:105F80001846EBF793FE01210198FFF789FD00E029
:105F900000BF05B05DF804FB0000860300004084EC
:105FA000801A06002D5A010800B585B00190002323
:105FB0000393FFF73DFC03468DF80B30019B012B4B
:105FC00018D11F4B0393039B5B7B83F00103DBB270
:105FD000002B2AD01B48EBF785FA1B48EBF782FA17
:105FE0001A48EBF77FFA0398FFF768FF039B01223B
:105FF0005A731AE0019B022B17D1154B0393039B95
:106000005B7B83F00103DBB2002B0ED01148EBF772
:1060100069FA1148EBF766FA1048EBF763FA039850
:10602000FFF74CFF039B01225A739DF80B30184673
:10603000FFF70EFC039B184605B05DF804FB00BF9C
:1060400050010024055008000650080007500800C1
:106050007C0100243350080022500800235008001F
:1060600000B587B00390029113468DF80730039B6B
:106070009B6E002B0AD0039B5B6E029A9A4205D05E
:106080009DF807301946039800F06AF8039B9B6E51
:10609000002B06D10298FCF795FC03461A46039B99
:1060A0009A66039B9B6E002B1ED0039B9B6E1A4629
:1060B000029B13440593059B23F007030593039B61
:1060C0009B6E1A46059B9B1A0493039B9A6E039B37
:1060D000DA66039B049A5A66039B5B6C43F4007276
:1060E000039B5A64002301E04FF0FF33184607B0CA
:1060F0005DF804FB00B583B001901AF097FF054BE3
:106100001B68054A1360012000DF044A00210020BB
:10611000F9F7D5FEA80C0024B00C002498D304088D
:1061200008B5FDF737FEEAF7E3FF00BF08BD00B58D
:1061300083B00190009106E0019B5A1C01921B78EC
:106140001846EBF727F8009B5A1E0092002B03D04D
:10615000019B1B78002BEFD100BF03B05DF804FB5F
:1061600000B583B001900B468DF80330019B9B6E08
:10617000002B0AD0019B5B6C03F40073002B04D04E
:10618000019B9B6E1846FCF70DFC019B5B6C23F496
:106190000072019B5A64019B00229A66019B0022B7
:1061A000DA66019B00225A6600BF03B05DF804FB6B
:1061B00082B0EFF314830193019B184602B070473D
:1061C00030B589B00590059B002B04D13A4B1B6874
:1061D000D3F8A03000E0059B0793079B7033186845
:1061E000079B74331B68079A7832126807997C31D1
:1061F00009680291019200930346304A3049012018
:10620000FCF74AF9079B08331868079B0C331B6897
:10621000079A1032126807991431096802910192A5
:1062200000930346254A27490120FCF735F9079BCF
:1062300018331868079B1C331B68079A20321268B2
:1062400007992431096802910192009303461B4A81
:106250001D490120FCF720F9079B80331868079B34
:106260001B68079A8432126807998831096802917D
:10627000019200930346114A14490120FCF70CF9DE
:10628000079B8C331D68079B04331C68FFF790FF46
:106290000346019300942B46084A0D490120FCF760
:1062A000FBF8079B2C331B68044A0A490120FCF7C2
:1062B000F3F800BF09B030BDB00C0024A8D4040826
:1062C000A0D30408D0D3040800D4040830D40408B0
:1062D00060D4040890D4040800B585B00190009102
:1062E000009B073323F007030093019B9B6E002B59
:1062F00004D0019B5B6E009A9A4201D3002314E004
:10630000019BDB6E0393009A00210398FBF706FFC5
:10631000019BDA6E009B1A44019BDA66019B5A6E60
:10632000009BD21A019B5A66039B184605B05DF884
:1063300004FB00B587B0039002910192039B9B6E12
:10634000002B09D0039B5B6CDBB203F00303DBB2D1
:1063500019460398FFF704FF039B029A9A66029B73
:10636000073323F007031A46039BDA66029A019B60
:10637000134423F007030593039BDB6E1A46059B2A
:106380009B1A0493039B049A5A660023184607B08D
:106390005DF804FB00BF704782B0EFF314830193F4
:1063A000019B184602B0704700B585B00190019B73
:1063B0009C330393082200210398FBF7AFFE019B57
:1063C0001B6B002B0FD12A4B1B68A3F580631A4669
:1063D000019B9A66019B9A6E019BDA66019B4FF4C2
:1063E00080625A6641E0019BDB6E1A46019B5B6E40
:1063F0001344D83B1A46039B5A60039B5B68D82220
:1064000000211846FBF78AFE019BDB6E1946019BB3
:106410005A6E039B5B680A441A60019B9B6B1A4689
:10642000039B5B68883322F001021A60039B5B6860
:106430008C334FF080721A60039B5B682C336FF0D3
:1064400016021A60FFF7A8FF0246039B5B68283319
:1064500022F001021A60039B5B68D03300221A60AD
:10646000039B5B68043300221A6005B05DF804FBEF
:10647000F885040800B585B00190009100230393CE
:1064800002AB19460020F1F73FFC029B642B06D0BB
:106490006423029302AB19460020F2F7F9FE00F0E4
:1064A00032F80099019800F00FF80390039A05491B
:1064B00002201CF0EAFA01230393039B184605B05F
:1064C0005DF804FBBCD4040800B585B001900091D0
:1064D000012001F013F80390039B002B02D16FF011
:1064E0000B030CE0009B019A0121039800F05AF87D
:1064F0000290039BDB6A039A02991046984718465C
:1065000005B05DF804FB08B500F004F800F02DF9C3
:1065100000BF08BD08B51C4818F0B8FE0346002BA4
:1065200015D0194818F0B2FE03461E221946174826
:10653000FBF70AFE1548FBF758FF03461A46134BB4
:106540001344134A1188927819809A701AE06E23C6
:10655000002B07D00D4B0F4A92E80300186004335C
:1065600019800FE01E210948FCF760F80748FBF787
:106570003CFF03461A46054B1344054A118892789E
:1065800019809A7000BF08BDE4D40408A801002453
:10659000E8D40408ECD40408014B1846704700BF47
:1065A000A801002410B588B00590049103920293CD
:1065B00001230793059B0693049B002B0BD0059B9F
:1065C000D3F8B0424348FBF710FF03461A4641494F
:1065D000204613F05CFE039B012B4BDD029B043332
:1065E0001B683D4918461EF0C6F90346002B08D12A
:1065F000069BDB69029A126838490698984700237F
:1066000064E0029B04331B68354918461EF0B3F959
:106610000346002B14D1039B022B08DD029B083399
:106620001B681946069802F0AFFC03464EE0069B35
:106630009B69029A12682B4906989847012345E006
:10664000029B04331B681B782D2B08D1069B9B698A
:10665000029A1268244906989847012336E0029B63
:106660001968029B04331A680123069802F04EFD54
:1066700003462BE0059B03F52E74FFF78DFF0146C3
:10668000059BD3F8AC22059BD3F8B0320093134698
:106690004022204600F064FD0790079B002B0BDA98
:1066A000059BD3F8B402079B5B4200930F4B104A43
:1066B00010491CF0EAF908E0059B03F52E73194612
:1066C000069802F061FCFFF725FFD3E7184608B0F3
:1066D00010BD00BF1CD60408F4D40408F8D4040884
:1066E00020D5040854D604083CD6040824D5040850
:1066F00028D504086CD7040800B583B00C4B01936F
:1067000001AB19460B4800F0D7F80B4B019301ABD6
:106710001946084800F030F86FF07F43019301AB51
:106720001946044800F004F900BF03B05DF804FB0B
:106730000A00000234D504080A00000108B5FFF77A
:10674000DBFF00BF08BD000008B5034800F050F8AB
:106750000346002B08BD00BF34D5040808B5FFF779
:10676000EDFFFFF7F1FF00BF08BD08B5FFF7F6FF2B
:106770000023184608BD000000B58FB001900091BD
:106780004FF0FF330D93019B002B2AD0009B002B71
:1067900027D000221549022014F00FFA0C900C9B10
:1067A000002B1EDB02AB102201991846FBF7CCFC34
:1067B00002AB14330B930B9B02221A800B9B00221B
:1067C0005A800B9B0433009A12681A6002AB1A4677
:1067D00040F204710C9812F085F80D900C9811F0AD
:1067E000F5FE0D9B18460FB05DF804FB060008008F
:1067F00000B58FB001904FF0FF330D93019B002B3C
:1068000023D000221349022014F0D7F90C900C9BDE
:10681000002B1ADB03AB242200211846FBF77EFC79
:1068200003AB102201991846FBF78EFC089B43F03E
:106830000203089303AB1A4640F21A710C9812F047
:1068400051F80D900C9811F0C1FE0D9B18460FB039
:106850005DF804FB0600080000B58FB001904FF012
:10686000FF330D93019B002B1FD000221149022002
:1068700014F0A3F90C900C9B002B16DB03AB242225
:1068800000211846FBF74AFC03AB10220199184679
:10689000FBF75AFC03AB1A4640F21A710C9812F03F
:1068A00021F80D900C9811F091FE0D9B18460FB039
:1068B0005DF804FB0600080000B58FB00190009160
:1068C0004FF0FF330D93019B002B2AD0009B002B30
:1068D00027D000221549022014F06FF90C900C9B70
:1068E000002B1EDB02AB102201991846FBF72CFC93
:1068F00002AB14330B930B9B02221A800B9B0022DA
:106900005A800B9B0433009A12681A6002AB1A4635
:1069100040F202710C9811F0E5FF0D900C9811F007
:1069200055FE0D9B18460FB05DF804FB06000800ED
:1069300000B58FB0019000914FF0FF330D93019B94
:10694000002B2AD0009B002B27D0002215490220C3
:1069500014F033F90C900C9B002B1EDB02AB1022C1
:1069600001991846FBF7F0FB02AB14330B930B9B1A
:1069700002221A800B9B00225A800B9B0433009A40
:1069800012681A6002AB1A464FF4E1610C9811F0DC
:10699000A9FF0D900C9811F019FE0D9B18460FB031
:1069A0005DF804FB0600080000B587B00390029173
:1069B0001346ADF80630039B1B69BDF8062002990B
:1069C000184613F064FC0590059B002B0BDCF9F7CF
:1069D00091FA03461B680493059B002B13D0049B7C
:1069E000042B0BD00FE0059B029A13440293059BE6
:1069F0009BB2BDF80620D31AADF80630BDF80630BC
:106A0000002BD8D100E000BF07B05DF804FB00B553
:106A100083B001900B468DF803300DF10303012282
:106A200019460198FFF7C0FF00BF03B05DF804FBF3
:106A300000B587B00190019BDB680DF10F010122C9
:106A4000184612F09DFD0590059B002B0DDCF9F713
:106A500051FA03461B680493059B002B02D0049B4C
:106A6000042B02D06FF0040304E0059B002BE2DD51
:106A70009DF80F30184607B05DF804FB00B583B0F1
:106A80000190062203490198FFF78EFF00BF03B073
:106A90005DF804FB3CD5040800B583B001900622E4
:106AA00003490198FFF780FF00BF03B05DF804FBC6
:106AB00044D5040800B589B001900B46ADF802300A
:106AC000BDF90220019BB3F902301946019B9B8856
:106AD000CB1AD31A0793079B002B31D0019BB3F934
:106AE00002301A46079B1344019A9288934207DAB0
:106AF000019BB3F902301A46019B9B88D31A079376
:106B0000079B002B01DA104A00E0104A079B002B7C
:106B1000B8BF5B4202A81021F9F7DFFE0690069B82
:106B20009AB202AB19460198FFF73EFF019B9A8883
:106B3000BDF8023013449BB21AB2019B5A8000E0A8
:106B400000BF09B05DF804FB5CD5040864D50408F7
:106B500010B582B00190019B9C69019B9B6918460E
:106B6000FBF743FC03469BB21A4621460198FFF708
:106B70001BFF00BF02B010BD00B583B0019004221E
:106B800007490198FFF710FF032206490198FFF714
:106B90000BFF0198FFF7DCFF00BF03B05DF804FBBB
:106BA00050D5040858D5040800B583B001900322DD
:106BB00003490198FFF7F8FE00BF03B05DF804FB3E
:106BC0004CD5040800B585B001900B46ADF80230F5
:106BD0001346ADF80030019B1B891A46BDF8003002
:106BE0001344019AD288934205DB07210198FFF7ED
:106BF0000EFF002322E0019B1B89013B03930FE062
:106C0000019B5A69039B1A44019B5B69BDF8000014
:106C1000039901440B4412781A70039B013B0393C0
:106C2000BDF80230039A9A42EADA019B1A89BDF84C
:106C3000003013449AB2019B1A810123184605B013
:106C40005DF804FB84B001900B46ADF802301346AA
:106C5000ADF80030BDF80220BDF8003013440393B6
:106C60000FE0019B5A69039B1A44019B5B69BDF8C5
:106C700000100398411A0B4412781A70039B0133D9
:106C80000393019B1B891A46039B9342E9DB019BFB
:106C90001A89BDF80030D31A9AB2019B1A81019B60
:106CA000B3F900301A46BDF802309A421ADD019B52
:106CB000B3F900301A46BDF80230D21ABDF80030E0
:106CC0009A420BDD019BB3F900309AB2BDF8003057
:106CD000D31A9BB21AB2019B1A8003E0BDF90220BD
:106CE000019B1A8000BF04B0704700B585B00190C9
:106CF0000198FFF7D1FE00210198FFF7DBFE019814
:106D0000FFF752FF0023ADF80E3047E0019B5A69B0
:106D1000BDF80E3013441B78092B27D1BDF80E3077
:106D200008339BB223F00703ADF80C30019BDB88DE
:106D3000BDF80C209A4238D211E020210198FFF7CB
:106D400066FE019BB3F902309BB201339BB21AB2CB
:106D5000019B5A80BDF80E300133ADF80E30BDF8FE
:106D60000E20BDF80C309A42E7D317E0019B5A6918
:106D7000BDF80E3013441B7819460198FFF747FE03
:106D8000BDF80E300133ADF80E30019BB3F902307F
:106D90009BB201339BB21AB2019B5A80019B1B89A3
:106DA000BDF80E209A42B1D300E000BF0198FFF772
:106DB00065FE00BF05B05DF804FB00B583B001902F
:106DC0000B468DF80330019BB3F900309BB20122D2
:106DD00019460198FFF7F6FE0346002B0FD0019BE2
:106DE0005B69019AB2F900108AB2013292B210B214
:106DF000019A10800A4613449DF803201A7000BFC0
:106E000003B05DF804FB000000B585B001900023DD
:106E10008DF80F300198FFF768FF019BB3F9003040
:106E200019460198FFF746FE0198FFF701FE029010
:106E3000029B002B02DA6FF004038CE19DF80F3007
:106E4000002B71D09DF80F30012B09D1029B5B2BD9
:106E500002D0029B4F2B77D1029B8DF80F30E3E7D6
:106E60009DF80F305B2B4BD1029B333B152B45D844
:106E700001A252F823F000BFD16E0108FD6E010897
:106E8000FD6E0108FD6E0108FD6E0108FD6E010832
:106E9000FD6E0108FD6E0108FD6E0108FD6E010822
:106EA000FD6E0108FD6E0108FD6E0108FD6E010812
:106EB000D96E0108DF6E0108E56E0108EB6E01086E
:106EC000FD6E0108F16E0108FD6E0108F76E010804
:106ED000029B8DF80F302FE0102302930FE00E235A
:106EE00002930CE00623029309E00223029306E0DA
:106EF0000523029303E00123029300E000BF23E097
:106F00009DF80F304F2B05D1029B462B15D1052341
:106F1000029312E09DF80F30332B10D1029B7E2B91
:106F20000FD1042302930CE0029B1B2B0BD19DF885
:106F30000F3001338DF80F3076E700BF04E000BF5B
:106F400002E000BF00E000BF029B7F2B00F08F80BB
:106F5000029B7F2B00F3DC80029B152B36DC029B0F
:106F6000002B40F3D580029B013B142B00F2D08014
:106F700001A252F823F000BFD76F0108DF6F0108AC
:106F8000117101080770010835700108417001088E
:106F9000117101086F70010811710108FB7001087F
:106FA000A9700108D170010811710108117101085F
:106FB00011710108117101081171010811710108A5
:106FC0001171010811710108C3700108029B5C2B4B
:106FD00000F082809CE0019B00221A80BAE0019BB5
:106FE000B3F90030002B09DD019BB3F900309BB2EF
:106FF000013B9BB21AB2019B1A80ABE007210198BA
:10700000FFF705FDA6E0019BB3F900301A46019B8E
:107010001B899A4209DA019BB3F900309BB2012225
:1070200019460198FFF70EFE94E007210198FFF73B
:10703000EEFC8FE0019B1B891AB2019B1A8089E04C
:10704000019BB3F900301A46019B1B899A4209DA69
:10705000019BB3F900309BB201339BB21AB2019B82
:107060001A8077E007210198FFF7D1FC72E0019BBD
:10707000B3F90030002B12DD019BB3F900309BB255
:10708000013B9BB21AB2019B1A80019BB3F90030FD
:107090009BB2012219460198FFF7D4FD5AE007215F
:1070A0000198FFF7B4FC55E0019B1B89002B04D02D
:1070B000019BB3F900309AB200E00022019B1A81D3
:1070C00048E0019B00221A81019B00221A8041E0C6
:1070D0000198FFF751FD3DE00198FFF7A9FC0290F0
:1070E000029B002B02DA6FF0040334E0029BDBB258
:1070F00019460198FFF761FE2CE0019B1B891AB22B
:10710000019B1A800A210198FFF757FE002322E015
:107110000298F8F7E1FE0346002B02D0029B092BF0
:1071200012D1029BDBB219460198FFF746FE029B83
:10713000092B0ED0019BB3F902309BB201339BB2F5
:107140001AB2019B5A8004E007210198FFF75FFC07
:10715000FFE700BF5BE6184605B05DF804FB00BF23
:1071600000B595B00390029100931346ADF8063038
:1071700000981DF05CFD0346002B17D004AB1946A8
:1071800000981DF064FD079B03F00203002B0DD057
:10719000079B23F00203079304AB1A4600210098D3
:1071A0001DF065FD079B43F0020307930CAB1C2207
:1071B00000211846FAF7B2FFBDF80630ADF83630B8
:1071C000039B1193009B0F93169B10930CAB04220F
:1071D0001B491846FFF7E8FB029B12930CAB1846BD
:1071E000FFF7B6FC0298FBF700F903469BB2ADF837
:1071F0003430BDF834301BB2ADF832300CAB184629
:10720000FFF702FE1390BDF838301A46039B134473
:1072100000221A7000981DF00AFD0346002B0AD0C8
:10722000079B03F00203002B05D004AB1A46002194
:1072300000981DF01CFD139B184615B05DF804FB6B
:1072400054D5040800B583B00190019BD3F8B03247
:10725000002B0ADB019BD3F8B032012B05D0019B38
:10726000D3F8B032184611F0B1F9019BD3F8B4321B
:10727000002B12DB019BD3F8B432022B0DD0019B03
:10728000D3F8B422019BD3F8B0329A4205D0019BC7
:10729000D3F8B432184611F099F9019BD3F8AC3207
:1072A000002B0ADB019BD3F8AC32002B05D0019BED
:1072B000D3F8AC32184611F089F9019B4FF0FF3238
:1072C000C3F8B422019B4FF0FF32C3F8B022019BF8
:1072D0004FF0FF32C3F8AC2200BF03B05DF804FBEF
:1072E00010B588B0059004910392059B0793079B06
:1072F000D3F8B032039A0499184612F0C8FF0690EA
:10730000069B002B0DDA079BD3F8B042F8F7F2FD8D
:1073100003461B6800932346044A05490320FBF7F4
:10732000BBF8069B184608B010BD00BFC4D50408C2
:107330006CD5040810B588B0059004910392059BA4
:107340000793079BD3F8AC32039A0499184612F0BE
:1073500017F90690069B002B0DDA079BD3F8AC4279
:10736000F8F7C8FD03461B6800932346044A054905
:107370000320FBF791F8069B184608B010BD00BF2C
:10738000D8D5040898D5040800B587B003900291B9
:107390000192039B0593059BD3F8B032019A0299A1
:1073A000184611F09FFA0346184607B05DF804FB33
:1073B0000EB400B586B00190019B059308AB039312
:1073C000059BD3F8B032039A079918461BF070FB5F
:1073D0000490049B184606B05DF804EB03B07047B8
:1073E0000EB400B586B00190019B059308AB0393E2
:1073F000059BD3F8B432039A079918461BF058FB43
:107400000490049B184606B05DF804EB03B0704787
:1074100084B00190019B0393039B03F52E731846E0
:1074200004B0704700B585B00190019B93F8A83275
:10743000184600F063F80390039B184605B05DF80A
:1074400004FB00B585B00190019B03930398FFF7FF
:10745000F9FE0398FBF7A6FA00BF05B05DF804FB40
:1074600086B00390029101920093039B0593009BC9
:107470000493049B002B0ED0059BD3F8B422049BED
:107480005A60059BD3F8B022049B9A60059BD3F801
:10749000AC22049B1A60059B019AC3F8B022059B9D
:1074A000029AC3F8AC2200BF06B0704700B585B0A1
:1074B00001900091019B0393009B02930398FFF7B7
:1074C000C1FE029B5A68039BC3F8B422029B9A68D0
:1074D000039BC3F8B022029B1A68039BC3F8AC223B
:1074E00000BF05B05DF804FB00B583B001900091CA
:1074F0000198FFF7A6FF0098F9F719FA00B585B0D3
:1075000003468DF807304FF43E70FBF791FA039075
:10751000039B002B35D0039B1C4A1A60039B1C4A1B
:107520009A60039B1B4ADA60039B1B4A1A61039B08
:107530001A4A5A61039B1A4ADA61039B194A9A61F3
:10754000039B194A1A62039B184ADA62039B9DF84F
:10755000072083F8A822039B022283F87822039B4A
:10756000134A5A62039B134A9A62039B0222C3F88E
:10757000B422039B0122C3F8B022039B0022C3F86C
:10758000AC22039B184605B05DF804FB2574010886
:1075900043740108E1720108357301088973010819
:1075A000B1730108E173010811740108E97401085D
:1075B00061740108AD74010884B001900091019BD1
:1075C000002B12D0009B002B0FD0019B1B68039354
:1075D000039B172B09DC019A039B9B001344009A21
:1075E0005A60039B5A1C019B1A6000BF04B070478D
:1075F00000B585B00190019B002B1BD000230393A5
:1076000010E0019A039B9B0013445B681846FBF74C
:10761000C9F9019A039B9B00134400225A60039B03
:1076200001330393019B1B68039A9A42E9DB019B98
:1076300000221A6000BF05B05DF804FB84B0019021
:107640000091019B002B17D0009B002B14D0019BB5
:107650001B680393039B002B0EDC009A137B43F003
:1076600001031373019A039B9B001344009A5A6011
:10767000039B5A1C019B1A6000BF04B0704700B501
:1076800085B001900091019B002B2CD0009B002B1A
:1076900029D0002303931EE0009A039B9B00134410
:1076A0005B680293029A137B23F001031373029B1E
:1076B0001B7B03F00203DBB2002B03D0029901987D
:1076C00002F091F8009A039B9B00134400225A6039
:1076D000039B01330393009B1B68039A9A42DBDBF5
:1076E000009B00221A6000BF05B05DF804FB84B067
:1076F00001900B468DF80330019B03F5147303933F
:10770000039B93F83B301A46039B083213F8323040
:10771000C3F38113DBB2012B15D1039B0022DA7076
:10772000039B93F83B3019469DF8033083F0010327
:10773000D8B2039A083112F8313060F3000302F82E
:10774000313000235DE0039B93F83B301A46039BE6
:10775000083213F83230C3F38113DBB2022B12D19B
:10776000039B0022DA70039B93F83B309DF80300E3
:10777000039A03F1080112F8313060F3000302F8B4
:10778000313000233DE0039B93F83C301A46039BC5
:10779000134493F83D30C3F38113DBB2012B24D1A2
:1077A000039B0022DA70039B93F83C301A46039B3C
:1077B000134493F83D30C3F38003DBB21A469DF8BF
:1077C00003305340D9B2039B93F83C301A460B4622
:1077D00003F00103D9B2039B1A4492F83D3061F3E0
:1077E000000382F83D3000230BE0039B9DF803204B
:1077F000DA709DF80330002B02D04FF0FF3300E029
:107800000023184604B0704730B593B0059004913A
:10781000039202930123119300231093039B196891
:10782000029B039A059802F0A3F80F900F9B002B80
:107830000BDB0F9B002B14BF01230023DBB2194687
:107840000598FFF754FF0346EDE0059B93F850328F
:10785000002B51D0754B0E9340201AF017FD0D9060
:107860000D9B002B0CD1059B9B690E9A70490598C6
:107870009847F8F73FFB03461B685B420F93BBE05A
:107880000D9B00221A7000230F931DE00F9B9B009D
:10789000039A13441B68402219460D981CF0D3FF2D
:1078A000049B013B0F9A9A420BDA0D98FAF79DFD63
:1078B00003461A460D9B13445E491A460B461B8825
:1078C00013800F9B01330F930F9A049B9A42DDDBC9
:1078D0000E9B0993584B0A930D9B0B9300230C931B
:1078E00009AA029B04210598FFF78EFF0F900D98BF
:1078F0001AF024FD0F9B96E0059B93F85132002B64
:1079000027D0029B5B69002B20D0029B5869029B09
:10791000DB684FF4DB72194611F07AFA1190119B73
:10792000002B16DA059B9C69039B1D68F8F7E2FAA9
:1079300003461B680093414B2A4641490598A047DE
:10794000F8F7D8FA03461B680F9355E0029B5B6873
:107950001193059B93F85232002B26D0029B1B6992
:10796000002B1FD0029B1869029B9B6800221946BE
:1079700011F04EFA1090109B002B16DA059B9C69B3
:10798000039B1D68F8F7B6FA03461B6800932B4B60
:107990002A462B490598A047F8F7ACFA03461B681E
:1079A0000F9329E0029B1B681093059B93F85132BB
:1079B000002B04D1059B93F85232002B06D0059B77
:1079C0005C6A06AB119A10990598A047039A04992E
:1079D000059802F0D9FB0F90059B93F85132002BCC
:1079E00004D1059B93F85232002B05D0059B9B6A6E
:1079F00006AA114605989847119B012B02DD1198A4
:107A000010F0E4FD109B002B02DD109810F0DEFD5D
:107A10000F9B002B14BF01230023DBB219460598EE
:107A2000FFF765FE0346184613B030BDD8D70408EB
:107A300084D70408DCD70408E0D70408E4D7040896
:107A40006CD7040800B589B003900291019200231D
:107A50000693029B002B04D00298FAF7C6FC03465B
:107A600006930198FAF7C1FC0246069B13440133C2
:107A70000593059B19460298FAF7BEFF0790079BEE
:107A8000002B08D1039B9B690B4A0C49039898472C
:107A9000029B07930AE0069B079A134400221A7080
:107AA000059B1A46019907981CF0CDFE079B1846C6
:107AB00009B05DF804FB00BFECD7040884D70408C4
:107AC00084B00190009100238DF80B30019B03934B
:107AD000039B1B785C2B0AD19DF80B3083F00103CC
:107AE000DBB2002B03D001238DF80B3017E0039B92
:107AF0001B781A46009B934208D19DF80B3083F007
:107B00000103DBB2002B01D0039B0CE0039B1B782D
:107B1000002B01D1002306E000238DF80B30039BDE
:107B200001330393D4E7184604B0704700B589B019
:107B300003900291019200930299039801F02FFEA5
:107B40000790079B002B3DD0079B9B6802930799EA
:107B50000A98FFF773FD1E4902981CF05FFD06901E
:107B6000029A069B13440593059B1B78002B29D092
:107B7000079B9B6818461CF071FD03460593059B07
:107B8000002B1FD0134A05990398FFF75BFF059060
:107B9000019B1B681A4605990398FFF753FF059050
:107BA00005990098FFF708FD059B0293029A069B32
:107BB00013440593059B5A1C059200221A70019BE1
:107BC000059A1A60029B184609B05DF804FB00BFD5
:107BD000E8D50408DCD7040800B585B00190009111
:107BE000194900981CF0C7FE0346002B08D1019BE1
:107BF00093F85332002B01D0144B20E0144B1EE0BD
:107C0000144900981CF0B7FE0346002B0DD1019BD0
:107C1000D3F85402019B03F516730A2219461BF090
:107C20006DF9019B03F5167309E0009817F02EFB20
:107C30000390039B002B01D0039B00E0064B1846EA
:107C400005B05DF804FB00BF08D6040814D604088C
:107C500010D604080CD6040818D6040888B0019081
:107C600000238DF81B30019B079329E0079B1B78AD
:107C70005C2B1FD19DF81B3083F00103DBB2002B7E
:107C800018D0079B0593079B01330493049B5A1C50
:107C900004921B788DF80F30059B5A1C05929DF8B5
:107CA0000F201A709DF80F30002BEFD101238DF8B3
:107CB0001B3005E000238DF81B30079B0133079331
:107CC000079B1B78002BD1D1079B00221A7000BFA5
:107CD00008B0704786B001900091019B0593019B0D
:107CE00001330493049A009B9A4202D1049B01330E
:107CF0000493049B5A1C04921B788DF80F30059B4B
:107D00005A1C05929DF80F201A709DF80F30002B19
:107D1000E8D1009B023B184606B0704710B58EB004
:107D20000390029101920093029B0D9300230B9309
:107D300065490D981CF072FC09900D9A099B13443B
:107D40000A930A9B01330C9334E0099B013B0D9A83
:107D5000134408930023079300238DF81B300BE096
:107D60009DF81B3083F001038DF81B30079B013316
:107D70000793089B013B0893079A099B9A4203D2F9
:107D8000089B1B785C2BEBD09DF81B30002B19D087
:107D90000A9B01334C4918461CF040FC0246099BE3
:107DA0001344013309930D9A099B13440A930A9BC8
:107DB00001330C93099B002B05D00A9B1B78002BE9
:107DC000C3D100E000BF0A9B1B78002B15D10B9B91
:107DD000002B0DD00D9A0B990398FFF733FE0B90F3
:107DE000019B0B9A1A600B98FFF738FF0B9B67E01B
:107DF0000298FFF733FF029B62E00A9B1B78242B5B
:107E00005BD10A9B5A1C0A9200221A700D9A0B9998
:107E10000398FFF717FE0B90019B0B9A1A600A9BC1
:107E20001B787B2B1AD10A9B01330A937D210A9878
:107E3000FFF746FE0590059B002B08D1039B9C692C
:107E4000224B234A23490398A047234B38E0059B44
:107E500000221A70059B01330D9306E00A98FAF789
:107E6000C4FA02460A9B13440D93009B002B02D0D8
:107E7000009B01221A600A990398FFF7ADFE049057
:107E8000039B93F8783203F00203002B0BD1039B82
:107E9000DC69049B002B01D0049B00E00F4B0A9A85
:107EA0000F490398A047049A0B990398FFF7CAFD5E
:107EB0000B90019B0B9A1A603AE70C9B0D9337E7E6
:107EC00018460EB010BD00BFF8D50408F0D704085E
:107ED000F4D704087CD6040818D60408F8D7040898
:107EE00000D8040810B58EB0059004910392029357
:107EF000049B1B680D9300230C930023079300231E
:107F00000B9300238DF8273000238DF826300023B3
:107F10008DF8253002E00D9B01330D930D9B1B78EE
:107F2000002B08D00D9B1B7819467748FAF7BDF94E
:107F30000346002BEFD10D9B1B78002B01D10023B2
:107F4000DFE00D9B1B783E2B11D10D9B01331B787D
:107F50003E2B06D10D9B9A1C049B1A606B4B0B9316
:107F600005E00D9B5A1C049B1A60694B0B930D9BFB
:107F70001B783C2B06D10D9B5A1C049B1A60654B49
:107F80000B93B8E00D9B1B78232B05D1049B0D9A16
:107F90001A6000230B93AEE000230A930D9B0C9311
:107FA00076E00A9B002B0ED00A9B1B785C2B0AD133
:107FB0009DF8273083F00103DBB2002B03D00123AF
:107FC0008DF827305FE000238DF827300C9B1B785D
:107FD0005C2B06D19DF8273083F00103DBB2002B28
:107FE00050D10C9B1B7819464B48FFF769FD03469F
:107FF000002B14BF012300238DF825309DF8253078
:10800000002B35D00C9B5A1C0C9B1B781946104634
:10801000FFF756FD0890089B002B0FD10C9B1B7897
:108020008DF8183000238DF81930059B9C6906AB3C
:1080300006AA3A490598A047002362E00C9B1B78EA
:10804000272B02D101238DF826300C9B1B78222B85
:1080500001D1002310930C9B1B78602B02D1089B4D
:108060000C9310E008990C98FFF734FE0C900AE08E
:108070000C9B1B7819462448FFF722FD0346002B72
:108080000BD100E000BF0C9B0A930C9B01330C93B7
:108090000C9B1B78002B84D100E000BF0C9B1B784D
:1080A000002B04D00C9B5A1C0C9200221A70049BCB
:1080B0000C9A1A60029B002B0FD09DF8253083F09C
:1080C0000103DBB2002B08D0029B0093039B049AB0
:1080D0000D990598FFF72AFD0D909DF82630002B8D
:1080E00002D00D9B0B9306E007AA109B0D990598F3
:1080F000FFF714FE0B90079B19460398FFF75CFAF5
:108100000B9B18460EB010BDE8D5040800D6040835
:10811000FCD5040804D60408ECD504087CD6040871
:1081200084B00190019B03F514730393039B93F8B0
:108130003B301A46039B083213F83230C3F38113E5
:10814000DBB2032B0BD1039B93F83B301A46039B06
:10815000083213F83230C3F30003DBB200E001232E
:10816000184604B0704784B00190019B03F5147366
:108170000293029B93F83C301A46029B134493F8F7
:108180003D30C3F34003DBB283F001038DF80F30C1
:108190009DF80F30002B2CD0029B93F83C301A46F0
:1081A000029B134493F83D30C3F38113DBB2022BDF
:1081B00002D0032B10D01CE0029B93F83C301A46EF
:1081C000029B134493F83D30C3F30003DBB283F00A
:1081D00001038DF80F300CE0029B93F83C301A46F7
:1081E000029B134493F83D30C3F300038DF80F3026
:1081F00000BF9DF80F30184604B0704700B583B03B
:1082000001900198FFF78CFF0346002B07D00198DF
:10821000FFF7A9FF0346002B01D0012300E0002354
:1082200003F00103DBB2184603B05DF804FB000065
:1082300010B58CB00590049103920293059B03F551
:1082400014730B93049B1B680A930A9B002B00F08A
:10825000D381A3490A981CF08EFB0346002B0CBF68
:10826000012300238DF827309E490A981CF083FBD8
:108270000346002B0CBF012300238DF826309DF808
:108280002730002B04D19DF82630002B00F0B5805C
:10829000002300930E9B029A03990598FFF722FE94
:1082A0000246049B1A60049B1B68002B04D0049BAD
:1082B0001B681B78002B06D1059B9B690A9A8A498B
:1082C000059898479AE10B9B93F83C301A460B9B14
:1082D000134493F83D30C3F38113DBB2012B21D05B
:1082E0000B9B93F83B301A460B9B083213F8323045
:1082F000C3F38113DBB2012B14D00B9B93F83B30FB
:108300001A460B9B083213F83230C3F38113DBB2E9
:10831000022B07D00B9B1B6B002B03DB0B9B5B6BB8
:10832000002B06DA059B9B690A9A704905989847C5
:1083300064E10B9B93F83B30012B06D9059B9B69AD
:108340000A9A6B490598984758E19DF82730002B09
:1083500001D0012300E002238DF81F300598FFF7BC
:108360004DFF03468DF81E300B9B5B6B0B9A128FF3
:10837000134406930B9B002283F83A200B9B93F83F
:108380003B300133DAB20B9B83F83B200B9B93F815
:108390003B3019469DF81F3003F00303D8B20B9A07
:1083A000083112F8313060F3871302F831300B9B3B
:1083B00093F83B300B9A03F1080112F831309DF825
:1083C0001E0060F3000302F831300B9B93F83B3042
:1083D00018460B9B93F83C100B9A00F10803DB0046
:1083E00013440A465A700B9B93F83B300B9A0833A0
:1083F000DB001344069A5A60FEE03E490A981CF0DE
:10840000BAFA0346002B38D1002300930E9B029A40
:1084100003990598FFF766FD0246049B1A600B9BC3
:1084200093F83B301A460B9B083213F83230C3F3F3
:108430008113DBB2012B13D00B9B93F83B301A4610
:108440000B9B083213F83230C3F38113DBB2022BDB
:1084500006D0059B9B69274A244905989847CDE09B
:108460000B9B93F83B300B9A03F1080112F8313063
:1084700043F0C00302F83130BEE01F490A981CF0F7
:108480007AFA0346002B40F09680002300930E9B5F
:10849000029A03990598FFF725FD0246049B1A608E
:1084A000049B1B68002B06D0059B9B69124A0E4952
:1084B00005989847A2E00B9B93F83B301A460B9B1C
:1084C000083213F83230C3F38113DBB2032B15D01B
:1084D000059B9B69084A0549059898478EE000BFAF
:1084E0000CD8040814D8040898D6040848D70408FF
:1084F0002CD704081CD8040820D804080B9B93F838
:108500003B30002B06D1059B9B694B4A4B49059894
:10851000984773E00B9B93F83B301A460B9B08324D
:1085200013F83230C3F30003DBB2002B22D00B9BD5
:10853000186B0B9B93F83B300B9A0833DB0013440A
:108540005B680022194610F055FA0890089B002B32
:108550000BDA059B9C69F7F7CDFC03461B6800937B
:10856000374B354A37490598A0470B9B012283F8C2
:108570003A200BE00B9B93F83B300B9A03F1080178
:1085800012F8313043F0010302F831300B9B93F8BD
:108590003B300B9A03F1080112F8313023F0C0038D
:1085A00002F831300B9B93F83B30013BDAB20B9B66
:1085B00083F83B2020E00B9B93F83B301A460B9B43
:1085C000083213F83230C3F38113DBB2012B0CD025
:1085D0000B9B93F83B301A460B9B083213F8323052
:1085E000C3F38113DBB2022B06D1059B9B690A9A68
:1085F00015490598984701E000231AE00B9B0022DB
:1086000083F83A200B9B002283F83B200B9A92F8C8
:10861000403023F0C00382F840300B9A92F840308B
:1086200043F0010382F840300B9B00225A644FF064
:10863000FF3318460CB010BD20D804089CD704089E
:1086400028D804086CD7040848D7040800B58BB0B4
:108650000590049103920293059B03F5147308930C
:10866000049B1B68079300238DF82730079B002B82
:1086700000F09A819F4907981CF07DF90346002B72
:1086800040F0B480002300930C9B029A0399059854
:10869000FFF728FC0246049B1A60049B1B68002B12
:1086A00004D0049B1B681B78002B06D1059B9B699B
:1086B000904A91490598984778E1049B1B688F4937
:1086C00018461CF058F90346002B1DD101238DF8E4
:1086D0002730002300930C9B029A03990598FFF71B
:1086E00001FC0246049B1A60049B1B68002B04D00B
:1086F000049B1B681B78002B06D1059B9B697D4A58
:108700007D490598984751E1089B93F83C301A46FB
:10871000089B134493F83D30C3F38113DBB2012B64
:1087200006D1059B9B69734A7549059898473DE1B9
:10873000089B93F83C30012B06D9059B9B696D4A39
:1087400070490598984731E10598FFF757FD0346B2
:10875000002B14BF01230023DBB283F00103DBB243
:108760008DF81B309DF81B3003F001038DF81B3092
:10877000089B93F83C300133DAB2089B83F83C2025
:10878000089B93F83C301A46089B1A4492F83D30F7
:10879000012161F3871382F83D30089B93F83C3048
:1087A0001A46089B1A4492F83D309DF81B1061F35D
:1087B000410382F83D30089B93F83C301A46089BF1
:1087C0001A4492F83D3023F0010382F83D30089BB3
:1087D00093F83C301A46089B1A4492F83D309DF8B5
:1087E000271061F3820382F83D30DDE046490798A7
:1087F0001CF0C1F80346002B2CD1002300930C9BE6
:10880000029A03990598FFF76DFB0246049B1A60D4
:10881000089B93F83C301A46089B134493F83D306C
:10882000C3F38113DBB2012B06D0059B9B69364A4B
:10883000334905989847B9E0089B93F83C301A46AD
:10884000089B1A4492F83D30022161F3871382F8A5
:108850003D30A9E02D4907981CF08DF80346002B08
:108860002BD1002300930C9B029A03990598FFF7E4
:1088700039FB0246049B1A60089B93F83C301A4669
:10888000089B134493F83D30C3F38113DBB2022BF2
:1088900006D0059B9B691D4A19490598984785E0B4
:1088A000089B93F83C301A46089B1A4492F83D30D6
:1088B00043F0C00382F83D3076E0154907981CF07C
:1088C0005AF80346002B5BD1002300930C9B029ABD
:1088D00003990598FFF706FB0246049B1A60049B68
:1088E0001B68002B16D0059B9B69094A0249059815
:1088F00098475BE030D8040898D6040834D80408B8
:1089000048D704082CD7040838D8040840D80408ED
:1089100048D80408089B93F83C301A46089B134437
:1089200093F83D30C3F38113DBB2022B13D0089BC5
:1089300093F83C301A46089B134493F83D30C3F338
:108940008113DBB2032B06D0059B9B692A4A2B4976
:10895000059898472AE0089B93F83C30002B06D1F5
:10896000059B9B69264A2749059898471EE0089B66
:1089700093F83C30013BDAB2089B83F83C2013E0CB
:10898000089B93F83C301A46089B134493F83D30FB
:10899000C3F38113DBB2012B06D1059B9B69079AB8
:1089A00016490598984701E0002321E0089B002222
:1089B00083F83C20089A92F83D3023F0C00382F8F7
:1089C0003D30089A92F83D3023F0020382F83D30A2
:1089D000089A92F83D3023F0010382F83D30089A5E
:1089E00092F83D3023F0040382F83D304FF0FF331E
:1089F00018460BB05DF804FB48D8040848D70408B3
:108A000030D804089CD7040800B58BB005900491B9
:108A100003920293049B1B680993059B0022C3F8F1
:108A20007C22099B002B5BD0304909981BF0A3FFE7
:108A30000346002B54D1059B0A22C3F87C22002355
:108A400000930C9B029A03990598FFF74BFA099043
:108A5000099B002B41D0264909981BF08CFF034647
:108A6000002B3AD1002300930C9B029A039905989E
:108A7000FFF738FA0890089B002B2ED007AB002296
:108A800019460898F7F762FF0246059BC3F87C2257
:108A9000059BD3F87C32132B0DDC059BD3F87C327D
:108AA00013F1140F07DB079B089A9A4203D0079B28
:108AB0001B78002B08D0059B9B690C4A0D49059833
:108AC00098474FF0FF330CE0002300930C9B029A71
:108AD00003990598FFF706FA0990049B099A1A6012
:108AE000002318460BB05DF804FB00BF4CD8040807
:108AF00054D8040898D6040830B5C1B00390029148
:108B00009A4B33AC1D460FCD0FC495E8030084E8A3
:108B1000030000238DF8F73000238DF8F63008AB02
:108B2000402200211846F9F7F9FA1AAB6422002115
:108B30001846F9F7F3FA18AB082200211846F9F79E
:108B4000EDFA039B002283F85022039B002283F856
:108B50005122039B002283F85222029B079318ABF9
:108B60001AAA07A9002000900398FFF7BBF9034653
:108B700006931AA807AA06A918AB00930346039800
:108B8000FFF756FB0346002B05D001210398FEF7A3
:108B9000AEFD3E90C8E11AA807AA06A918AB00933B
:108BA00003460398FFF752FD0346002B05D0012131
:108BB0000398FEF79CFD3E90B6E11AA807AA06A905
:108BC00018AB009303460398FFF71EFF0346002BE4
:108BD00005D001210398FEF78AFD3E90A4E1069B93
:108BE000002B08D00398FFF709FB034683F001032D
:108BF000DBB2002B02D000233E9395E1069B089345
:108C000001233F9359E1002305931AAA07A905AB55
:108C1000009300230398FFF765F902463F9B9B00F2
:108C200003F580736B4443F8E02C3F9B9B0003F5F6
:108C300080736B4453F8E03C002B00F04381059BAC
:108C4000002B44D03EE03F9B9B0003F580736B44B8
:108C500053F8E03C3C9302E03C9B01333C933C9B4B
:108C60001B78002B08D03C9B1B7819464048F9F72D
:108C70001CFB0346002BEFD03C9B1B78002B25D020
:108C80003C9B00221A703F9B01333F933C9B013376
:108C90003C9302E03C9B01333C933C9B1B78002BB4
:108CA00008D03C9B1B7819463148F9F7FEFA034679
:108CB000002BEFD13F9B9B0003F580736B443C9AE4
:108CC00043F8E02C3F9B0E2BBDDD00E000BF3F9B37
:108CD0009B0003F580736B4453F8E03C0222254966
:108CE00018461BF022FF0346002B47D13F9B9B00F9
:108CF00003F580736B4453F8E03C022213441B7865
:108D0000002B0AD03F9B9B0003F580736B4453F804
:108D1000E03C022213443B9308E01AAA07A905ABE2
:108D2000009300230398FFF7DDF83B903B9B002B5B
:108D300009D1039B9B69069A0F49039898474FF006
:108D4000FF333E93F0E0039B93F851328DF8F730F8
:108D5000039B012283F85122162336933B990398F3
:108D600001F006FF03463893A7E000BF5CD8040873
:108D7000E8D5040800D6040898D604083F9B9B0059
:108D800003F580736B4453F8E03C0122794918469F
:108D90001BF0CBFE0346002B3ED13F9B9B0003F50F
:108DA00080736B4453F8E03C012213441B78002B82
:108DB0000AD03F9B9B0003F580736B4453F8E03C63
:108DC000012213443A9308E01AAA07A905AB0093BD
:108DD00000230398FFF786F83A903A9B002B09D1BD
:108DE000039B9B69069A6449039898474FF0FF33A9
:108DF0003E9399E0039B93F851328DF8F730039B33
:108E0000012283F85122262336933A99039801F0E0
:108E1000AFFE0346389350E03F9B9B0003F5807301
:108E20006B4453F8E03C0122544918461BF07DFE88
:108E30000346002B3ED13F9B9B0003F580736B44A0
:108E400053F8E03C012213441B78002B0AD03F9BCF
:108E50009B0003F580736B4453F8E03C01221344FC
:108E6000399308E01AAA07A905AB009300230398D9
:108E7000FFF738F83990399B002B09D1039B9B6988
:108E8000069A3D49039898474FF0FF333E934BE0D5
:108E9000039B93F852328DF8F630039B012283F83E
:108EA0005222012335933999039801F061FE03465C
:108EB000379302E03F9B01333F933F9B0E2B7FF79D
:108EC000A2AE00E000BF3F9B012B15DD3F9B013BA5
:108ED0009B0003F580736B4453F8E03C2849184627
:108EE0001BF049FD0346002B06D1039B012283F8AA
:108EF00050223F9B013B3F933F9B9B0003F58073B8
:108F00006B44002243F8E02C3F9B0B2B05DD039BB9
:108F10009B69069A1B490398984733AB08AA3F9967
:108F20000398FEF771FC3E90389B002B08D0389BCD
:108F3000184601F055FE039B9DF8F72083F8512257
:108F4000379B002B08D0379B184601F049FE039B46
:108F50009DF8F62083F8522218AB19460398FEF7C5
:108F60008EFB1AAB1846FEF743FB3E9B184641B0FA
:108F700030BD00BFFCD5040898D6040804D6040808
:108F800058D804080CD7040810B58CB00190009193
:108F9000019B03F514730993009B0B93009B0A93A9
:108FA000099B002283F83A2070E00A9A009BD31AAA
:108FB0009AB2099B1A873B490A981BF02FFB08902D
:108FC0000A9A089B13440793079B1B78002B07D032
:108FD000079B1B780A2B03D0079B1B78232B05D1FB
:108FE0000B990198FFF788FD034658E0079B1B7813
:108FF0003B2B1AD1079B5A1C079200221A700B991F
:109000000198FFF779FD0490049B002B08D0019B89
:1090100093F8783203F00103002B01D1049B3EE06A
:10902000079B0B93079B0A9330E0079B013B06933A
:10903000069A0B9B9A4207D3069B1B785C2B03D1A5
:109040000A9B01330A9321E0079B5A1C079B1B785C
:1090500019461046FEF734FD0590059B002B10D1F4
:10906000079B1B788DF80C3000238DF80D30019B89
:109070009C6903AB03AA0C490198A0474FF0FF334A
:109080000DE0059B01330593059B0A93099B93F81B
:109090003A3083F00103DBB2002B86D1002318465F
:1090A0000CB010BDF0D504087CD6040886B003903F
:1090B00002910192039B03F514730593059B93F8AA
:1090C0003B301A46059B083213F83230C3F3811344
:1090D000DBB2032B16D1059B93F83B30059A08337E
:1090E000DB0013445A78059B83F83C20059B93F8DA
:1090F0003B30059A03F1080112F8313023F00103E7
:1091000002F831300023184606B0704710B58AB017
:109110000590049103928DF80B304FF0FF330993C3
:109120000399059801F024FD0890089B002B02D1BB
:109130004FF0FF3395E0059B1B6A05989847079011
:10914000079B002B00F08980059BD3F880320693A3
:1091500040F2014108980FF05BFE0246059BC3F800
:109160008022059BD3F88032002B19DA9DF80B3052
:10917000002B0BD0059B9C69F6F7BCFE03461B68D1
:109180000093394B049A39490598A047089801F093
:1091900027FD059B069AC3F880224FF0FF3360E05D
:1091A000059BD3F880320122002118460FF022FCE3
:1091B0000246059BC3F88422059B0022A3F888225F
:1091C000059BD3F88432002B0FDA9DF80B30002B6F
:1091D0000BD0059B9C69F6F78DFE03461B68009338
:1091E000234B244A21490598A047059BD3F88022A8
:1091F0004FF0FF334021079800F0ACF80990099B2D
:10920000002B1DDB059B93F8783203F00203002B43
:1092100005D1059BDB69079A174905989847059B77
:1092200093F8783203F00103002B04D007990598D6
:10923000FFF7AAFE04E007990598FFF7A5FE09903D
:10924000099B002BACDA059BD3F8803218460FF04F
:10925000BDF9059B069AC3F88022089801F0C0FC6E
:10926000099B18460AB010BD74D804086CD70408CE
:109270007CD8040884D804088CD8040800B587B0CA
:109280000190019B0593059BDB680DF10B01012209
:10929000184610F075F90490049B002B02D14FF092
:1092A000FF3312E0049B002B0ADAF6F723FE034695
:1092B0001B680393039B042B02D04FF0FF3304E0A1
:1092C000049B002BDFDD9DF80B30184607B05DF8DE
:1092D00004FB00B587B001900091019B0593009BB2
:1092E000DBB28DF80F30059B1B69002B15DB059B4E
:1092F0001B690DF10F010122184610F0C8FF049000
:10930000049B002B05DAF6F7F5FD03461B68042BDA
:1093100005D1049B002BEADD02E000BF00E000BFA6
:1093200007B05DF804FB00B587B00390029101928D
:10933000039B0593059B1B69002B07DB059B1B69A2
:10934000019A0299184610F0A2FF00E000BF07B092
:109350005DF804FB00B593B0039002910192009375
:1093600001981BF064FC0346002B17D004AB194690
:1093700001981BF06CFC079B03F00203002B0DD03F
:10938000079B23F00203079304AB1A4600210198C0
:109390001BF06DFC079B43F002030793134B0C93E8
:1093A000019B0F93124B0D93124B0E93009B109346
:1093B0000CAB029A0399184606F02AFE1190019808
:1093C0001BF035FC0346002B0AD0079B03F0020379
:1093D000002B05D004AB1A46002101981BF047FC76
:1093E000119B184613B05DF804FB00BF7D92010885
:1093F000D39201082793010884B001900091019B4A
:109400001B680393009B1B68002B15D0039B002B4C
:1094100012D0009B5B68039A9A4206D1009B019A86
:109420005A60019B00221A6003E0039B1A68019BAB
:109430001A60039B00221A60039B184604B0704711
:1094400084B00190019B1B680393039B002B0DD0FC
:10945000039B1A68019B1A60019B1B68002B02D1B9
:10946000019B00225A60039B00221A60039B18464E
:1094700004B0704784B00190019BD3F84032002BB8
:109480003ED1019BD3F84832002B39D1019B0022F9
:10949000C3F84022019B0022C3F84422019B002212
:1094A000C3F84822019B0022C3F84C2200230393F7
:1094B00022E0039B23331B01019A13440293029B76
:1094C00000221A60019BD3F84832002B08D1019B7F
:1094D000029AC3F84822019B029AC3F84C2208E082
:1094E000019BD3F84C32029A1A60019B029AC3F88E
:1094F0004C22039B01330393039B002BD9DD00E037
:1095000000BF04B0704700B585B001900091019B89
:10951000D3F8403203930DE0039B5B680099184633
:109520001BF029FA0346002B01D1039B06E0039BA5
:109530001B680393039B002BEED10023184605B054
:109540005DF804FB00B587B001900091009B002BF3
:1095500076D0009B1B7B03F00103DBB2002B05D010
:10956000009A137B43F00203137369E0009B5B686E
:10957000002B04D0009B5B681846F9F713FA009B98
:109580009B68002B04D0009B9B681846F9F70AFAE9
:10959000009B00225A60009B00229A60009B0022E0
:1095A0001A73009B0493019BD3F84032002B33D0F5
:1095B000049B002B30D0019BD3F84032049A9A428E
:1095C00013D1049B1A68019BC3F84022019BD3F876
:1095D0004432049A9A4204D1019B0022C3F84422E7
:1095E0001AE0049B00221A6016E0019BD3F8403277
:1095F00005930EE0059B1B68049A9A4206D1019BD5
:1096000003F5107319460598FFF7F6FE059B1B68D6
:109610000593059B002BEDD1009B0393019BD3F891
:109620004822039B1A60019BD3F84832002B03D1D8
:10963000019B039AC3F84C22019B039AC3F848226A
:1096400007B05DF804FB00B589B003900291019268
:1096500000230693029B002B06D0029B1B78002B55
:1096600002D0019B002B02D16FF015035BE0029941
:109670000398FFF748FF0790079B002B0CD0079B30
:109680009B681846F9F78EF901981AF0E7FF034630
:109690001A46079B9A6033E0039B03F51273184642
:1096A000FFF7CEFE0790079B002B29D002981AF0F7
:1096B000D5FF03461A46079B5A6001981AF0CEFF61
:1096C00003461A46079B9A60079B0593059B002259
:1096D0001A60039BD3F84032002B08D1039B059AF4
:1096E000C3F84022039B059AC3F8442208E0039B79
:1096F000D3F84432059A1A60039B059AC3F84422B2
:10970000079B002B07D0079B5B68002B03D0079BB0
:109710009B68002B06D107990398FFF713FF6FF0A2
:109720000B030693069B184609B05DF804FB000086
:1097300010B584B00190019BD3F8403203930BE045
:10974000019BDC69039B5A68039B9B68064901984F
:10975000A047039B1B680393039B002BF0D100BF22
:1097600000BF04B010BD00BF90D8040800B585B09C
:109770000190019BD3F84032039308E0039B1B68E0
:10978000029303990198FFF7DDFE029B0393039B6D
:10979000002BF3D100BF00BF05B05DF804FB00B59E
:1097A00085B0019000910198FFF764FE009B002BAB
:1097B00014D000990198FFF7A6FE0390039B002B9D
:1097C0000CD0039B1B7B03F00103DBB2002B05D104
:1097D000039B9B68002B01D0039B00E000231846ED
:1097E00005B05DF804FB00B583B0019000910099CD
:1097F0000198FFF7A7FE00BF03B05DF804FB00006F
:1098000010B588B00390029101920023069303984B
:10981000FFF730FE029B012B04DC0398FFF788FF63
:10982000069B4DE0019B0433079344E0079B1B68B4
:109830003D211846F8F739FD0590059B002B18D0FF
:10984000059B5A1C059200221A70079B1B68059AFB
:1098500019460398FFF7F7FE0690069B002B27DAC0
:10986000039B9C69079B1A68059B17490398A047AF
:109870001EE0079B1B6819460398FFF744FE0490FF
:10988000049B002B09D0039BDC69049B5A68049B52
:109890009B680E490398A0470AE0039B9C69079BBD
:1098A0001B680B4A0B490398A0476FF0010306930E
:1098B000079B04330793079B1B68002BB6D1069BBD
:1098C000184608B010BD00BFA0D8040890D80408FE
:1098D000B8D80408C0D8040810B588B00390029125
:1098E0000192002306930398FFF7C4FD029B012B0E
:1098F00002DC6FF0150332E01A4A019902981CF05D
:10990000E5F90346612B04D10398FFF72FFF069B6F
:1099100025E0019B043307931CE0079B1B68194655
:109920000398FFF7F0FD0590059B002B04D00599E7
:109930000398FFF707FE0AE0039B9C69079B1B68DF
:10994000094A0A490398A0476FF001030693079B51
:1099500004330793079B1B68002BDED1069B184638
:1099600008B010BDD4D80408D8D80408C0D804085A
:1099700010B58CB0059004910392029300230B93D1
:10998000EBF74CFB029A0399049806F05FF80B90F2
:109990000B9B002B62DB059B0B9AC3F85422059BA3
:1099A00093F8503283F00103DBB2002B46D0002342
:1099B000089300230A93059B93F8A832002B07D045
:1099C000059B5B690B9A4FF48C71059898470A9038
:1099D00008AB042219460B9816F018F80B900B9B55
:1099E000002B14DAF6F786FA03461B680993099BE5
:1099F0000A2B02D100230B9310E0059B9C69099B65
:109A000000931C4B049A1C490598A04706E0089B4C
:109A1000002B14BF01230023DBB20B93059B93F8AB
:109A2000A832002B1AD00A9B002B17D1059B5B692B
:109A3000002240F21911059898470FE007AB19462C
:109A40000B98EEF761F9059BDC69079B00930B9B74
:109A5000049A0A490598A04700230B93EBF740FBB3
:109A60000B9B002B02DA4FF0FF3300E00B9B1846F4
:109A70000CB010BDE0D804086CD70408E8D804087E
:109A800000B5A1B0019000231A9300231F9311E0A9
:109A9000464A1A9B1B0113441B681846F8F7A5FC9D
:109AA0001E901E9A1F9B9A4201D91E9B1F931A9BC0
:109AB00001331A931A9B3B2BEAD91F9B04331F9344
:109AC0001F9B502B02D901231D9304E050221F9BA2
:109AD000B2FBF3F31D931D9B03F13B021D9BB2FBF5
:109AE000F3F3189300231C9356E00423199302AB5D
:109AF000199A20211846F8F711FB00231B931C9B91
:109B00001A9331E002AA199BD018284A1A9B1B010C
:109B100013441968199BC3F155031A46F8F714FB4F
:109B20000246199B13441993204A1A9B1B011344A4
:109B30001B681846F8F759FC1E900AE0199B5A1C3E
:109B4000199280336B44202203F8782C1E9B01333A
:109B50001E931E9A1F9B9A42F0D31B9B01331B93AB
:109B60001A9A189B13441A931B9A1D9B9A4202D26D
:109B70001A9B3B2BC6D9199B5A1C199280336B44F4
:109B80000A2203F8782C019BDB6802A9199A019834
:109B900098471C9B01331C931C9A189B9A42A4D390
:109BA00000BF00BF21B05DF804FB00BF20E1040846
:109BB00000B583B00190019BDB693049019898475B
:109BC000019BDB692E4901989847019BDB692D4970
:109BD00001989847019BDB692B4901989847019BA5
:109BE000DB692A4901989847019BDB69284901985C
:109BF0009847019BDB69274901989847019BDB69DE
:109C0000234901989847019BDB69234901989847AC
:109C1000019BDB691B4901989847019BDB691F4940
:109C200001989847019BDB691D4901989847019B62
:109C3000DB69174901989847019BDB69194901982D
:109C40009847019BDB690F4901989847019BDB69A5
:109C5000154901989847019BDB691149019898477C
:109C6000019BDB690A4901989847019BDB690D4913
:109C70000198984700BF03B05DF804FB9CDF04081F
:109C8000B0DF0408ECDF0408F0DF0408FCDF0408A0
:109C900004E0040820E0040828E0040830E0040898
:109CA00040E0040848E0040854E0040810B582B01D
:109CB00001900091009BDB68002B09D0019BDC69BF
:109CC000009B1A68009BDB6806490198A04706E0E4
:109CD000019BDB69009A126803490198984700BF0D
:109CE00002B010BD64E0040870E0040800B585B05F
:109CF00001900091154B039317E0039B1B6800999B
:109D000018461AF038FE0346002B0BD1019BDB6985
:109D1000009A0F490198984703990198FFF7C6FFE9
:109D200000230EE0039B10330393039B1B68002B5F
:109D3000E3D1019B9B69009A0649019898474FF02F
:109D4000FF33184605B05DF804FB00BF20E10408AE
:109D500078E00408D4D6040800B585B00190094B1A
:109D6000039306E003990198FFF7A0FF039B1033CC
:109D70000393039B1B68002BF4D100BF00BF05B009
:109D80005DF804FB20E1040870B5A2B00190002347
:109D90001F9300231E9300231D9317E0199BDB687C
:109DA000002B0FD01F9B01331F93199B1B68184674
:109DB000F8F71BFB2090209A1E9B9A4203D9209B08
:109DC0001E9300E000BF1D9B01331D931D9B184691
:109DD00018F02AF91990199B002BDFD11F9B002B3B
:109DE00000F089801E9B04331E931E9B502B02D9CA
:109DF0000123219304E050221E9BB2FBF3F3219335
:109E0000219A1F9B13445A1E219BB2FBF3F3189314
:109E1000019BDC68019D394B1E68384B1B68184656
:109E2000F8F7E3FA03461A4631462846A0470023CE
:109E30001D935BE004231A9302AB1A9A2021184663
:109E4000F8F76CF900231C931D9B1B9331E0199BC1
:109E5000DB68002B25D002AA1A9BD018199B196821
:109E60001A9BC3F155031A46F8F76EF902461A9B7E
:109E700013441A93199B1B681846F8F7B6FA2090FA
:109E80000AE01A9B5A1C1A9288336B44202203F86A
:109E9000802C209B01332093209A1E9B9A42F0D362
:109EA00000E000BF1C9B01331C931B9A189B1344BA
:109EB0001B931C9A219B9A4207D21B9B184618F0B1
:109EC000B3F81990199B002BC1D11A9B5A1C1A92F6
:109ED00088336B440A2203F8802C019BDB680198CD
:109EE00002A91A9A98471D9B01331D931D9A189B2E
:109EF0009A429FD300E000BF22B070BDF0E4040896
:109F000000B589B0039002910192002307930023CA
:109F10008DF81B3001230593029A059B9A4211DDAF
:109F2000059B9B00019A13441B68234918461AF0AD
:109F300022FD0346002B05D101238DF81B30059B24
:109F400001330593029A059B9A4205DD059B9B0010
:109F5000019A13441B6807939DF81B30002B02D015
:109F60000398FFF725FE079B002B04D00799039861
:109F7000FFF7BCFE1BE09DF81B30002B08D0039BB5
:109F8000DB690E49039898470398FFF7E5FE0BE05D
:109F90000B490398FFF7AAFE039BDB690949039865
:109FA00098470398FFF76CFD0398FFF7EDFE002339
:109FB000184609B05DF804FB84E0040888E0040852
:109FC00058DB0408A0E0040800B585B003900291B6
:109FD0000192039B9B69019A126804490398984770
:109FE0004FF0FF33184605B05DF804FBD4D60408E3
:109FF00084B00390029101920023184604B0704788
:10A0000084B00390029101924FF0FF33184604B0E0
:10A01000704700B585B0039002910192039BDB6A03
:10A02000002103989847000000B589B00390029181
:10A030000192029B042B09D0039BDB69019A1268F1
:10A040004C49039898474FF0FF338EE0019B04334F
:10A050001B6804A900221846F6F778FC0690049BBA
:10A060001B78002B07D0039BDB6943490398984773
:10A070004FF0FF3379E0019B0C331B6804A90022E9
:10A080001846F6F763FC0590049B1B78002B07D05D
:10A09000039BDB693949039898474FF0FF3364E02D
:10A0A000019B08331B681B78253B0A2B4ED801A265
:10A0B00052F823F023A101084DA101084DA1010888
:10A0C0004DA101084DA10108F5A00108E1A001087A
:10A0D0004DA10108EBA001084DA1010801A1010853
:10A0E000069A059B1344079338E0069A059BD31AFA
:10A0F000079333E0069B059A02FB03F307932DE0D9
:10A10000059B002B07D1039BDB691C4903989847EB
:10A110004FF0FF3329E0069A059B92FBF3F3079378
:10A120001CE0059B002B07D1039BDB6913490398B7
:10A1300098474FF0FF3318E0069B059A93FBF2F225
:10A14000059901FB02F29B1A079307E0039BDB6969
:10A150000B49039898474FF0FF3306E0039BDB69F8
:10A16000079A0849039898470023184609B05DF8F4
:10A1700004FB00BFA4E00408D0E00408E4E0040805
:10A18000F8E004080CE1040800B589B003900291DE
:10A190000192254B0693019B1B680593234B079364
:10A1A0002DE0079B1B68059918461AF0E4FB03464F
:10A1B000002B21D1079B1B7A1A46029B934208DA97
:10A1C000039B9B69059A1A49039898474FF0FF3300
:10A1D00026E0079B5B7A1A46029B934208DD039BAD
:10A1E0009B69059A1349039898474FF0FF3317E08E
:10A1F000079B5B68069306E0079B10330793079B5A
:10A200001B68002BCDD1069B019A029903989847B1
:10A21000049016F071FF0246039BC3F85422049B7E
:10A22000184609B05DF804FBC99F010820E1040845
:10A2300054D604080CD7040800B587B003900291E7
:10A2400001920093019B04331B683D211846F8F7E7
:10A250002CF8059000230493059B002B12D0059B3E
:10A2600000221A70059B01330593102200210598E6
:10A27000F6F7DBFB0490009B01221A70009B049A06
:10A280009A6005E0009B00221A70009B00229A60F1
:10A29000019B04331B68102200211846F6F7C5FB0A
:10A2A00003461A46009B5A60029B022B0BDD019B62
:10A2B00008331B68102200211846F6F7B6FB024649
:10A2C000009BDA6002E0009B0122DA60002318465E
:10A2D00007B05DF804FB000010B58CB0039002914C
:10A2E000019205AB019A02990398FFF7A5FF099027
:10A2F000099B002B39D100230A93069B0B9330E076
:10A30000039BDC690B9B1B78DBB20B9A1949039802
:10A31000A0479DF81430002B18D0079BFF2B09D9BC
:10A32000039B9B69019A12681349039898474FF061
:10A33000FF331BE0079BDAB20B9B1A70039BDB69B0
:10A340000B9A1278D2B20D4903989847039BDB69A8
:10A350000B49039898470A9B01330A930B9B0133DF
:10A360000B93089B0A9A9A42CAD3099B18460CB0D1
:10A3700010BD00BFF4E40408B4D6040804E50408E2
:10A3800010E5040810B58CB003900291019205AB62
:10A39000019A02990398FFF74FFF0990099B002B40
:10A3A0003AD100230A93069B0B9331E0039BDC69AF
:10A3B0000B9B1B889BB20B9A19490398A0479DF8E9
:10A3C0001430002B19D0079BB3F5803F09D3039BB2
:10A3D0009B69019A12681349039898474FF0FF331D
:10A3E0001BE0079B9AB20B9B1A80039BDB690B9ABD
:10A3F000128892B20C4903989847039BDB690B497A
:10A40000039898470A9B02330A930B9B02330B93E2
:10A41000089B0A9A9A42C9D3099B18460CB010BDF2
:10A4200014E50408B4D6040824E5040810E504087B
:10A4300010B58CB003900291019205AB019A02997C
:10A440000398FFF7F9FE0990099B002B29D10023FF
:10A450000A93069B0B9320E0039BDC690B9B1B6814
:10A460000B9A12490398A0479DF81430002B09D08D
:10A47000079A0B9B1A60039BDB690B9A12680C49C5
:10A4800003989847039BDB690A49039898470A9BFE
:10A4900004330A930B9B04330B93089B0A9A9A424A
:10A4A000DAD3099B18460CB010BD00BF30E5040894
:10A4B00040E5040810E5040800B5A9B00390029136
:10A4C00001920093039BDB69029A454903989847E0
:10A4D000002326937AE004A8269B424A8021F6F7BF
:10A4E000FCF904AB1846F7F780FF2790002325936B
:10A4F0002DE0269A259B1344009A9A4210DD04AA67
:10A50000279BD018279BC3F18001269A259B1344D3
:10A510001A46019B13441B78334AF6F7DEF909E02B
:10A5200004AA279BD018279BC3F180031A462F4902
:10A53000F7F70AFE04AA279B13441846F7F755FFBE
:10A540000246279B13442793259B01332593259B84
:10A550000F2BCEDD002325932CE0269A259B134458
:10A56000009A9A4223DD269A259B13441A46019BA2
:10A5700013441B78249304AA279BD018279BC3F16C
:10A580008001249B1F2B04DD249B7E2B01DC249B5C
:10A5900000E02E23164AF6F7A0F904AA279B1344DD
:10A5A0001846F7F722FF0246279B13442793259B63
:10A5B00001332593259B0F2BCFDD039BDB6904AA79
:10A5C0000C4903989847269B10332693269A009BA4
:10A5D0009A4280DB00BF00BF29B05DF804FB00BFDA
:10A5E0004CE5040854E504085CE5040864E5040847
:10A5F00068E504086CE5040800B589B00390029191
:10A600000192019B04331B6805A910221846F6F736
:10A610000CFA03460793019B1B681B78002B03D0A1
:10A62000059B1B78002B02D04FF0FF331EE0019BEF
:10A6300008331B6805A900221846F6F787F906902B
:10A64000019B1B681B78002B06D0059B1B78002BF9
:10A6500002D1069B002B02DA4FF0FF3306E0069B87
:10A66000079A04490398FFF727FF0023184609B00B
:10A670005DF804FB70E50408F0B599B0059004910D
:10A68000039200231693002315936FF070431493E5
:10A69000039B04331B68012118460EF0B9FB109090
:10A6A000109B002B0EDA059B9C69F5F723FC0346F3
:10A6B0001B680093774B784A78490598A0474FF07C
:10A6C000FF33E3E04FF40070F8F77CF903460F9393
:10A6D0000F9B002B11D110980DF078FF059B9C6902
:10A6E000F5F708FC03461B6800936D4B6A4A6B49FB
:10A6F0000598A0474FF0FF33C8E00223129331E0E2
:10A70000129B9B00039A13441B6805226549184657
:10A710001AF00BFA0346002B0AD1129B9B00039AF6
:10A7200013441B680533184618F0DAFB159016E041
:10A73000129B9B00039A13441B6806225A49184631
:10A740001AF0F3F90346002B09D1129B9B00039AE0
:10A7500013441B680633184618F0C2FB1490129B72
:10A7600001331293129A049B9A42C9DB0023179378
:10A770004FF400720F9910980EF002FF1190119B88
:10A78000002B0FDA059B9C69F5F7B4FB03461B68A9
:10A790000093464B404A41490598A0474FF0FF338C
:10A7A00016936CE0119B002B64DD179A159B9A425F
:10A7B00036DA179A119B13441793179A159B9A42EE
:10A7C00056DD179A159BD31A1393139A149B9A422A
:10A7D00001DD149B1393039B04331A68159BD9174F
:10A7E0001C460D4607A8CDE900451346304A2021F6
:10A7F000F6F773F8179A159BD31A119AD31A1A46BB
:10A800000F9B1A4407A9139B0598FFF755FE149A4E
:10A81000139B9A4230DD149A139BD31A149327E0AA
:10A82000119A149B9A4201DD149B1193039B0433EC
:10A830001A68179BD9171E460F4607A8CDE900676F
:10A8400013461B4A2021F6F748F807A9119B0F9AD7
:10A850000598FFF731FE179A119B13441793149A2A
:10A86000119B9A420ADD149A119BD31A14937FE725
:10A8700000BF7DE700BF02E000BF00E000BF10980E
:10A880000DF0A4FE0F98F8F78DF8169B184619B036
:10A89000F0BD00BF7CE5040884E504086CD704081B
:10A8A0008CE5040894E504089CE50408A4E5040884
:10A8B000ACE5040810B586B00190019B05932AE130
:10A8C000059B1B785C2B06D0019B5A1C0192059AB4
:10A8D00012781A701CE1059B01330593059B1B78C8
:10A8E000782B00F09C80782B00F3DD80302B6BDC24
:10A8F000002BC0F2D880302B00F2D58001A252F894
:10A9000023F000BF91AA0108A7AA0108A7AA01087D
:10A91000A7AA0108A7AA0108A7AA0108A7AA0108CF
:10A92000BFAA0108CBAA0108A7AA0108E3AA010847
:10A93000FBAA0108D7AA0108EFAA0108A7AA0108E3
:10A94000A7AA0108A7AA0108A7AA0108A7AA01089F
:10A95000A7AA0108A7AA0108A7AA0108A7AA01088F
:10A96000A7AA0108A7AA0108A7AA0108A7AA01087F
:10A97000A7AA0108A7AA0108A7AA0108A7AA01086F
:10A98000A7AA0108A7AA0108A7AA0108A7AA01085F
:10A99000A7AA0108A7AA0108A7AA0108A7AA01084F
:10A9A000A7AA0108A7AA0108A7AA0108A7AA01083F
:10A9B000A7AA0108A7AA0108A7AA0108A7AA01082F
:10A9C000A7AA0108D1A901085C2B00F09C806AE0CD
:10A9D00000230393032304930DE0039BDA00059BFC
:10A9E00001331B78303B13440393049B013B0493D6
:10A9F000059B01330593049B002B09D0059B013374
:10AA00001B782F2B04D9059B01331B78382BE4D9F5
:10AA1000019B5A1C0192039AD2B21A7078E000236B
:10AA200003930223049320E0059B01331B78303B02
:10AA3000092B08D8039B1A01059B01331B78303B77
:10AA4000134403930BE0039B1C01059B01331B780C
:10AA5000184617F017FB0346573B23440393049B08
:10AA6000013B0493059B01330593049B002B08D005
:10AA7000059B01331B78184617F0EAFA0346002BB2
:10AA8000D2D1019B5A1C0192039AD2B21A703FE0B4
:10AA9000019B5A1C01925C221A70019B5A1C019264
:10AAA00000221A703FE0019B5A1C01925C221A702E
:10AAB000019B5A1C0192059A12781A7028E0019B9A
:10AAC0005A1C019207221A7022E0019B5A1C019223
:10AAD00008221A701CE0019B5A1C01920C221A7069
:10AAE00016E0019B5A1C01920A221A7010E0019B89
:10AAF0005A1C01920D221A700AE0019B5A1C019205
:10AB00000B221A7004E0019B5A1C01925C221A70FD
:10AB1000059B01330593059B1B78002B7FF4D0AE7A
:10AB2000019B00221A7006B010BD00BF00B585B0B1
:10AB30000190019814F0AAFB0390039B002B01D114
:10AB4000034B0393039B184605B05DF804FB00BF5D
:10AB5000C4E5040800B583B001900448FFF7E6FFA0
:10AB60000346184603B05DF804FB00BFB8E50408CF
:10AB700000B585B001900091009B002B03D0009B95
:10AB80001B78002B04D1144819F068FD03461EE021
:10AB9000009B1B782F2B04D1009819F05FFD034612
:10ABA00015E00198FFF7D6FF03900C49009819F0C3
:10ABB000E2FE0346002B04D1039819F04FFD034633
:10ABC00005E0009A0399019802F01EF90346184621
:10ABD00005B05DF804FB00BFC4E50408C8E504083F
:10ABE00000B583B00190019B002B02D00198F7F7CC
:10ABF000D9FE00BF03B05DF804FB000030B58BB098
:10AC0000059004910392039B5B68099300230893CA
:10AC10000023079300230693049B012B06DD304994
:10AC2000099819F0A8FE0346002B02D12D4B099379
:10AC30002EE02D49099819F09EFE0346002B0BD1FA
:10AC40002A48FFF773FF0346184619F007FD03462D
:10AC50000893089B09931BE02549099819F08BFE7E
:10AC60000346002B0DD10598FFF774FF03461846E5
:10AC700019F0F4FC03460893089817F0B1FA09900C
:10AC800006E009990598FFF773FF0790079B099362
:10AC900009981BF0A7F80690069B002B10D0059B87
:10ACA0009C69039B1D68F5F725F903461B68009313
:10ACB000104B2A4610490598A0474FF0FF330693E2
:10ACC000089B002B02D00898F7F76CFE079B002B1F
:10ACD00002D00798FFF784FF069B18460BB030BDE3
:10ACE000CCE50408C4E50408D0E50408BCE5040884
:10ACF000D4E50408D8E504086CD7040800B589B089
:10AD00000390029101920123079300230693029B73
:10AD1000013B0293019B043301933FE0019B1B68BD
:10AD200001330593002304930FE0059A049B134419
:10AD30001B786E2B05D06E2B39DC452B01D0652B93
:10AD400035D100BF049B01330493059A049B13443F
:10AD50001B78002BE9D1049B002B2AD014E0059B23
:10AD60005A1C05921B786E2B0BD06E2B0CDC452BDE
:10AD700004D0652B08D10123069305E00023069338
:10AD800002E00023079300BF059B1B78002BE6D150
:10AD9000029B013B0293019B04330193029B002B16
:10ADA00009DD019B1B681B782D2BB7D003E000BF8A
:10ADB00020E000BF1EE000BF1CE0069B002B04D07B
:10ADC000019B1B681846FFF775FD039BDB69019A21
:10ADD0001268104903989847029B013B0293019B1C
:10ADE00004330193029B002B04DD039BDB690A49BA
:10ADF00003989847029B002BDFDC079B002B04D0B5
:10AE0000039BDB690549039898470023184609B05E
:10AE10005DF804FBE0E50408E4E50408E8E504085F
:10AE200000B585B0039002910192019B1B68054A11
:10AE30001946039801F00CFE0346184605B05DF86C
:10AE400004FB00BFECE5040810B584B00390029148
:10AE50000192039BDC690398FFF77CFE03461A46C8
:10AE600003490398A0470023184604B010BD00BF53
:10AE700004E6040830B58DB00590049103920023D8
:10AE80000A93012309936A4A06AB12681146198096
:10AE90000233120C1A70049B022B03D0049B042B68
:10AEA00040F09380039B04331B681846F7F79DFA24
:10AEB0000346012B11D86FF015030A93059B9C697B
:10AEC000039B1D68F5F716F803461B680093594B62
:10AED0002A4659490598A04777E0039B04331B682D
:10AEE0001B780893089B2D2B14D0089B2B2B11D07B
:10AEF0006FF015030A93059B9C69039B1D68F4F78B
:10AF0000F9FF03461B6800934A4B2A464B490598B4
:10AF1000A0475AE0039B04331B6801330B9347E0BF
:10AF20000B9B5A1C0B921B781A4606AB114618460F
:10AF3000F7F7BBF90790079B002B11D1059B9C6984
:10AF4000039B1D68F4F7D6FF03461B680093394B3B
:10AF50002A463A490598A0476FF015030A932FE057
:10AF6000089B2B2B11D1059B93F878325AB206AB74
:10AF70000799CB1A012101FA03F35BB213435BB2C9
:10AF8000DAB2059B83F8782212E0059B93F87832B9
:10AF90005AB206AB0799CB1A012101FA03F35BB24F
:10AFA000DB435BB213405BB2DAB2059B83F87822D5
:10AFB0000B9B1B78002B03D00B9B1B78202BAFD156
:10AFC0000A9B002B01D1022309930A9B002B2BD152
:10AFD000049B032B02D0049B042B25D1099B013336
:10AFE0009B00039A13441B68184601F0D6FE0B9091
:10AFF000099B9B00039A13441B6801220B99184676
:10B00000EBF780FE0A900A9B002B0DDA059B9C69EA
:10B01000039B1D68F4F76EFF03461B680093084B03
:10B020002A4608490598A0470A9B18460DB030BD2E
:10B0300014E6040808E6040854D6040898D6040860
:10B040000CE604086CD7040830B589B0059004916B
:10B05000039200230793039B04331B681846EBF706
:10B060005BFF0690069B002B10DA059B9C69039BF7
:10B070001D68F4F73FFF03461B680093054B2A4603
:10B0800005490598A0474FF0FF330793079B1846E3
:10B0900009B030BD18E604086CD7040810B59EB09E
:10B0A00005900491039200231D9326231C934FF0D7
:10B0B000FF331B93012104980DF0AAFE1890189BF2
:10B0C000002B0DDA059B9C69F4F714FF03461B68FF
:10B0D00000935C4B5C4A5D490598A0471B9BAEE022
:10B0E00006AB194603980EF01FFD0346002B27D12F
:10B0F000089B03F47043B3F5804F19D1039801F016
:10B100002DFE049817F032F803461A460399059865
:10B1100001F07AFE1D901D9B002B06D1059B9B69BB
:10B12000494A4B490598984785E01D9B039307E0E2
:10B13000089B03F47043B3F5004F01D002231C9326
:10B140004FF4DB721C9903980DF062FE1790179B69
:10B15000002B0CDA059B9C69F4F7CCFE03461B68B8
:10B1600000933C4B384A39490598A04760E0059B5D
:10B17000303319934FF40072199918980EF000FAB1
:10B180001A901A9B002B02D100231B934DE01A9BAF
:10B19000002B19DAF4F7AEFE03461B68042B06D128
:10B1A000059B9B69284A2C49059898473DE0059BDB
:10B1B0009C69F4F79FFE03461B680093274B224AC5
:10B1C00022490598A04730E01A9B1A46199917980A
:10B1D0000FF05DF81690169B002B08DB1A9A169B51
:10B1E000D31A1A93169B199A1344199319E0F4F77A
:10B1F00081FE03461B68042B06D1059B9B69124AFE
:10B2000015490598984710E0059B9C69F4F772FE74
:10B2100003461B680093124B0B4A0C490598A04744
:10B2200003E01A9B002BCFDCA1E717980DF0CEF9B5
:10B230001D98F7F7B7FB18980DF0C8F91B9B184637
:10B240001EB010BD24E6040830E604086CD70408DC
:10B2500084D7040834E60408B8D7040840E6040894
:10B2600048E6040810B59CB00590049103920023B1
:10B270001B93049816F015FF1A901A9B002B40F0B0
:10B280008B80059B9C69F4F735FE03461B68009391
:10B290004A4B4B4A4B490598A0474FF0FF338AE091
:10B2A000199B01334849184619F065FB0346002BEA
:10B2B00071D0199B01334549184619F05CFB0346D0
:10B2C000002B68D0199B01331A460499059801F0A8
:10B2D0009BFD1890189B002B03D14FF0FF331B935D
:10B2E0005AE007AB194618980EF01EFC1B901B9BEA
:10B2F000002B0CD0059B9C69F4F7FCFD03461B68F2
:10B300000093334B2E4A2F490598A0473FE0199BE5
:10B3100001331A460399059801F076FD1790179BA3
:10B32000002B03D14FF0FF331B9330E0099B03F454
:10B330007043B3F5804F1ED140F2FD1117980DF008
:10B3400075FB1B901B9B002B0CD0059B9C69F4F795
:10B35000D1FD03461B6800931E4B194A19490598F5
:10B36000A04711E0179A18990598FFF77BFF1B90EB
:10B370001B9B002B08E0179A18990598FFF78EFE83
:10B380001B901B9B002B00BF1798F7F70BFB18981F
:10B39000F7F708FB00E000BF1A9816F0C6FE1990F8
:10B3A000199B002B03D01B9B002B3FF479AF1A98FD
:10B3B00016F09FFE1B9B18461CB010BD50E60408FB
:10B3C00030E604086CD7040858E604085CE6040874
:10B3D00060E6040868E6040800B583B001900A49F5
:10B3E000019819F0C8FA0346002B06D007490198C6
:10B3F00019F0C1FA0346002B01D1012300E000231C
:10B40000184603B05DF804FB58E604085CE604083F
:10B4100010B59CB00590049103920293029B1A937D
:10B420001A9B03F00B03002B00F04D8106AB40226A
:10B4300000211846F6F772FE039B002B11D0039BE8
:10B4400001331A460499059801F0DEFC199006AB09
:10B45000194619980EF068FB1B901998F7F7A2FA95
:10B4600005E006AB194604980EF05EFB1B901B9B93
:10B47000002B0ED0059B9C69F4F73CFD03461B682E
:10B480000093A74BA74AA8490598A0474FF0FF3360
:10B4900042E11A9B03F00203002B00F0BF80A34A95
:10B4A00016AB07CA03C31A800233120C1A70089B2A
:10B4B00003F47043B3F5C04F03D162238DF85830C5
:10B4C00030E0089B03F47043B3F5005F03D16323BE
:10B4D0008DF8583026E0089B03F47043B3F5804F95
:10B4E00003D164238DF858301CE0089B03F47043AB
:10B4F000B3F5A04F03D16D238DF8583012E0089BAF
:10B5000003F47043B3F5404F03D16E238DF85830E8
:10B5100008E0089B03F47043B3F5004F02D03F23CB
:10B520008DF85830089B03F48073002B02D07223EF
:10B530008DF85930089B03F08003002B02D077234D
:10B540008DF85A30089B03F04003002B08D0089B6D
:10B5500003F40063002B03D073238DF85B3010E0FD
:10B56000089B03F40063002B03D053238DF85B305A
:10B5700007E0089B03F04003002B02D078238DF8EE
:10B580005B30089B03F02003002B02D072238DF860
:10B590005C30089B03F01003002B02D077238DF85A
:10B5A0005D30089B03F00803002B08D0089B03F4D0
:10B5B0008063002B03D073238DF85E3010E0089B6E
:10B5C00003F48063002B03D053238DF85E3007E033
:10B5D000089B03F00803002B02D078238DF85E301F
:10B5E000089B03F00403002B02D072238DF85F3018
:10B5F000089B03F00203002B02D077238DF8603004
:10B60000089B03F00103002B02D078238DF86130F2
:10B61000059BDB6916AA4649059898471A9B03F0D3
:10B620000103002B4FD01A9B03F01003002B44D0D2
:10B630000D9BB3F5806F40D30D9BB3F1804F12D3B8
:10B64000059BDC690D9B07EE903AB8EEE77ADFEDDB
:10B65000396AC7EE267AB7EEE77A53EC172B3649EC
:10B660000598A0472FE00D9BB3F5801F12D3059BD3
:10B67000DC690D9B07EE903AB8EEE77ADFED2F6AB2
:10B68000C7EE267AB7EEE77A53EC172B2C490598CC
:10B69000A04718E0059BDC690D9B07EE903AB8EED9
:10B6A000E77ADFED286AC7EE267AB7EEE77A53EC41
:10B6B000172B25490598A04705E0059BDB690D9AE6
:10B6C000224905989847039B002B1ED0059BDB69F8
:10B6D000039A0132164905989847039B1B78042B5F
:10B6E0000DD1039B01331846FFF776FE0346002B6E
:10B6F00005D1059BDB691649059898470BE0059B2A
:10B70000DB6914490598984705E0059BDB69049AB5
:10B71000114905989847002318461CB010BD00BF7A
:10B7200060E6040870E604086CD70408A8E604087C
:10B7300074E604080000804E78E6040800008049A2
:10B7400080E604080000804488E6040890E60408C7
:10B7500098E604089CE60408A0E6040800B589B051
:10B76000059004910392029300230793039B1B7897
:10B77000042B2DD1039B01331846FFF72DFE034602
:10B78000002B25D1039B01331A460499059801F03B
:10B790003BFB0690059BDB69069A10490598984784
:10B7A000029B00930E4B069A0E49059801F084FA0D
:10B7B0000790079B002B08D1029B00930A4B069A27
:10B7C0000849059801F078FA07900698F7F7EAF823
:10B7D000079B184609B05DF804FB00BFB4E60408F7
:10B7E00011B4010870E604085DB7010810B58AB00D
:10B7F0000590049103920293039B1B78042B01D0C4
:10B8000000234FE0002309930CE0039A099B1344A3
:10B8100001331B78303B092B01D9002342E0099BFF
:10B8200001330993039A099B134401331B78002BBE
:10B83000EBD1039B013307A8049A1C4917F073F856
:10B840000890089B002B0BDA059B9C69F4F752FBD0
:10B8500003461B680093164B164A17490598A047E4
:10B86000059BDB69039A0132144905989847079BA9
:10B870001A461049059801F0EBF80890089B002B38
:10B880000BDA059B9C69F4F735FB03461B680093B4
:10B890000B4B084A08490598A047079B1846F7F73D
:10B8A00081F8089B18460AB010BD00BFBCE604082A
:10B8B000CCE60408D8E604086CD70408E0E60408DF
:10B8C000E8E6040800B589B0039002910192019B5B
:10B8D00004331B68184616F049FC0790029B022BA4
:10B8E00022DD019B9B6806930798F6F77EFD0346D1
:10B8F00005930698F6F779FD03460493059A049B91
:10B90000D31A0593059B002B0EDD059B079A134464
:10B910000699184619F02FF80346002B04D1059B11
:10B92000079A134400221A70039BDB69079A0449A3
:10B93000039898470023184609B05DF804FB00BF40
:10B94000F8E6040800B587B0039002910192019BCC
:10B9500004331B68184616F043FC0590039BDB6913
:10B96000059A0449039898470023184607B05DF8E4
:10B9700004FB00BFF8E6040800B589B0039002910B
:10B980000192002306930123079325E0079B9B0068
:10B99000019A13441B6819460398FFF7E9F80590CC
:10B9A000059B002B0AD1039B9B69019A12682549CC
:10B9B000039898474FF0FF3306930AE0019B1B68FA
:10B9C000059A1946039801F043F806900598FFF789
:10B9D00007F9079B01330793079A029B9A4202DA01
:10B9E000069B002BD2D0029B012B25D14020F6F7DD
:10B9F000E9FF03460493039B1B69402204990398C3
:10BA000098470690069B002B10D0069B002B06DA69
:10BA1000F4F770FA03461B68042B09D105E0039B79
:10BA2000DB68069A049903989847E4E700BF00E0B2
:10BA300000BF0498F6F7B6FF069B184609B05DF8FC
:10BA400004FB00BF84D7040830B58BB00590049187
:10BA500003924FF0FF330993049B012B4CDD2C4ADA
:10BA6000039904981AF032F90890089BB3F1FF3F4C
:10BA700042D0089B432B0AD0089B632B44D1039BE5
:10BA80001B68244A1946059800F0E2FF099001213D
:10BA900020480DF0BDF90790079B002B0FDA059B9E
:10BAA0009C69039B1D68F4F725FA03461B68009305
:10BAB000194B2A4619490598A047079B25E0002203
:10BAC00040F20D5107980CF00DFF0990099B002BD7
:10BAD0000DDA059B9C69039B1D68F4F70BFA03467E
:10BAE0001B6800930E4B2A460C490598A0470798FF
:10BAF0000CF06CFD00BF07E0039B1B68054A19466C
:10BB0000059800F0A5FF0990099B18460BB030BDC1
:10BB1000FCE6040800E704080CE704086CD70408F6
:10BB200014E7040800B58BB0039002910192002342
:10BB300007930023069300238DF827304FF0FF333F
:10BB4000089306E0059B722B03D101238DF8273063
:10BB500000BF334A019902981AF0B8F80590059B86
:10BB6000B3F1FF3FEED11AF0CFF803461B689B00FC
:10BB7000019A13441B6819460398FEF7F9FF0790D2
:10BB8000079B002B07D1039B9B69019A12682549EB
:10BB9000039898473EE01AF0B7F803461B68013354
:10BBA0009B00019A13441B6819460398FEF7E0FFB7
:10BBB0000690069B002B07D1039B9B69019A126894
:10BBC00018490398984722E00799069818F0D3FE81
:10BBD0000346002B07D1039B9B69019A1268124907
:10BBE0000398984710E09DF82730002B06D0069A5E
:10BBF00007990398FFF736FB089005E0069A079926
:10BC00000398FFF74BFA08900698FEF7E9FF0798AC
:10BC1000FEF7E6FF089B18460BB05DF804FB00BF7B
:10BC20001CE7040884D704083CD6040830B59FB04C
:10BC300005900491039200231C9300238DF86F302C
:10BC400031E0189B732B19D0189B732B20DC189BA9
:10BC50006C2B09D0189B6C2B1ADC189B522B08D02C
:10BC6000189B682B0FD013E01C9B43F00B031C9315
:10BC700019E01C9B43F004031C9314E01C9B43F04D
:10BC800001031C930FE01C9B43F010031C930AE07C
:10BC9000059B9B69039A12685B49059898470123A5
:10BCA0008DF86F3000BF594A039904981AF00EF8C6
:10BCB0001890189BB3F1FF3FC3D19DF86F30002B54
:10BCC00002D04FF0FF339CE01AF01EF803461B68C9
:10BCD0000133049A9A4209DD059B9B69039A126815
:10BCE0004B49059898474FF0FF338AE01AF00CF85B
:10BCF00003461B68049A9A4204DC0598FEF72AFF63
:10BD00001D9008E01AF000F803461B689B00039A98
:10BD100013441B681D931D990598FEF729FF179082
:10BD2000179B002B09D1059B9B69039A126839491F
:10BD3000059898474FF0FF3363E01798F6F755FBE7
:10BD40000346013B1A9307E01A9B179A13440022FB
:10BD50001A701A9B013B1A931A9B002B05DD1A9B44
:10BD6000179A13441B782F2BEED007AB1946179860
:10BD70000DF0DAFE0346002B11DA059B9C69039B4C
:10BD80001D68F4F7B7F803461B680093224B2A4658
:10BD900022490598A0474FF0FF3319932DE0099BE6
:10BDA00003F47043B3F5804F07D01C9B0022179912
:10BDB0000598FFF72DFB19901FE0059BDB69179A8B
:10BDC0001749059898471C9B0093164B179A1649DC
:10BDD000059800F071FF1990199B002B0DD11C9B49
:10BDE00003F00403002B08D01C9B00930F4B179A01
:10BDF0000D49059800F060FF19901798FEF7F0FEC6
:10BE0000199B18461FB030BD98D6040820E70408D7
:10BE10000CD7040884D7040860E604086CD704082B
:10BE2000B4E6040811B4010870E604085DB701081F
:10BE300010B58CB005900491039200230B9300235E
:10BE40008DF82B304FF0FF33099306E0079B702BE2
:10BE500003D101238DF82B3000BF344A0399049895
:10BE600019F034FF0790079BB3F1FF3FEED119F0B3
:10BE70004BFF03461B68049A9A420CDD19F044FFFD
:10BE800003461B689B00039A13441B6819460598D8
:10BE9000FEF76EFE0B900B9B002B42D09DF82B30D3
:10BEA000002B01D00B9B00E0214B08932F21089819
:10BEB000F6F7FBF90890089B002B02D0089B0022A4
:10BEC0001A7040F2FF110B980CF0B0FD0990099B1D
:10BED000002B19DAF4F70EF803461B68112B06D174
:10BEE0009DF82B3083F00103DBB2002B0CD0059BB7
:10BEF0009C69F3F7FFFF03461B6800930D4B0B9AF9
:10BF00000D490598A04709E0089B002B05D0089B28
:10BF10005A1C08922F221A70C8E700BF0B98FEF730
:10BF20005FFE099B18460CB010BD00BF28E704084F
:10BF30002CE7040868E604086CD7040810B590B034
:10BF400005900491039200238DF83B304FF4007369
:10BF50000D9300230C9357E00B9B732B21D00B9B6D
:10BF6000732B43DC0B9B3A2B35D00B9B6D2B3DD1B8
:10BF700019F0C0FE03461B68184616F0B1FF0C907E
:10BF80000C9B002B02DB0C9BFF2B3ADD059B9B6976
:10BF9000039A126850490598984701238DF83B3061
:10BFA0002FE019F0A7FE03461B68184616F098FF0D
:10BFB0000D900C9B002B03DB0C9BB3F5804F22DD17
:10BFC000059B9B69039A126843490598984701238A
:10BFD0008DF83B3017E0059B9B69039A12683F4937
:10BFE0000598984701238DF83B300DE0059B9B6930
:10BFF000039A12683A490598984701238DF83B3017
:10C0000002E000BF00E000BF364A0399049819F02F
:10C010005DFE0B900B9BB3F1FF3F9DD19DF83B3034
:10C02000002B02D04FF0FF3352E019F06DFE0346B3
:10C030001A68049B013B9A4224D119F065FE03461D
:10C040001B689B00039A13441B68184616F048FFB0
:10C0500003460A930C9BDBB28DF818300A9B0793BA
:10C060000D9B9BB2ADF8203003238DF8223006AB38
:10C0700019464FF6077015F06CFF0990099B002BCD
:10C080001BDA0CE019F040FE03461B68049A9A4242
:10C0900002DD154B0F9312E0104B0F930FE0059B41
:10C0A0009C69039B1A68099B5B4200930F4B1049E4
:10C0B0000598A0474FF0FF330AE0099B08E0059B75
:10C0C000DB69039A12680F99059898474FF0FF3380
:10C0D000184610B010BD00BFB4D6040854D60408EA
:10C0E00098D6040830E704080CD7040838E7040899
:10C0F0006CD7040830B58BB0059004910392039B74
:10C1000004331B6819460598FEF732FD0890089B1A
:10C11000002B09D1059B9B69039A12681D4905985C
:10C1200098474FF0FF3332E0039B08331B681946F2
:10C130000598FEF71DFD0790079B002B0AD1059B74
:10C140009B69039A12681349059898474FF0FF338B
:10C15000099318E0079908980DF084FB0990099B52
:10C16000002B0DDA059B9C69039B1D68F3F7C2FE4B
:10C1700003461B680093084B2A4608490598A047C8
:10C180000798FEF72DFD0898FEF72AFD099B184633
:10C190000BB030BD84D7040850E704086CD70408FE
:10C1A00000B587B001900091009901980DF0D7FC7F
:10C1B0000490049B002B01DA049B6FE0009B9B68BA
:10C1C00003F47043B3F5804F04D001980DF044FFA1
:10C1D000034663E0019815F064FF0390039B002B76
:10C1E00002D14FF0FF3359E00198F6F7FEF80590C1
:10C1F000059B002B3AD0059B013B019A13441B7809
:10C200002F2B33D1059B013B0593019A059B1344CA
:10C2100000221A702AE0029B01332249184618F0C6
:10C22000AAFB0346002B20D0029B01331E4918466F
:10C2300018F0A1FB0346002B17D0019A059BD018DC
:10C24000059BC3F58071029B0133184AF4F745FB47
:10C2500000990198FFF7A4FF0490049B002B05DAD6
:10C26000039815F046FF049B18E000BF039815F0F3
:10C270005CFF0290029B002BCDD1039815F039FF93
:10C280000490049B002B08DB019A059B13440022B9
:10C290001A7001980DF04EFB0490049B184607B0ED
:10C2A0005DF804FB58E604085CE6040858E7040857
:10C2B00030B59BB005900491039200238DF8673050
:10C2C00000238DF866304FF0FF33189329E0179B59
:10C2D000722B09D0179B722B1ADC179B3F2B0BD0AC
:10C2E000179B662B04D013E001238DF8673018E00C
:10C2F00001238DF8663014E0059BDC6919F00FFD11
:10C3000003461B681A4639490598A047189B69E0FF
:10C31000059B9B69039A1268354905989847189BB5
:10C3200060E0344A0399049819F0D0FC1790179BE9
:10C33000B3F1FF3FCBD119F0E7FC03461B68049A29
:10C340009A420FDC9DF86630002B02D00023189330
:10C3500006E0059B9B69039A126825490598984752
:10C36000189B3FE019F0D0FC03461B689B00039A22
:10C3700013441B6819460598FEF7FAFB1690169BA6
:10C38000002B2ED09DF86730002B06D006AB194647
:10C390001698FFF705FF189003E016980DF05CFE65
:10C3A00018909DF86630002B07D0F3F7A3FD0346E5
:10C3B0001B68022B01D100231893189B002B0DDA68
:10C3C000059B9C69039B1D68F3F794FD03461B685E
:10C3D0000093094B2A4609490598A0471698FEF78D
:10C3E000FFFB189B18461BB030BD00BF5CE704087C
:10C3F00054D6040874E7040878E704086CD70408E6
:10C4000030B589B0059004910392039B04331B68F7
:10C4100019460598FEF7ACFB06904FF0FF330793E3
:10C42000069B002B17D006980DF084FA0790079B07
:10C43000002B0DDA059B9C69039B1D68F3F75AFDE1
:10C4400003461B680093064B2A4606490598A047F9
:10C450000698FEF7C5FB079B184609B030BD00BF24
:10C4600080E704086CD7040800B585B003900291FA
:10C470000192019B1968019B04331A6801230398F8
:10C48000FCF744FE0346184605B05DF804FB0000C7
:10C4900030B5CFB04EABA3F5927318604EABA3F599
:10C4A000947319604EABA3F596731A6000234C93F6
:10C4B00000234B934FF0FF334A934FF0FF334993E0
:10C4C0004FF0FF334D934EABA3F596731B680433C7
:10C4D0001A684EABA3F5927311461868FEF748FB35
:10C4E0004C904C9B002B10D14EABA3F592731B6864
:10C4F0009B694EAAA2F59672126812684EA9A1F520
:10C5000092706E4900689847D4E04EABA3F59673DD
:10C510001B6808331A684EABA3F59273114618686E
:10C52000FEF726FB4B904B9B002B10D14EABA3F597
:10C5300092731B689B694EAAA2F5967212681268E4
:10C540004EA9A1F592705D4900689847AFE00121BE
:10C550004C980CF05DFC4A904A9B002B17DA4EABCE
:10C56000A3F592731B689C694EABA3F596731B6889
:10C570001D68F3F7BFFC03461B684EAAA2F5927034
:10C5800000934F4B2A464F490068A0478CE0012199
:10C590004B980CF03DFC4990499B002B17DA4EABB1
:10C5A000A3F592731B689C694EABA3F596731B6849
:10C5B0001D68F3F79FFC03461B684EAAA2F5927014
:10C5C00000933F4B2A463F490068A04769E007AB0C
:10C5D000802219464A980CF0D3FF489027AB80225E
:10C5E000194649980CF0CCFF4790489B002B17DA6E
:10C5F0004EABA3F592731B689C694EABA3F5967383
:10C600001B681D68F3F776FC03461B684EAAA2F56B
:10C61000927000932C4B2A462A490068A0473DE0BF
:10C62000479B002B17DA4EABA3F592731B689C69EE
:10C630004EABA3F596731B681D68F3F75BFC0346CE
:10C640001B684EAAA2F5927000931F4B2A461D4903
:10C650000068A04722E0489A479B9A4208D1489A2E
:10C6600027A907AB184618F03AF90346002B10D05B
:10C670004EABA3F592731B689B694899479A8A420F
:10C68000A8BF0A464EA9A1F59270104900689847C4
:10C6900004E0489B7F2B9ADC00234D9349980BF0D4
:10C6A00095FF4A980BF092FF4B98FEF799FA4C9839
:10C6B000FEF796FA4D9B18464FB030BD54D604088D
:10C6C0000CE704086CD7040840E6040888E704086F
:10C6D00030B59DB0059004910392039B04331B6811
:10C6E0006349184618F047F90346002B09D0059B0B
:10C6F0009B69039A12685F49059898474FF0FF338A
:10C70000B2E0039B08331B6816A900221846F4F711
:10C710008CF91A90169B1B78002B09D0059B9B69FE
:10C72000039A12685349059898474FF0FF339BE0EE
:10C73000039B0C331B6819460598FEF719FA1990EC
:10C74000199B002B09D1059B9B69039A12684A49E2
:10C75000059898474FF0FF3386E006AB19461998C5
:10C760000DF0E2F91B901B9B002B51DAF3F7C2FB93
:10C7700003461B681893189B022B3BD14FF4DB72C6
:10C78000262119980CF044FB1790179B002B11DA07
:10C79000059B9C69039B1D68F3F7ACFB03461B6874
:10C7A0000093364B2A4636490598A0474FF0FF3391
:10C7B0001B9355E000231B931A9B002B16D01A9B4A
:10C7C000194617980EF0B6F81B901B9B002B0DDA3C
:10C7D000059B9C69039B1D68F3F78CFB03461B6854
:10C7E0000093284B2A4626490598A04717980BF036
:10C7F000EDFE35E0059B9C69039B1A68189B00932E
:10C800001E4B1F490598A0474FF0FF331B9327E0AD
:10C81000089B03F47043B3F5004F0AD0059B9B6956
:10C82000039A12681349059898474FF0FF331B93FA
:10C8300016E01A9B1946199819F02EFB1B901B9BAA
:10C84000002B0DDA059B9C69039B1D68F3F752FBD7
:10C8500003461B6800930C4B2A4609490598A047DC
:10C860001998FEF7BDF91B9B18461DB030BD00BFDF
:10C87000A0E7040898D6040884D7040860E60408F2
:10C880006CD70408A4E70408B0E7040810B588B022
:10C89000059004910392039B04331B68002B33D053
:10C8A00000230693039B04331B681B78303B092B42
:10C8B0000ED9059B9C69F3F71DFB03461B6800938B
:10C8C000174B184A18490598A0474FF0FF3324E04A
:10C8D000039B04331B6806A8144A154916F023F875
:10C8E0000790079B002B01DA079B16E0039B1B6850
:10C8F000069A1946059800F0ABF80790069B184673
:10C90000F6F750F8079B08E000230093094B074A0D
:10C910000449059800F0D0F90346184608B010BD48
:10C92000BCE70408D8E604086CD70408CCE7040880
:10C93000BCE60408EDB7010830B58BB00590049152
:10C9400003920293029B0993099BDA68099B9B68F7
:10C950009A4202D16FF0060374E04FF4807015F034
:10C9600095FC0890089B002B05D1F3F7C3FA03460A
:10C970001B685B4266E0039B01330093049B334AD0
:10C980004FF480710898F3F7A8FF40F2014108982E
:10C990000CF03EFA0790079B002B04DA089815F07C
:10C9A000CDFC00234EE0FF22089907980CF0E8FD2B
:10C9B000069007980BF00AFE069B002B08DA0898F1
:10C9C00015F0BCFCF3F796FA03461B685B4239E0AE
:10C9D000069B089A134400221A70099B1B6818468C
:10C9E000F5F703FD03460693099B1B68069A194653
:10C9F000089818F09AF80346002B1FD1069B089A56
:10CA000013441B781846F5F72BFE0346002B05D17F
:10CA1000069B089A13441B78002B0FD1039B5D1CC7
:10CA2000099B5A68099BDB68581C0999C8609B00E0
:10CA3000D418284616F054FA03462360089815F0D7
:10CA40007DFC002318460BB030BD00BFD4E70408BE
:10CA500010B58EB005900491039200230D9340F21F
:10CA6000014103980CF0D4F90B900B9B002B1DDABD
:10CA700005225149039818F058F80346002B06D1B7
:10CA8000059B9C69039B049A4C490598A047059B0C
:10CA90009C69F3F72FFA03461B680093484B049AEE
:10CAA00048490598A0474FF0FF3382E04FF40070EB
:10CAB000F5F788FF03460A930A9B002B11D10B98C8
:10CAC0000BF084FD059B9C69F3F714FA03461B6881
:10CAD00000933D4B049A3B490598A0474FF0FF3324
:10CAE00067E04FF400720A990B980CF049FD099029
:10CAF000099B002B1BDAF3F7FDF903461B6806932D
:10CB0000069B042B06D1059B9B69049A2F49059827
:10CB1000984708E0059B9C69069B00932C4B049A60
:10CB200028490598A0474FF0FF330D933AE0099B41
:10CB3000002B36DD00230C932EE0059BDB680C9A5E
:10CB40000A99881809990C9A8A1A014605989847F3
:10CB50000890089B002B1BDAF3F7CCF903461B68FF
:10CB60000793079B042B06D1059B9B69049A1749E1
:10CB70000598984708E0059B9C69079B0093154B17
:10CB8000049A10490598A0474FF0FF330D9307E032
:10CB90000C9A089B13440C930C9A099B9A42CCDB89
:10CBA0009FE700BF0B980BF011FD0A98F5F7FAFE0E
:10CBB0000D9B18460EB010BDE4E70408ECE704082E
:10CBC00020E804086CD7040828E80408B8D704084B
:10CBD00030E8040838E8040810B58EB005900491D8
:10CBE0000392029340F2014103980CF011F909906D
:10CBF000099B002B0EDA059B9C69F3F77BF9034632
:10CC00001B680093294B049A29490598A0474FF0C7
:10CC1000FF3348E000230B93029B00221A70029B13
:10CC20000D93109B013B0C934FF0FF330A930C9A2A
:10CC30000D9909980CF0A4FC0890089B002B14DABD
:10CC4000F3F758F903461B680793079B042B23D07F
:10CC5000059B9C69F3F74EF903461B680093154B3F
:10CC6000049A13490598A04719E0089B002B02D1AC
:10CC700000230A9313E00B9A089B13440B930B9B1E
:10CC8000029A134400221A70089B0D9A13440D93C4
:10CC9000089B0C9AD31A0C93109B002BC7D10998B0
:10CCA0000BF094FC0A9B18460EB010BD20E8040857
:10CCB0006CD7040830E8040810B58AB005900491D8
:10CCC0000392029300230993039815F0EAF9089060
:10CCD000089B002B1DD105221C49039817F025FF46
:10CCE0000346002B06D1059B9C69039B049A1849B7
:10CCF0000598A047059B9C69F3F7FCF803461B6861
:10CD00000093144B049A14490598A0474FF0FF3341
:10CD100018E0089815F009FA0790079B002B0CD033
:10CD2000029C0C9B079A03990598A0470346002B89
:10CD3000EFDA4FF0FF33099300E000BF089815F0D9
:10CD4000D8F9099B18460AB010BD00BFE4E70408F3
:10CD5000ECE7040840E804086CD7040800B585B087
:10CD600001900198F5F741FB0346013B039307E06F
:10CD7000039B019A134400221A70039B013B039307
:10CD8000039B002B05DD039B019A13441B782F2B7B
:10CD9000EED000BF05B05DF804FB00B585B0019092
:10CDA000019B039302E0039B01330393039B1B78D6
:10CDB000002B07D0039B1B781846F5F751FC034660
:10CDC000002BF0D10398F5F710FB0346013B0293CB
:10CDD00007E0029B039A134400221A70029B013B56
:10CDE0000293029B002B09DB029B039A13441B78DE
:10CDF0001846F5F735FC0346002BEAD1039B18468D
:10CE000005B05DF804FB000000B587B00590049103
:10CE100003921449049817F0AEFD0346002B09D184
:10CE2000059B03F13000039B0F4A4FF40071F3F7A9
:10CE300054FD0AE0059B03F13000039B0093049B23
:10CE40000A4A4FF40071F3F748FD059B3033012285
:10CE50000021184616F0BCF80346184607B05DF8E6
:10CE600004FB00BF48E804084CE8040850E8040844
:10CE700000B58BB00590049103920293049B069336
:10CE8000039B0793029B089300230993049B002BA9
:10CE900002D0039B002B02D16FF0150308E006AB14
:10CEA0000093054B054A06490598FFF705FF099BC6
:10CEB00018460BB05DF804FB39C90108E4E7040823
:10CEC00058E8040800B585B0039002910192019BD7
:10CED0001B68054A19460398FFF7BAFD0346184632
:10CEE00005B05DF804FB00BF60E8040800B585B03C
:10CEF000039002910192029B012B12DD019B0433EE
:10CF00001B680E49184617F036FD0346002B08D162
:10CF1000019B1B680A4A19460398FFF799FD0346CF
:10CF200007E0019B1B68074A19460398FFF790FD2D
:10CF30000346184605B05DF804FB00BF98E80408F6
:10CF40009CE80408ACE8040830B591B00590049161
:10CF5000039200230C9300230B9300238DF82B30B6
:10CF6000049B012B37DC039B1B68744A1946059808
:10CF7000FFF76EFD0346DEE0089B742B09D0089B8B
:10CF8000742B1DDC089B3A2B0FD0089B6F2B06D00F
:10CF900016E018F0AFFE03461B680C931BE018F078
:10CFA000A9FE03461B680B9315E0059B9B69039A3A
:10CFB000126863490598984701238DF82B300AE0E1
:10CFC000059B9B69039A12685E490598984701235F
:10CFD0008DF82B3000BF5C4A0399049818F076FE58
:10CFE0000890089BB3F1FF3FC6D19DF82B30002B72
:10CFF00002D04FF0FF339EE018F086FE03461B6818
:10D00000049A9A4209DC059B9B69039A12684C4971
:10D01000059898474FF0FF338DE000230F9318F0E9
:10D0200073FE03461B689B00039A13441B680D9311
:10D0300018F06AFE03461A6801321A6018F064FE9E
:10D0400003461B68049A9A4221DD0D9B0F9318F04A
:10D050005BFE03461B689B00039A13441B680D93F9
:10D0600018F052FE03461A6801321A6018F04CFE9E
:10D0700003461B68049A9A4209DD059B9B69039A43
:10D0800012683249059898474FF0FF3353E00C9BE4
:10D09000002B09D1059B9B69039A126828490598C2
:10D0A00098474FF0FF3346E000230E930023079389
:10D0B0000F9B002B0AD00F990598FDF759FD0E9094
:10D0C0000E9B002B02D14FF0FF3334E00D990598F1
:10D0D000FDF74EFD0790079B002B03D14FF0FF3368
:10D0E00009931BE00B9B009300230C9A07990E9861
:10D0F0000DF0AEFE0990099B002B0EDA059B9C6992
:10D10000039B1D68F2F7F6FE03461B680093104B65
:10D110002A4610490598A04700E000BF0E9B002B4F
:10D1200002D00E98FDF75CFD079B002B02D00798FC
:10D13000FDF756FD099B184611B030BDBCE8040848
:10D1400054D6040898D60408CCE804080CD7040880
:10D15000D4E804086CD7040830B589B00590049170
:10D160000392039B04331B6819460598FDF700FDE5
:10D1700006904FF0FF330793069B002B18D0002139
:10D1800006980DF03AFF0790079B002B0DDA059BE0
:10D190009C69039B1D68F2F7ADFE03461B68009374
:10D1A000054B2A4605490598A0470698FDF718FD46
:10D1B000079B184609B030BDDCE804086CD70408AA
:10D1C00000B583B00190044A04490198FFF740FC80
:10D1D00000BF03B05DF804FBE4E80408F4E80408C9
:10D1E00000B58FB00190009103A8009B074A2C2145
:10D1F000F3F773FB03AB1A4605490198FFF728FCC8
:10D20000002318460FB05DF804FB00BF00E90408D6
:10D21000F4E8040810B58AB0059004910392002345
:10D220000993234814F03DFF0890089B002B2ED152
:10D23000049B9C691F4B039A1F490498A047049BB9
:10D240009C69F2F757FE03461B6800931B4B039A39
:10D250001B490498A0474FF0FF3325E0079B1B783C
:10D26000082B14D1079B01330DF11B021146184600
:10D2700002F0DEFD0346002B09DB079B5A1C059BD1
:10D280001146049898470990099B002B07D10898EC
:10D2900014F04BFF0790079B002BDFD100E000BF8D
:10D2A000089814F026FF099B18460AB010BD00BF6D
:10D2B00018E9040824E904082CE9040864E90408CE
:10D2C0006CD7040800B583B00190009100990198D3
:10D2D00002F0D0FC0346002B14BF01230023DBB275
:10D2E00083F00103DBB203F00103DBB2184603B0A5
:10D2F0005DF804FB00B583B001900091009901989E
:10D3000002F01EFE00BF03B05DF804FB10B586B04E
:10D3100003900291019200230593029B022B0BD0F4
:10D32000039BDB69104903989847104A03991048FA
:10D33000FFF770FF034613E0019B5B6805930598B8
:10D34000F9F756FA0490039BDC69049B002B01D18A
:10D35000084B00E0084B059A08490398A047049B36
:10D36000184606B010BD00BF6CE9040884E9040843
:10D37000E1D101088CE9040890E9040898E904085F
:10D3800010B586B003900291019200230593029B91
:10D39000022B0BD0039BDB69104903989847104A76
:10D3A00003991048FFF736FF034613E0019B5B68C3
:10D3B00005930598F9F750FA0490039BDC69049BE8
:10D3C000002B01D1084B00E0084B059A084903984F
:10D3D000A047049B184606B010BD00BF6CE90408C6
:10D3E000A8E90408E1D101088CE9040890E90408DF
:10D3F000B0E9040800B595B00390029101920023B2
:10D400000893002307930023129300231193002312
:10D41000109300230C9300230F9301238DF83B30CE
:10D4200000238DF83A3000230D93029B022B1CDC65
:10D43000029B022B08D1019B04331B6819460398F9
:10D44000FFF7CEFE034686E1984A03999848FFF716
:10D45000E1FE0A900A9B002B02DA4FF0FF337AE1DB
:10D460000398FFF7ADFE002375E1029B022B40F30A
:10D47000D18001231393C8E0139B012B09D1139B87
:10D480009B00019A13441B68079300238DF83B30DF
:10D49000B8E0139B9B00019A13441B680C938549C9
:10D4A0000C9817F068FA0346002B0DD082490C98AF
:10D4B00017F061FA0346002B06D080490C9817F04C
:10D4C0005AFA0346002B13D1139B0133029A9A4256
:10D4D0000ADD139B01339B00019A13441B681193CF
:10D4E000139B013313938DE001238DF83A3089E0CB
:10D4F00073490C9817F03FFA0346002B13D1139B86
:10D500000133029A9A420ADD139B01339B00019A70
:10D5100013441B681093139B0133139372E0012390
:10D520008DF83A306EE067490C9817F024FA0346FC
:10D53000002B67D064490C9817F01DFA0346002BA6
:10D5400003D101238DF83A305CE060490C9817F064
:10D5500012FA0346002B1BD1139B0133029A9A4205
:10D5600012DD139B01339B00019A13441B680F9338
:10D57000139B0133139305AB19460F98FFF7A2FED7
:10D5800003468DF83A303DE001238DF83A3039E01A
:10D590004F490C9817F0EFF90346002B31D04D4955
:10D5A0000C9817F0E8F90346002B1DD1139B0133AB
:10D5B000029A9A4214DD139B01339B00019A134493
:10D5C0001B68184615F08CFC0D90139B01331393C8
:10D5D0000D9BB3F5A06F15DA4FF4A0630D9311E026
:10D5E00001238DF83A300DE0129B002B05D1139BDF
:10D5F000042B02DC0C9B129304E001238DF83A30DB
:10D6000000E000BF139B01331393139A029B9A42CD
:10D61000FFF632AF9DF83B30002B09D0039B9B698E
:10D62000019A12682C49039898474FF0FF3392E013
:10D630009DF83A30002B09D0039B9B69019A126830
:10D640002649039898474FF0FF3384E00F9B002B47
:10D6500005D0079B05AA11461846FFF74BFE0D9B08
:10D66000002B06D0079B0D99184602F0A1FC002361
:10D6700071E0129B002B07D0129814F095FF03461F
:10D680000993099B089301E000230993079B09AACA
:10D6900011461846F9F710F9109B002B20D010986E
:10D6A00014F082FF034609931FE000BFF4E804086A
:10D6B000E1D10108C0E90408C4E90408C8E9040884
:10D6C000D0E90408D8E90408E0E90408E8E9040816
:10D6D000ECE90408F0E9040854D6040898D60408D4
:10D6E0001F4814F061FF03460993099B0B93079BA6
:10D6F00009AA11461846F9F71BF9119B002B07D010
:10D70000119814F051FF03460993099B08931BE0FD
:10D71000089B002B16D0089B184614F03EFF0346CA
:10D7200008930B9814F039FF0246089B13400893A6
:10D73000089B43F001030893089B184614F026FF4A
:10D7400003460893089B0993079B09AA11461846AC
:10D75000F9F712F80023184615B05DF804FB00BF76
:10D76000F4E9040830B597B00590049103920023C2
:10D770008DF857300023149300238DF84F300DABF4
:10D78000102200211846F4F7C9FC43E0119B613BCD
:10D79000122B3BD801A252F823F000BFE9D70108B1
:10D7A0000DD801080DD80108F1D701080DD80108DE
:10D7B0000DD801080DD801080DD8010801D80108BD
:10D7C0000DD801080DD801080DD801080DD80108A1
:10D7D0000DD801080DD801080DD801080DD8010891
:10D7E0000DD80108F9D7010801238DF8573011E051
:10D7F00002238DF857300DE003238DF8573009E0F0
:10D8000018F078FA03461B68149303E001238DF89F
:10D810004F3000BF7F4A0399049818F057FA1190CF
:10D82000119BB3F1FF3FB1D19DF84F30002B40F079
:10D83000DF809DF85730012B33D118F065FA03468D
:10D840001B68049AD31A002B40F3C3800223ADF85F
:10D8500034300023ADF8363018F056FA03461B6812
:10D860009B00039A13441B68184614F09DFE034660
:10D870000E930BA90DAB149A184602F089FA129078
:10D88000129B002B76DB059BDC6906AA0BAB1146CD
:10D89000184614F0F1FE03461A465F490598A04762
:10D8A00066E09DF85730022B25D118F02DFA03467B
:10D8B0001B68049AD31A002B40F38D800223ADF825
:10D8C00034300023ADF8363018F01EFA03461B68DA
:10D8D0009B00039A13441B68184614F065FE034628
:10D8E0000E930DAB1499184602F07AF91290129B20
:10D8F000002B3DDA41E09DF85730032B7AD118F028
:10D9000003FA03461B68049AD31A012B65DD18F04D
:10D91000FBF903461B6801339B00039A13441B6801
:10D920000BAA1146184602F0A5F9034683F001033D
:10D93000DBB2002B60D10223ADF834300023ADF808
:10D94000363018F0E1F903461B689B00039A134434
:10D950001B68184614F028FE03460E930BA90DAB66
:10D96000149A184602F09CFA1290129B002B03DBCB
:10D9700000234BE000BF00E000BF129B13F1020F39
:10D9800003D0129B13F1650F12D1059B9C69039B79
:10D990001D6818F0B9F903461B689B00039A1344ED
:10D9A0001B6800931D4B2A461D490598A0470DE0B2
:10D9B000059B9C69039B1D68F2F79CFA03461B6854
:10D9C0000093184B2A4618490598A0474FF0FF339B
:10D9D0001CE000BF02E000BF00E000BF059B9B69A8
:10D9E000039A12681149059898474FF0FF330DE0EC
:10D9F00000BF02E000BF00E000BF059B9B69039AE7
:10DA000012680B49059898474FF0FF33184617B036
:10DA100030BD00BF04EA04080CEA040818EA040850
:10DA2000F0D6040824EA04086CD7040854D6040885
:10DA300098D6040810B58CB0059004910392012388
:10DA40000B9391E00B9B9B00039A13441B680A9372
:10DA50000A9B1B785C2B76D10A9B01330A930A9BA5
:10DA60001B788DF827309DF827306E3B0A2B75D830
:10DA700001A252F823F000BF23DB01085DDB01089F
:10DA80005DDB01085DDB01082FDB01085DDB0108C0
:10DA90003BDB01085DDB01085DDB01085DDB0108A4
:10DAA000A5DA01080A9B01330A93102200210A9883
:10DAB000F2F7BBFF08900A210A98F4F77BFB0346B4
:10DAC0000793079B062B13DD059BDC69089BD9B2E6
:10DAD000089B1B0AD8B2089B1B0CDBB2089A120EDB
:10DAE0000192009303460A4624490598A04737E06F
:10DAF000079B022B0ADD059BDC69089BDAB2089BB9
:10DB00001B0ADBB21E490598A04729E0079B002BA2
:10DB100026DD059BDB69089AD2B21A490598984719
:10DB20001EE0059BDB6918490598984719E0059B9D
:10DB3000DB6916490598984713E0059BDB69144992
:10DB4000059898470DE0059BDB690B9A92000399B5
:10DB50000A4412680F490598984702E000BF00E0A8
:10DB600000BF0B9B01330B930B9A049B9A42FFF669
:10DB700069AF002318460CB010BD00BF2CEA0408A2
:10DB800038EA040840EA040844EA040848EA0408B9
:10DB90004CEA040850EA040800B585B001900091F1
:10DBA00005224D49019816F0C0FF0346002B08D10D
:10DBB000019B0C331846FFF7F0F80246009B1A60F1
:10DBC00086E006224549019816F0AFFF0346002B78
:10DBD00008D1019B0C331846FFF7DFF80246009B83
:10DBE0005A6075E006223E49019816F09EFF0346F2
:10DBF000002B1DD1019B0C331846FFF7CEF80246CF
:10DC0000009B9A60009B9B682C211846F4F74DFB03
:10DC10000290029B002B5BD0029B5A1C02920022B6
:10DC20001A700298FFF7B9F80246009BDA604FE0DD
:10DC300006222C49019816F078FF0346002B08D1E4
:10DC4000019B0C331846FFF7A8F80246009B1A61A7
:10DC50003EE009222449019816F067FF0346002B95
:10DC600015D1019B0C331846FFF797F80390009BE2
:10DC7000039A5A6102E0039B01330393039B1B78D1
:10DC8000303B092BF7D9039B00221A7020E00A22AF
:10DC90001649019816F049FF0346002B08D1019B55
:10DCA00012331846FFF779F80246009B9A610FE09D
:10DCB00008220F49019816F038FF0346002B07D1C0
:10DCC000019B0C331846FFF768F80246009BDA61A7
:10DCD00000BF05B05DF804FB54EA04085CEA0408E0
:10DCE00064EA04086CEA040874EA040880EA040898
:10DCF0008CEA040800B583B001900091072209491D
:10DD0000019816F012FF0346002B07D1019B0C333C
:10DD1000184615F0E5F80246009B9A6200BF03B072
:10DD20005DF804FB98EA040884B00190019B1B781D
:10DD3000042B01D001231AE0002303930CE0019A85
:10DD4000039B134401331B78303B092B01D901237A
:10DD50000DE0039B01330393039B1F2B06DC019A09
:10DD6000039B134401331B78002BE8D10023184692
:10DD700004B0704710B588B00590049103920293E7
:10DD800000230693029B5A1C06A8049B009313468B
:10DD9000039A234914F0C7FD0790079B002B02DB71
:10DDA000069B002B13D1059B9C69F2F7A3F8034651
:10DDB0001B6800931B4B1C4A1C490598A0470A9BF3
:10DDC0001A6B0A9B9B6B134400221A7024E006997D
:10DDD0000A9B1A6B0A9B9B6BD0180A9B5A6B0A9B77
:10DDE0009B6BD31A009303460A460F490598FEF72A
:10DDF000F3FE0790079B002B0ADB0A9B1A6B0A9B1A
:10DE00009B6B13441846F4F7F0FA0346013307936B
:10DE1000069B1846F4F7C6FD079B184608B010BDD0
:10DE2000ACEA0408B8EA0408C4EA04086CD7040899
:10DE300000B58BB00590049103928DF80B300C9BCC
:10DE40007E4A1A600C9B7D4A5A600C9B7B4A9A6002
:10DE50000C9B7A4ADA600C9B784A1A610C9B774AD1
:10DE60005A610C9B754A9A610C9B744ADA610C9B4F
:10DE7000724A1A62039B0133184615F031F80246C4
:10DE80000C9B5A620C9B4FF0FF329A620C9B0093E2
:10DE9000039B049A6A490598FFF76CFF0890089B5A
:10DEA000002B2FDB0C9B1A6B0C9B9B6B1344099371
:10DEB0000C9B9A6B089B1A440C9B9A63099B0793D3
:10DEC000099B0133099302E0099B01330993099BE4
:10DED0001B780A2B03D0099B1B78002BF4D1099BDC
:10DEE0001B780A2B05D1099B5A1C099200221A7033
:10DEF00001E0002309930C990798FFF74DFE099B59
:10DF0000002BDBD10C9B0093039B049A4D49059891
:10DF1000FFF730FF0890089B002B29DB0C9B1A6B46
:10DF20000C9B9B6B13440993099B0793099B01333B
:10DF3000099302E0099B01330993099B1B780A2B83
:10DF400003D0099B1B78002BF4D1099B1B780A2B6B
:10DF500005D1099B5A1C099200221A7001E0002386
:10DF600009930C990798FFF7C5FE099B002BDBD19D
:10DF70000C9B0093039B049A33490598FFF7FAFE24
:10DF80000890089B002B37DB0C9B1A6B0C9B9B6B40
:10DF900013440993099B0793099B0133099302E0FA
:10DFA000099B01330993099B1B780A2B03D0099B1A
:10DFB0001B78002BF4D1099B1B780A2B05D1099BF8
:10DFC0005A1C099200221A7001E0002309930A22C8
:10DFD0001E49079816F0A9FD0346002B09D1079B9F
:10DFE0000C33002200211846F2F71FFD02460C9B5D
:10DFF000DA62099B002BCDD10C9B0093039B049A02
:10E0000013490598FFF7B6FE0890089B002B10DB1C
:10E010000C9B1A6B0C9B9B6B13441846FEF7BDFEC2
:10E0200002460C9B1A620C9B9A6B089B1A440C9B31
:10E030009A63089B18460BB05DF804FBC8EA040815
:10E04000CCEA0408D4EA0408E4EA0408A0EA0408D4
:10E05000ECEA040810B58CB00B900B468DF82B3011
:10E060000B9BDC690D4B09930D4B08930D4B0793EC
:10E070000D4B06930D4B05930D4B04930D4B0393E2
:10E080000D4B02930D4B01930D4B00930D4B0E4A1C
:10E090000E490B98A04700BF0CB010BD38EB040828
:10E0A00040EB040848EB040850EB040858EB040864
:10E0B00060EB040864EB04086CEB040874EB0408E0
:10E0C00078EB0408F4EA0408FCEA040800EB04080E
:10E0D000F0B593B011900B460F928DF84330119B21
:10E0E000DC690F9B5B6A0A930F9B996A0B910F9BEC
:10E0F0005B680F9A52690F9989690F9800680C90B4
:10E100000F9D2D690F9EB6680F9FFF680F98C0691D
:10E110000D900F98C06A0E900F98006A09900E98A3
:10E1200008900D9807900697059604950C98039013
:10E130000291019200930B9B0A9A03491198A04700
:10E1400000BF13B0F0BD00BF80EB040800B599B06C
:10E150000590049103920293029B1B788DF85F3027
:10E160000398FFF7E1FD0346002B01D0002323E0D5
:10E1700007AB3C2200211846F3F7D0FF059B303354
:10E1800013934FF4007314939DF85F2007AB009333
:10E190001346039A04990598FFF74AFE1690169BBA
:10E1A000002B01DA169B07E007AA9DF85F3019469D
:10E1B0000598FFF78DFF169B184619B05DF804FB14
:10E1C00000B587B0039002910192019B04331B6854
:10E1D00004A900221846F2F7B9FB03460593059BF4
:10E1E000002B09D0019B04331A68049B9A4203D088
:10E1F000049B1B78002B09D0039B9B69019A126832
:10E200000949039898474FF0FF3308E0039BDB6907
:10E21000059A064903989847059B98470346184670
:10E2200007B05DF804FB00BF98D60408B8EB0408FB
:10E2300000B591B005900491039200238DF83B3016
:10E240009DF83B3019460598FFF704FF9DF83B30D9
:10E250001A46049B9B1A012B2BDD01230F9322E00E
:10E260000F9B9B00039A13441B681B78303B092BC0
:10E2700015D804238DF818300F9B9B00039A134484
:10E280001A6806AB01331146184616F013FC0DF15F
:10E290003B0306AA0E490598FFF758FF00E000BFB0
:10E2A0000F9B01330F930F9A049B9A42D8DB0023F4
:10E2B00009E00DF13B030093064B054A064905981A
:10E2C000FEF7FAFC0346184611B05DF804FB00BFE8
:10E2D000C4EB04084DE10108C4EA040810B592B08B
:10E2E000059004910392049A6FF0404313449B00FD
:10E2F000039A13441B68109307AA082310990598E2
:10E30000FEF7B6FD0F900F9B002B0CDC059B9C6964
:10E31000039B1A68109B0093124B13490598A04762
:10E320004FF0FF331BE0002311930EE0059BDC69E7
:10E33000119B9B0048336B4453F82C3C1A460B4905
:10E340000598A047119B01331193119A0F9B9A4294
:10E35000ECDB059BDB6906490598984700231846C6
:10E3600012B010BDCCEB0408F0D60408D4EB0408BE
:10E37000D8EB040830B58BB0059004910392049B50
:10E38000032B24D1039B5B680993099B1B782D2BDE
:10E3900066D1099B01331B782F2B61D9099B01336F
:10E3A0001B78392B5CD8099B013306A9002218463B
:10E3B000F2F7CCFA0890039B9B680993099B1B78A2
:10E3C0002F2B4FD9099B1B78392B10D94AE0049B7E
:10E3D000022B49D10F230893039B5B680993099B88
:10E3E0001B782F2B42D9099B1B78392B3ED806ABC3
:10E3F000002219460998F2F7A9FA07900899079898
:10E4000012F093F80346002B01D1002338E0F1F716
:10E4100071FD03461B68032B02D0162B0FD126E09B
:10E42000059B9C69039B1A68039B08331B68009338
:10E43000154B16490598A0474FF0FF3320E0059B88
:10E440009C69039B1D68F1F755FD03461B6800930B
:10E450000F4B2A460F490598A0474FF0FF330FE0B6
:10E4600000BF04E000BF02E000BF00E000BF059B6A
:10E470009B69039A12680849059898474FF0FF3343
:10E4800018460BB030BD00BFCCEB0408F0D6040832
:10E49000DCEB04086CD7040898D6040830B595B0B6
:10E4A000059004910392049B032B1AD1039B5B6894
:10E4B0001093109B1B782D2B74D1109B01331B786C
:10E4C0002F2B6FD9109B01331B78392B6AD8109BE7
:10E4D0000133184614F004FD1290039B9B681393BC
:10E4E00007E0049B022B5FD10F231293039B5B6811
:10E4F000139307AA082313990598FEF7B9FC0F9008
:10E500000F9B002B0CDC059B9C69039B1A68139BDB
:10E5100000932C4B2C490598A0474FF0FF334DE05A
:10E520000023119338E0119B9B0050336B4453F848
:10E53000343C1299184611F0F8FF0346002B28D0FE
:10E54000F1F7D8FC03461B68032B02D0162B0FD122
:10E550002BE0059B9C69039B1A68039B08331B688F
:10E560000093184B18490598A0474FF0FF3325E05A
:10E57000059B9C69039B1D68F1F7BCFC03461B6867
:10E580000093124B2A4612490598A0474FF0FF33DB
:10E5900014E0119B01331193119A0F9B9A42C2DB35
:10E5A00000230BE000BF00E000BF059B9B69039ABE
:10E5B00012680849059898474FF0FF33184615B080
:10E5C00030BD00BFCCEB0408F0D60408DCEB040837
:10E5D0006CD7040898D6040800B587B00390029160
:10E5E0000192019B04331B6804A900221846F2F72C
:10E5F000ADF90590059B002B09D0019B04331A68E7
:10E60000049B9A4203D0049B1B78002B09D0039BE8
:10E610009B69019A12680749039898474FF0FF33A6
:10E6200004E0059B184617F085FB0023184607B049
:10E630005DF804FB98D6040800B587B003900291FA
:10E640000192019B04331B6804A900221846F2F7CB
:10E650007DF90590059B002B09D0019B04331A68B6
:10E66000049B9A4203D0049B1B78002B09D0039B88
:10E670009B69019A12680749039898474FF0FF3346
:10E6800004E0059B184617F081FB0023184607B0ED
:10E690005DF804FB98D60408F0B59FB0079006918A
:10E6A000059200231C9300238DF8773000238DF80A
:10E6B0007630069B012B1ADC01238DF87630002082
:10E6C00016F0DAFF0346179317AB184617F06EF9EA
:10E6D0001B90079BDC691B9B9A681B9B59681B9BC3
:10E6E0001B6800930B4687490798A04777E0059B76
:10E6F00004331B688449184616F03DF90346002B85
:10E7000003D101238DF8773069E0059B04331B6842
:10E710007E49184616F02FF90346002B2CD109AB81
:10E72000184610F09BFF17AB184616F0A5FF179A76
:10E73000099BD31A179317AB184617F037F91B909C
:10E74000079BDC691B9B5B6903F26C751B9B1B6958
:10E750005E1C1B9BDB681B9A92681B9949681B987F
:10E760000068039002910192009333462A4668495B
:10E770000798A0470023C1E0059B04331B68654947
:10E78000184616F0F8F80346002B07D0079BDB6904
:10E79000059A04321268604907989847079BDB691D
:10E7A0005E4907989847079BDB695D49079898473A
:10E7B000079BDB695B4907989847079BDB695A49C8
:10E7C00007989847079BDB69584907989847079B24
:10E7D000DB695749079898474FF0FF338EE009AB44
:10E7E000184610F03BFF099B1C931C9B514AA2FB4F
:10E7F00003231B0C1A931A9B4F4A02FB03F31C9A28
:10E80000D31A1C931C9B4D4AA2FB0323DB0A1993CA
:10E81000199B4FF4616202FB03F31C9AD31A1C93F9
:10E820001C9B474AA2FB03235B091893079BDB69E8
:10E830004449079898471A9B002B0BD0079BDC692B
:10E840001A9B012B01D9404B00E0404B1A9A4049DA
:10E850000798A0479DF87730002B1BD0199B002B01
:10E860000BD0079BDC69199B012B01D9364B00E0CB
:10E87000364B199A37490798A047079BDC69189BC4
:10E88000012B01D9304B00E0304B189A32490798E0
:10E89000A04706E0079BDC69189B199A2F49079847
:10E8A000A0479DF87630002B22D0079BDC690A9B9D
:10E8B0001D0C0A9B9BB2642202FB03F31E0C0B9BF4
:10E8C0001B0C0B9A92B2642101FB02F2120C0C9900
:10E8D000090C0C9880B2642707FB00F0000C039031
:10E8E00002910192009333462A461D490798A0479A
:10E8F000079BDB691B4907989847002318461FB000
:10E90000F0BD00BFE4EB0408F4EB0408F8EB0408E6
:10E91000FCEB04081CEC040820EC040840EC0408A0
:10E9200048EC04085CEC040868EC04088CEC04086F
:10E93000ACEC040807452EC280510100C5B3A2917A
:10E9400089888888C4EC0408C8EC0408C8EA04086C
:10E95000CCEC0408D8EC0408E8EC0408F8EC040853
:10E9600004ED0408D8EB040830B5DFB05EABA3F5C6
:10E97000B27318605EABA3F5B47319605EABA3F518
:10E98000B6731A6000235C9300238DF86F3171E039
:10E99000599B613B152B58D801A252F823F000BFB8
:10E9A000F9E901084BEA01084BEA01084BEA0108C2
:10E9B0004BEA01084BEA01084BEA01084BEA01085F
:10E9C00041EA01084BEA01084BEA01084BEA010859
:10E9D00027EA010809EA0108FFE9010831EA01080C
:10E9E0004BEA010813EA0108FFE901084BEA0108B4
:10E9F0004BEA01081DEA01083F235C933AE05C9B67
:10EA000043F001035C9335E05C9B43F002035C93AD
:10EA100030E05C9B43F004035C932BE05C9B43F091
:10EA200008035C9326E05C9B43F010035C9321E0B9
:10EA30005C9B3F2B1DD05C9B43F040035C9318E034
:10EA40005C9B43F020035C9314E05EABA3F5B273D0
:10EA50001B689B695EAAA2F5B672126812685EA96D
:10EA6000A1F5B2706C490068984701238DF86F31A9
:10EA700000E000BF5EABA3F5B6715EABA3F5B47367
:10EA8000664A0968186817F021F95990599BB3F143
:10EA9000FF3F7FF47DAF9DF86F31002B02D04FF028
:10EAA000FF33B6E05C9B002B01D101235C932CABC0
:10EAB0001846F1F7FDFA5890589B002B19DA5EAB17
:10EAC000A3F5B2731B689C695EABA3F5B6731B68B4
:10EAD0001D68F1F70FFA03461B685EAAA2F5B27033
:10EAE00000934F4B2A464F490068A0474FF0FF3331
:10EAF0008FE001238DF86E3107A951AB92221846A1
:10EB0000F2F7DEF800235A936BE001225A9B02FAD7
:10EB100003F357935C9A579B1340002B5ED0579B8F
:10EB2000DB435C9A13405C935A9B062B29D801A2C5
:10EB300052F823F051EB010857EB01085FEB010895
:10EB400067EB01086FEB010877EB01087DEB01082B
:10EB50002CAB5D9328E02CAB15335D9324E02CABFC
:10EB600035335D9320E02CAB4A335D931CE02CAB36
:10EB70007D335D9318E02C4B5D9315E02B4B5D933B
:10EB800012E05EABA3F5B2731B689B695EAAA2F5A7
:10EB9000B672126812685EA9A1F5B2701E490068CB
:10EBA00098474FF0FF3334E09DF86E3183F0010356
:10EBB000DBB2002B05D051AB5B6851AA2021104677
:10EBC000984751AB9C685D98F3F70FFC024651AB38
:10EBD0005D991846A04700238DF86E315A9B01338A
:10EBE0005A935C9B002B90D151AB5B6851AA0A21D0
:10EBF000104698475EABA3F5B2731B68DB68559966
:10EC0000519A14465EAAA2F5B2702246006898474F
:10EC1000002318465FB030BD98D604083CED0408C8
:10EC200048ED04086CD7040850ED040834ED0408DE
:10EC300000B587B001900091009B04331B686E49BA
:10EC4000184615F098FE0346002B09D0009B0433AC
:10EC50001B686A49184615F08EFE0346002B10D13A
:10EC6000009B1A68009B08331B681946104615F074
:10EC700082FE0346002B01D10023B8E04FF0FF33A2
:10EC8000B5E0009B04331B685D49184615F073FE20
:10EC90000346002B10D1009B1A68009B08331B68A9
:10ECA0001946104615F067FE0346002B01D00023DD
:10ECB0009DE04FF0FF339AE0009B1B6803A9002200
:10ECC0001846F1F743FE0590009B1B681B78002B4C
:10ECD00003D0039B1B78002B01D0012387E0009B0E
:10ECE00008331B6803A900221846F1F72FFE049091
:10ECF000009B08331B681B78002B03D0039B1B78F9
:10ED0000002B01D0012372E0009B04331B683D49B6
:10ED1000184615F030FE0346002B08D1059A049BD7
:10ED20009A4201D1002362E04FF0FF335FE0009B85
:10ED300004331B683449184615F01DFE0346002BAA
:10ED400008D1059A049B9A4201DB00234FE04FF063
:10ED5000FF334CE0009B04331B682C49184615F028
:10ED60000AFE0346002B08D1059A049B9A4201DD56
:10ED700000233CE04FF0FF3339E0009B04331B6875
:10ED80002349184615F0F7FD0346002B08D1059AD4
:10ED9000049B9A4201DC002329E04FF0FF3326E078
:10EDA000009B04331B681B49184615F0E4FD03461D
:10EDB000002B08D1059A049B9A4201DA002316E041
:10EDC0004FF0FF3313E0009B04331B6812491846D1
:10EDD00015F0D1FD0346002B08D1059A049B9A42F9
:10EDE00001D0002303E04FF0FF3300E00123184679
:10EDF00007B05DF804FB00BF60ED040864ED040893
:10EE000068ED04086CED040870ED040874ED040866
:10EE100078ED04087CED040880ED040800B595B099
:10EE20000190009101231393009B1B686F491846C2
:10EE300015F0A1FD0346002B0AD1009B04331B688B
:10EE40001B78002B01D00023CCE04FF0FF33C9E04A
:10EE5000009B1B686649184615F08DFD0346002B84
:10EE60000AD1009B04331B681B78002B01D10023BF
:10EE7000B8E04FF0FF33B5E0009B04331B68194640
:10EE80000198FBF775FE1290129B002B08D002AB85
:10EE9000194612980AF048FE13901298FBF7A0FE4C
:10EEA000139B002B05D002AB402200211846F3F73C
:10EEB00035F9009B1B684F49184615F05CFD034669
:10EEC000002B0AD1049B03F47043B3F5C04F01D16A
:10EED000002387E04FF0FF3384E0009B1B68464926
:10EEE000184615F048FD0346002B0AD1049B03F495
:10EEF0007043B3F5005F01D1002373E04FF0FF339F
:10EF000070E0009B1B683D49184615F034FD034630
:10EF1000002B0AD1049B03F47043B3F5804F01D159
:10EF200000235FE04FF0FF335CE0009B1B68344937
:10EF3000184615F020FD0346002B07D1139B002B2C
:10EF400001D100234EE04FF0FF334BE0009B1B68E4
:10EF50002C49184615F00FFD0346002B0AD1049BDF
:10EF600003F47043B3F5004F01D100233AE04FF0B2
:10EF7000FF3337E0009B1B682349184615F0FBFC64
:10EF80000346002B09D1049B03F49273002B01D09C
:10EF9000002327E04FF0FF3324E0009B1B681B4950
:10EFA000184615F0E8FC0346002B07D1099B002BFF
:10EFB00001DD002316E04FF0FF3313E0009B1B68D8
:10EFC0001349184615F0D7FC0346002B09D1049BC2
:10EFD00003F09203002B01D0002303E04FF0FF3336
:10EFE00000E00123184615B05DF804FB84ED040829
:10EFF00088ED04088CED040890ED040894ED0408F5
:10F0000098ED04089CED0408A0ED0408A4ED0408A4
:10F01000A8ED040800B587B0039002910192002387
:10F020000493019B1B684E49184615F0A4FC034647
:10F03000002B12D1029B012B7DDD029B591E019BEF
:10F0400004331A460398FFF7E5FF0346002B02D16D
:10F050004FF0FF3380E000237EE0019B1B681B78AC
:10F060002D2B0ED1029B012B67DD01990398FFF731
:10F07000D5FE0590059B012B05D0049B023304931C
:10F080000DE000BF00E000BF029B022B57DD049B98
:10F090000333049301990398FFF7CAFD0590059B7C
:10F0A000012B4ED0049A029B9A4242DA049B9B00A9
:10F0B000019A13441B682B49184615F05CFC034663
:10F0C000002B15D1059B002B02D04FF0FF3343E0FE
:10F0D000049B01330493029A049BD11A049B9B0066
:10F0E000019A13441A460398FFF794FF034633E04E
:10F0F000049B9B00019A13441B681B49184615F09A
:10F100003AFC0346002B1ED1059B002B01D10023A6
:10F1100022E0049B01330493029A049BD11A049BBE
:10F120009B00019A13441A460398FFF773FF0346A6
:10F1300012E0059B10E000BF06E000BF04E000BF46
:10F1400002E000BF00E000BF039B9B69074A08493B
:10F15000039898474FF0FF33184607B05DF804FB5B
:10F16000ACED0408B0ED0408B4ED0408B8ED0408F3
:10F170003CD6040800B585B0039002910192029B31
:10F18000591E019B04331A460398FFF743FF0346B9
:10F19000184605B05DF804FB00B585B003900291F8
:10F1A0000192029A6FF0404313449B00019A13446A
:10F1B0001B680F49184615F0DEFB0346002B09D0EB
:10F1C000039B9B69019A12680A49039898474FF07C
:10F1D000FF3308E0029B991E019B04331A460398F3
:10F1E000FFF718FF0346184605B05DF804FB00BFA3
:10F1F000C0ED04083CD6040800B585B0019000239A
:10F20000039310E00C4A039B52F823300322019928
:10F21000184615F059FA0346002B01D1039B07E06D
:10F22000039B01330393039B0B2BEBDD4FF0FF3369
:10F23000184605B05DF804FB78EE040810B5A8B0D8
:10F2400005900491029313468DF80F3025AB1946B3
:10F2500000200FF0A9FF2790279B002B0EDA059BBB
:10F260009C69F0F747FE03461B6800932F4B049AF6
:10F270002F490598A0474FF0FF3354E09DF80F3019
:10F28000002B17D01AAA25AB1146184616F03CFCE5
:10F290000346002B26D1059B9C69F0F72BFE034605
:10F2A0001B680093234B049A21490598A0474FF00F
:10F2B000FF3338E01AAA25AB1146184616F0A8FC11
:10F2C0000346002B0ED1059B9C69F0F713FE034605
:10F2D0001B680093184B049A15490598A0474FF0F6
:10F2E000FF3320E01AAB06A8029A502115F0D2FD98
:10F2F00003462793279B002B0EDA059B9C69F0F7AA
:10F30000F9FD03461B6800930C4B049A08490598C5
:10F31000A0474FF0FF3306E0059BDB6906AA0849CA
:10F32000059898470023184628B010BDF4ED04084E
:10F330006CD7040804EE040810EE04081CEE040860
:10F3400028EE040810B598B0059004910293134676
:10F350008DF80F3008AB2C2200211846F2F7DEFEA4
:10F3600007AB1A467149029815F0E8F91790179BF8
:10F37000002B00F0B9801798FFF73EFF03460C936F
:10F380000C9B002BC0F2B28007AB1A4667490020E5
:10F3900015F0D4F91790179B002B00F0A9800A22D2
:10F3A00000211798F1F7D2FA1690169B002B40F324
:10F3B000A180169B1F2B00F39D80169B0B9307AB20
:10F3C0001A465B49002015F0B9F91790179B002BDE
:10F3D00000F092800A2200211798F1F7B7FA1690F0
:10F3E000169B002BC0F28A80169B172B00F3868099
:10F3F000169B0A9307AB1A464D49002015F09EF95B
:10F400001790179B002B7BD00A2200211798F1F749
:10F410009DFA1690169B002B74DB169B3B2B71DC20
:10F42000169B099307AB1A464149002015F086F94F
:10F430001790179B002B67D00A2200211798F1F72D
:10F4400085FA1690169B002B60DB169B3D2B5DDC2E
:10F45000169B089307AB1A463449002015F06EF945
:10F460001790179B002B53D00A2200211798F1F711
:10F470006DFA1690169B40F26B7293424ADD169B12
:10F4800040F63402934245DC169BA3F26C730D9355
:10F490009DF80F30002B05D008AB184616F03CFA4B
:10F4A000034604E008AB184616F067FA03461393C8
:10F4B0000023149313AB194600200FF0BDFD1590E7
:10F4C000159B002B0EDA059B9C69F0F713FD034694
:10F4D0001B680093174B049A17490598A0474FF0F3
:10F4E000FF3320E000231EE000BF14E000BF12E065
:10F4F00000BF10E000BF0EE000BF0CE000BF0AE05C
:10F5000000BF08E000BF06E000BF04E000BF02E06B
:10F5100000BF00E000BF059B9B69049A074905985E
:10F5200098474FF0FF33184618B010BD2CEE040872
:10F5300030EE040834EE04086CD7040898D60408AA
:10F5400030B58FB00590049103920AAB19460120A3
:10F550000FF02AFE0D900D9B002B10DA059B9C6985
:10F56000039B1D68F0F7C6FC03461B680093374BEE
:10F570002A4637490598A0474FF0FF3363E0059BC3
:10F5800093F850328DF83330059B93F851328DF853
:10F590003230059B93F852328DF83130039B04339F
:10F5A0001B6819460598F9F7EFFC0D900D9B002B91
:10F5B00039DB08AB194601200FF0F6FD0D900D9BCD
:10F5C000002B11DA059B9C69039B1D68F0F792FCE8
:10F5D00003461B6800931D4B2A461D490598A0470A
:10F5E0004FF0FF330D931EE0089A0A9BD31A06933F
:10F5F0000B9A099B9A4206DD069B013B0693099AEA
:10F60000144B13440993099A0B9BD31A0793059B38
:10F61000DC69069A079B5B090F49A1FB0313DB0911
:10F620000E490598A047059B9DF8332083F850228A
:10F63000059B9DF8322083F85122059B9DF83120CF
:10F6400083F851220D9B18460FB030BDF4ED04082D
:10F650006CD7040800CA9A3BC55A7C0A44EE0408D9
:10F6600000B58BB0039002910192002309933E4BA9
:10F67000089300238DF81B3012E0049B732B05D1F7
:10F6800016F038FB03461B68099309E0049B752BB1
:10F6900003D101238DF81B3002E0344B079350E077
:10F6A000334A0199029816F011FB0490049BB3F1C0
:10F6B000FF3FE2D116F028FB03461B68029AD31ADB
:10F6C000029316F021FB03461B689B00019A13442A
:10F6D0001B68002B17D016F017FB03461B689B0016
:10F6E000019A13441B681B782B2B0CD116F00CFBD2
:10F6F00003461B689B00019A13441B68013308935F
:10F70000029B013B0293029B002B02DD194B0793E6
:10F7100017E0099B002B09D0019B19689DF81B205D
:10F72000099B0398FFF70EFE059008E0019B1968FE
:10F730009DF81B20089B0398FFF780FD0590059B13
:10F740000DE016F0E1FA034600221A60039B9B6964
:10F75000019A12680799039898474FF0FF331846AB
:10F760000BB05DF804FB00BF54EE040898D6040803
:10F770006CEE04080CD7040830B58FB005900491E6
:10F78000039202230D934FF0FF330C9321E00A9B69
:10F79000632B0BD00A9B6E2B11D116F0ABFA0346EC
:10F7A0001B68184613F09CFB0D9012E016F0A2FAAD
:10F7B00003461B68184613F093FB0C9009E0059B69
:10F7C0009B69039A12683749059898474FF0FF33B1
:10F7D00064E0354A0399049816F078FA0A900A9B77
:10F7E000B3F1FF3FD3D116F08FFA03461B68049A9A
:10F7F0009A420CDD16F088FA03461B689B00039AB8
:10F8000013441B6809930C9B002B0DDA09E0059B40
:10F810009B69039A12682349059898474FF0FF3374
:10F820003CE06FF000430C9300230B9331E0402049
:10F8300012F02CFD0890089B002B02D14FF0FF33F3
:10F840002CE0402209990898F2F77EFC0899059867
:10F85000F9F79AFB0790089812F070FD079B002BB0
:10F8600010DA059B9C69039B1D68F0F743FB034678
:10F870001B680093099B2A460C490598A0474FF046
:10F88000FF330BE00D9B184616F054FA0B9B013327
:10F890000B930B9A0C9B9A42C9DB002318460FB0BE
:10F8A00030BD00BF98D6040870EE04086CD7040879
:10F8B00030B5B7B00590049103920023069300235E
:10F8C0003493049B012B01D10023B4E011F014FC0C
:10F8D000329001233393A3E0339B9B00039A13449C
:10F8E0001B68184613F0FCFA3190319B002B00F096
:10F8F000918007A8319B514A2021F0F7EEFF07AB1A
:10F900000121184609F084FA3090309B002B0EDA62
:10F91000059B9C69039B1D68F0F7ECFA03461B6886
:10F920000093474B2A4647490598A04775E00FAB1F
:10F930007F221946309809F023FE3490349B002B27
:10F9400011DA059B9C69039B1D68F0F7D3FA034607
:10F950001B6800933A4B2A463A490598A0473098CD
:10F9600008F034FE59E0309808F030FE0FAB3593C4
:10F97000359B2F93359B0133359302E0359B013343
:10F980003593359B1B78002B03D0359B1B780A2BB6
:10F99000F4D1359B1B780A2B05D1359B5A1C359227
:10F9A00000221A7001E000233593062226492F9881
:10F9B00015F0BBF80346002B28D12F9B07331846C0
:10F9C00013F08EFA0246329B934206D106AB1946DB
:10F9D00031980FF033FD349006E006AB0022194653
:10F9E000319810F013F83490349B002B14DA059BF7
:10F9F0009C69039B1D68F0F77DFA03461B68009322
:10FA00000F4B2A460F490598A04705E0359B002B70
:10FA1000AED102E000BF00E000BF339B013333935F
:10FA2000339A049B9A42FFF657AF349B002B01DABE
:10FA3000349B00E0069B184637B030BDB0EE04089A
:10FA4000C0EE04086CD70408A8EE040830B593B0E3
:10FA5000059004910392059812F0C7FA1090109B3C
:10FA6000002B02DA02231193B0E0109812F0DCFAB6
:10FA70000F900F9B002B02D102231193A6E009AB3C
:10FA80001846F0F7EBFE1190119B002B40F09D8083
:10FA900008AB184612F0E1FE1190119B002B40F0CC
:10FAA0008E800F9B5B68079307AA09AB1146184627
:10FAB00012F0EAFE1190119B002B6ED10F9B9B68F8
:10FAC0001A4609AB1146184612F0F5FE1190119B2B
:10FAD000002B64D109AB0221184612F0E1FE11900F
:10FAE000119B002B5DD109AB0C21184612F0BEFE14
:10FAF0001190119B002B56D1039B002B24D0039B0C
:10FB00001B69002B0DD0039B1A69039B9B6808A8F7
:10FB100000210091002112F052FE1190119B002B48
:10FB200043D1039B5B69002B0ED0039B5A69039B57
:10FB3000DB6808A84FF4D2710091012112F03FFE5A
:10FB40001190119B002B32D10F9B18680F9BD96825
:10FB5000049B002B02D0049B043300E0002309AC7B
:10FB600008AA0025019500932346E6F7A1FA0E9016
:10FB70000E9B002B02DA0E9B5B4200E000231193E8
:10FB8000119B002B15D108AB184612F04CFE09ABA7
:10FB90001846F0F79CFE0E9B1FE000BF0AE000BF76
:10FBA00008E000BF06E000BF04E000BF02E000BFC5
:10FBB00000E000BF08AB184612F035FE00E000BFC1
:10FBC00009AB1846F0F783FE00E000BFF0F792F9AA
:10FBD0000246119B13604FF0FF33184613B030BD3F
:10FBE00000B597B0019000916FF015031593019B3C
:10FBF000002B37D000221E4902200AF0DEFF1490AD
:10FC0000149B002B2EDB03AB102201991846F2F750
:10FC1000EAFA03AB1033102200211846F2F77EFAFD
:10FC2000009B002B07D003AB3133112200991846FB
:10FC3000F2F78AFA02E000238DF83D3003AB1A4652
:10FC400040F60201149808F04DFE1590159B002B0C
:10FC500005DAF0F74FF903461B685B4215931498D9
:10FC600008F0B4FC159B184617B05DF804FB00BF04
:10FC70000600080000B585B0019000910198F2F7E8
:10FC8000B4FB0346112B01D000237CE000238DF848
:10FC90000F3000238DF80E3070E000238DF80D300A
:10FCA000019B5A1C01921B788DF80C309DF80D3089
:10FCB00001338DF80D309DF80D30032B01D9002351
:10FCC00061E09DF80C303A2B03D09DF80C30002BEE
:10FCD00009D1009B5A1C00929DF80F201A70002336
:10FCE0008DF80F303DE09DF80C302F2B0FD99DF88B
:10FCF0000C30392B0BD89DF80F301B01DAB29DF870
:10FD00000C301344DBB2303B8DF80F3029E09DF806
:10FD10000C30602B0FD99DF80C30662B0BD89DF85A
:10FD20000F301B01DAB29DF80C301344DBB2573BA5
:10FD30008DF80F3015E09DF80C30402B0FD99DF851
:10FD40000C30462B0BD89DF80F301B01DAB29DF812
:10FD50000C301344DBB2373B8DF80F3001E0002349
:10FD600011E09DF80C303A2B03D09DF80C30002B9D
:10FD700096D19DF80E3001338DF80E309DF80E307F
:10FD8000052B8AD90123184605B05DF804FB000055
:10FD900000B599B00390029101926FF0150317938B
:10FDA000039B002B3DD0029B002B3AD000221F4921
:10FDB00002200AF002FF1690169B002B31DB05ABE8
:10FDC000102203991846F2F70EFA019B002B07D078
:10FDD00005AB3133112201991846F2F7B5F902E06B
:10FDE00000238DF8453005AB1A4640F603011698FE
:10FDF00008F078FD1790179B002B06DAF0F77AF8D9
:10FE000003461B685B42179308E005AB12330622DA
:10FE100019460298F2F7E7F900231793169808F0AD
:10FE2000D5FB179B184619B05DF804FB06000800C7
:10FE300000B58FB0019000914FF0FF330D93019BFF
:10FE4000002B26D00022154902200AF0B6FE0C90A5
:10FE50000C9B002B1DDB03AB242200211846F2F77C
:10FE60005DF903AB102201991846F2F76DF903AB67
:10FE70001A4640F21B710C9808F034FD0D900D9B52
:10FE8000002B03D1089BDAB2009B1A700C9808F083
:10FE90009DFB0D9B18460FB05DF804FB06000800A3
:10FEA00000B599B00390029101926FF0150317937A
:10FEB000039B002B3DD0029B002B3AD000221F4910
:10FEC00002200AF07AFE1690169B002B31DB05AB60
:10FED000102203991846F2F786F90123ADF8243071
:10FEE00005AB1233062202991846F2F77CF9019B02
:10FEF000002B07D005AB3133112201991846F2F7D8
:10FF000023F902E000238DF8453005AB1A4640F690
:10FF10000101169808F0E6FC1790179B002B05DAF4
:10FF2000EFF7E8FF03461B685B421793169808F04B
:10FF30004DFB179B184619B05DF804FB060008003E
:10FF400000B58FB0019000914FF0FF330D93019BEE
:10FF5000002B26D0009B002B23D000221349022027
:10FF60000AF02BFE0C900C9B002B1ADB03AB10222B
:10FF700001991846F2F7E8F80223ADF8203003ABF8
:10FF80001633062200991846F2F72DF903AB1A46EC
:10FF900040F215710C9808F0A5FC0D900C9808F033
:10FFA00015FB0D9B18460FB05DF804FB060008001A
:10FFB00000B58FB0019000914FF0FF330D93019B7E
:10FFC000002B1ED0009B002B1BD000220F490220CB
:10FFD0000AF0F3FD0C900C9B002B12DB03AB1022FC
:10FFE00001991846F2F7B0F8009B089303AB1A4644
:10FFF00040F233710C9808F075FC0D900C9808F0E5
:020000040802F0
:10000000E5FA0D9B18460FB05DF804FB06000800EA
:1000100000B589B0039002910192019B012B04DC91
:10002000029B00221A7000237EE0039B9B68032240
:100030003F49039898470023079300230693039BA7
:100040001B68039898470590059BB3F1FF3F0CD1BF
:10005000069B002B06DD069B029A134400221A70B1
:10006000069B61E04FF0FF335EE0079B002B0DD055
:10007000059B5B2B02D1079B022B04D10023079326
:10008000612305934FE002230793D8E7059B082BD4
:1000900002D0059B7F2B11D1069B002B43DD069BD5
:1000A000013B0693039B5B68082103989847039BD9
:1000B0009B6803221E490398984734E0059B1B2B3D
:1000C00002D101230793BAE7059B0A2B0ED1069BA9
:1000D0005A1C06921A46029B13440A221A70069B67
:1000E000029A134400221A70069B1DE0059BDBB2A6
:1000F0001846EFF7F1FE0346002BA0D1069B5A1CD1
:1001000006921A46029B1344059AD2B21A70069BB5
:100110000133019A9A4292DC069B029A1344002210
:100120001A70069B00E08AE7184609B05DF804FBE8
:10013000C8EE040800B587B001900023049301982D
:10014000F2F753F90390039B023B03930D4B1B689B
:1001500005930FE0059B0433039A0199184614F0A8
:10016000E4FC0346002B02D1049B01330493059B5E
:100170001B680593059B002BECD1049B184607B028
:100180005DF804FB2437002484B0184B1A68184B20
:100190001B6813430393039BB3F1FF3F05D1134B3C
:1001A0001B680393124B00221A600023029315E090
:1001B0000122029B02FA03F30193039A019B13406D
:1001C000002B08D1094B1A68019B1343074A13609F
:1001D000029B013307E0029B01330293029B1F2B1A
:1001E000E6DD6FF01B03184604B070472837002483
:1001F0002C37002400B58FB001900B468DF80330EA
:1002000000230A930023ADF8363000238DF8273001
:10021000019B002B00F084809DF80330002B02D05E
:10022000092B0DD017E00E238DF8273040F24E2316
:10023000ADF836303D4B0B934FF440530A930DE02D
:10024000019B00225A76019B48229A83384B0B93DC
:1002500080230A9302E06FF0150363E0019B5B7E4D
:10026000002B03D1019B9DF827205A76019B9B8B85
:10027000002B03D1019BBDF836209A83019B5A695C
:100280000A9B1A43019B5A61019B9DF803201A7631
:10029000019B00229A64019B0022DA64019B0022E8
:1002A0001A6503F0ABFCFFF76FFF0890089B002B6B
:1002B00003DA03F0B7FC089B34E0089BDAB2019B39
:1002C0009A76019B1B79002B0BD0019B0022DA74DC
:1002D000019B191D03AB10221846F1F735FF03AB44
:1002E0000B930B98FFF726FF0790019B181D079BA8
:1002F0000B9A1021F0F7F1FA0E4B0C9302E00C9BD5
:100300001B680C930C9B1B68002BF8D10C9B019A6B
:100310001A60019B00221A6003F084FC002301E0B4
:100320006FF0150318460FB05DF804FBCCEE04081F
:10033000D4EE04082437002408B503F033F800F0A5
:10034000DAF800F00DFB00F01FF800F059FD02F0A4
:1003500035FE00BF08BD00B585B00190019B184671
:10036000F0F7AEF80390039B184605B05DF804FB68
:1003700000B583B00190019B1846F0F763F903467E
:10038000184603B05DF804FB00BF704700B583B0AA
:100390001648FFF7E0FF0021154803F032FD0190F9
:1003A000019B002B1AD0019B0093009B00221A6036
:1003B000104B5A68009B5A600E4B1B68002B06D1ED
:1003C0000C4A009B13600B4A009B536006E0094BEC
:1003D0005B68009A1A60074A009B53600348FFF766
:1003E000C7FF019B184603B05DF804FBF001002431
:1003F000C80100246037002400B587B00190184878
:10040000FFF7A9FF019B0593059B5B680493059B80
:100410001B680393049B002B03D1124A039B1360B8
:1004200002E0049B039A1A60039B002B03D10D4A40
:10043000049B536002E0039B049A5A60059B0022D0
:100440001A60059B00225A600199074803F039FDA4
:100450000348FFF78DFF00BF07B05DF804FB00BF46
:10046000F001002460370024C801002484B001900A
:100470000B4B1B68039309E0019B9A7E039B93F847
:1004800024309A4206D0039B1B680393039B002BE6
:10049000F2D100E000BF039B184604B0704700BFD4
:1004A0006037002482B00190019B002B02D1044BE5
:1004B0001B6801E0019B1B68184602B0704700BF33
:1004C0006037002400B585B00190019B1846EFF716
:1004D000F7FF0390039B184605B05DF804FB00B5D9
:1004E00083B00190019B1846F0F7ACF8034618461C
:1004F00003B05DF804FB00BF7047000000B583B097
:100500001848FFF7DFFF0021174803F07AFC01903D
:10051000019B002B1ED0019B0122C3F87421019B7B
:100520000093009B00221A60104B5A68009B5A608F
:100530000E4B1B68002B06D10C4A009B13600B4A24
:10054000009B536006E0094B5B68009A1A60074AFB
:10055000009B53600348FFF7C2FF019B184603B09E
:100560005DF804FB2802002400020024583A00240D
:1005700000B587B001901848FFF7A4FF019B0593D1
:10058000059B5B680493059B1B680393049B002BEE
:1005900003D1124A039B136002E0049B039A1A6082
:1005A000039B002B03D10D4A049B536002E0039B85
:1005B000049A5A60059B00221A60059B00225A602B
:1005C0000199074803F07DFC0348FFF788FF00BF4F
:1005D00007B05DF804FB00BF28020024583A00244D
:1005E0000002002482B00190019B002B02D1044B39
:1005F0001B6801E0019B1B68184602B0704700BFF2
:10060000583A002400B583B00190009108E0009BA7
:100610005B6A002B0BD0009B5B6A019A9A4206D062
:100620000098FFF7DFFF0090009B002BEFD1009BAD
:10063000184603B05DF804FB00B585B00190009149
:10064000019B9B8FADF80A3000230393019B5A6BEB
:10065000019B9A63019B0022DA87019BBDF80A2067
:100660009A8702220099019800F0B0F80346ADF88D
:100670000830BDF8083003F00203002B02D06FF001
:100680000A030393039B184605B05DF804FB00B50D
:1006900087B0019000210198FFF7B4FF059011E0A9
:1006A0000021019803F03BFF0390039B002B12D025
:1006B00005990198FFF7C0FF0399019803F0EAFE3E
:1006C000049B059305990198FFF79CFF0490049BF8
:1006D000002BE5D100E000BF05990198FFF7ACFFC2
:1006E0000346184607B05DF804FB000000B585B06E
:1006F00001901C4B5B8E01339AB21A4B5A86019BB8
:100700001B6B002B19D0019B5B6B0293019B1A6B37
:10071000019B1B6B5B79083313441A1D019B5B7EA5
:100720005B421A44019B5A630198FFF7B0FF0390A4
:10073000019B029A5A63039B0FE000220A49019829
:1007400003F002FE0390039B002B05DA054B1B8E82
:1007500001339AB2034B1A86039B184605B05DF825
:1007600004FB00BFE44B00248F06020800B587B0ED
:10077000039002911346ADF80630039B9B8F0593BF
:10078000059B083B0593BDF8063023F00203ADF846
:1007900012300299039800F07BF80346ADF8103050
:1007A000BDF81030059A9A4205DD074B1B8E0133C8
:1007B0009AB2054B1A86039B00229A87BDF8123025
:1007C000184607B05DF804FBE44B002400B58BB07D
:1007D000059004911346ADF80E30049B002B4FD0CA
:1007E000049B5B6903F48033002B27D0059B1B6BB4
:1007F000002B23D006AB099309980EF0F3FC099B5C
:100800005B68224A82FB03129211DB17D31A07930B
:10081000059B186B06A9002300936FF00D030822B7
:1008200017F0E3FC0890089B082B07D1059B9A8FD3
:10083000089B9BB213449AB2059B9A8703F0E8F990
:100840000346002B0CD1049B9A68BDF80E30194664
:10085000059802F0E9FE0346ADF80E3003F0E2F928
:10086000BDF80E3003F00203002B09D0BDF80E30A6
:100870001A4604990598FFF779FF0346ADF80E3044
:10088000BDF80E3018460BB05DF804FBD34D621076
:1008900000B585B001900091019B1B6B0393002371
:1008A0000293009B28331946039817F0F1F8029041
:1008B000029B002B0BDB009803F0F0FB039B9B6873
:1008C0000293019803F007FE029B9BB207E000230E
:1008D000029300BF019803F00CFE029B9BB21846E6
:1008E00005B05DF804FB84B00190019B1B68039385
:1008F000039B002B0DD0039B1A68019B1A60019B80
:100900001B68002B02D1019B00225A60039B00222E
:100910001A60039B184604B0704700B585B001907B
:10092000019B1846EFF7CCFD0390039B184605B0DA
:100930005DF804FB00B583B00190019B1846EFF70A
:1009400081FE0346184603B05DF804FB00B583B092
:1009500001900198EFF776FE00BF03B05DF804FB4D
:1009600000BF704700B587B001901E48FFF7D5FF64
:10097000019B0593059B5B680493059B1B68039390
:10098000049B002B03D1184A039B136002E0049BD5
:10099000039A1A60039B002B03D1134A049B5360F4
:1009A00002E0039B049A5A60059B00221A60059B93
:1009B00000225A6002E00298F1F7F4FF019B4033F5
:1009C0001846FFF790FF0290029B002BF3D101998C
:1009D000064803F076FA0348FFF7ACFF00BF07B004
:1009E0005DF804FB60020024803B002438020024F0
:1009F00000B585B0019003F001F9019B4033184622
:100A0000FFF771FF039003F00DF9039B184605B043
:100A10005DF804FB00B589B00190009100230793B5
:100A200003F0ECF822E003AB002200211846EFF7B8
:100A3000F4FC03AB1A460199164800F039F8079008
:100A4000079B002B08DBF1F7ADFD03AB184603F065
:100A50001BF90790F1F7A6FD03AB1846E7F784F9F9
:100A6000019800F04CF8079B002B0ADB0198FFF778
:100A7000BFFF0246009B1A60009B1B68002BD2D070
:100A800000E000BF03F0CEF8079B184609B05DF800
:100A900004FB00BF4D09020882B00190019B1B6C52
:100AA000002B14BF01230023DBB2184602B07047AD
:100AB00000B589B0039002910192029B9B6B002BC1
:100AC00002DD6FF00F0316E008238DF810300023CD
:100AD0008DF81130029B0593019B0693039B0793AE
:100AE00004AB184610F086FE0246029B9A63029BF6
:100AF0009B6B03EAE373184609B05DF804FB00B58D
:100B000085B00190019B0393039B9B6B002B07DD3A
:100B1000039B9B6B184610F0D1FE039B00229A6347
:100B200000BF05B05DF804FB00B585B00346009139
:100B30008DF807301346ADF80430002303931BE013
:100B4000039B93F83C30002B16D0039BB3F858302E
:100B5000BDF804209A420FD1039B5A6A009B1B6880
:100B60009A4207D0039B5B6A002B03D0009B1B6853
:100B7000002B01D1039B07E0039800F023FA0390B8
:100B8000039B002BDCD10023184605B05DF804FB65
:100B900086B001900091019B1A6B019B1B6B5B79E6
:100BA00008331344043304931F4B1B680593049BC1
:100BB000DB891B04049A928913430393049B5B8A89
:100BC0001B04049A128A1343029323E0059B93F8B3
:100BD0003C30002B1BD0009B5A88059BB3F8583043
:100BE0009A4214D1009B1A88059BB3F85A309A4256
:100BF0000DD1059B5B6A002B04D0059B5B6A029AB2
:100C00009A4204D1059B9B6A039A9A4206D0059B9F
:100C10001B680593059B002BD8D100E000BF059B06
:100C2000184606B0704700BF6844002400B587B07E
:100C30000190009102F0E2FF019BB3F85830002BC5
:100C400004D002F0EFFF6FF015035DE0009B5B68DE
:100C5000002B2FD0009B5B682D4A93422AD0009B2B
:100C60005B68B3F1FF3F25D0009B5B681BBA03F0C4
:100C70007043B3F1604F1DD06FF062030593254BB5
:100C80001B6804930BE0009B5A68049B5B6A9A42C2
:100C900002D10023059305E0049B1B680493049B89
:100CA000002BF0D1059B13F1630F03D102F0BAFFC3
:100CB000059B29E0009B191D009B5B881A460220BA
:100CC00000F02AF80390039B002B03DA02F0AAFF3E
:100CD000039B19E0039B9AB2019BA3F85820009B49
:100CE0005A68019B5A62019800F0C2FB0590059B6F
:100CF000002B06DA019B0022A3F85820019B00225A
:100D00005A6202F08FFF059B184607B05DF804FB9E
:100D10007F0000012437002400B585B00346009110
:100D20008DF807301346ADF80430334B1B88002B89
:100D300018D10221304812F059FA2F4B1B882F4A44
:100D4000A2FB0312920B46F6015101FB02F29B1A21
:100D50009AB2294B1A80284B1B8803F580539AB20C
:100D6000254B1A80BDF80430002B31D1224B1B8853
:100D7000ADF80E30204B1B8801339AB21E4B1A80FF
:100D80001D4B1B88B3F5FA4F04D81B4B1B88B3F5DA
:100D9000805F03D2184B4FF480521A80164B1B8889
:100DA0005BBAADF80430144B1B88BDF80E209A4294
:100DB00002D16FF061031BE0BDF804209DF80730FD
:100DC00000991846FFF7B0FE0346002BD2D10DE084
:100DD000BDF804209DF8073000991846FFF7A4FEDF
:100DE0000346002B02D06FF0610301E0BDF8043030
:100DF000184605B05DF804FB7044002469794E96EE
:100E000000BF704700B585B003468DF8073002F08B
:100E1000F5FE0021104802F0F4FF039002F002FFFB
:100E2000039B002B12D04FF48E7200210398F1F730
:100E300075F9039B402283F82120039B012283F84C
:100E40003C20039B4FF40672A3F85C20039B1846DA
:100E500005B05DF804FB00BF7002002400B585B04A
:100E60000190019BD3F89C30184617F031FA019B92
:100E70000022C3F89C20019B93F8A030002B1CD0CB
:100E8000002303930EE00199039A13465B00134479
:100E90009B000B44AC331B68184617F019FA039BF0
:100EA00001330393019B93F8A0301A46039B9342AE
:100EB000E9DB019B002283F8A02000BF05B05DF8AC
:100EC00004FB000000B589B0019002F097FE019B81
:100ED000B3F8903003F00403002B0BD0019BE833F0
:100EE0001946002010F07CFB0346002B02D002F0D4
:100EF00099FE51E0019800F0A5FB4021019801F016
:100F00005FFA019B9B6807930FE0079B1B680393A5
:100F1000019BD3F89800019B03F10802019B0C335D
:100F2000079902F03FFB039B0793079B002BECD133
:100F3000019B93F83C30012B21D0019B0693069B2B
:100F40005B680593069B1B680493059B002B03D1EC
:100F5000134A049B136002E0059B049A1A60049BE9
:100F6000002B03D10E4A059B536002E0049B059AB7
:100F70005A60069B00221A60069B00225A60019864
:100F8000FFF76CFF019B002283F83C200199054884
:100F900002F097FF02F046FE09B05DF804FB00BFC7
:100FA000684400247002002400B583B001900091D1
:100FB00000990198FFF7ECFD0346184603B05DF871
:100FC00004FB000082B00190019B002B02D1044B76
:100FD0001B6801E0019B1B68184602B0704700BF08
:100FE0006844002400B58BB0039002910192022363
:100FF0008DF827309DF827301846FFF703FF08903B
:10100000089B002B00F0A880039B1A6B039B1B6BB3
:101010005B790833134404330793079BDB891B0474
:10102000079A92891A43089B9A62079B5B8A1B0462
:10103000079A128A1A43089B5A62089B039AC3F8BC
:101040009820089800F023FA0690069B002B04DAFB
:101050000898FFF737FF00237FE0019B1A8B089B5E
:101060001A83019B5A8B089B5A83019B9A7F089B8A
:101070009A77019B93F82020089B83F82020019BFE
:1010800093F82120089B83F82120019BB3F85C2072
:10109000089BA3F85C20089B032283F83B20089B55
:1010A000002283F83920089B042283F83A20089B09
:1010B000002283F85620029B5A88089BA3F85820E8
:1010C000029B1A88089BA3F85A20089B022283F8E7
:1010D0003C20089800F04CF9089B3033184600F08B
:1010E0001EF90246089B5A63089B0122C3F88C2014
:1010F000089801F067FC089B2C33029A04321268AE
:101100001A60089B2C33184600F009F90246089B28
:101110001A66089B0022C3F89C20089B0593059B38
:1011200000221A600F4B5A68059B5A600D4B1B68D2
:10113000002B06D10B4A059B13600A4A059B53609E
:1011400006E0084B5B68059A1A60064A059B5360E7
:101150000321089800F066FA089B18460BB05DF86A
:1011600004FB00BF6844002400B585B001900091E5
:10117000009B039303990198FFF758FD0346184617
:1011800005B05DF804FB000000B587B00190009148
:1011900000230493019B002B04D0019B93F83C3067
:1011A000012B02D06FF0690392E002F027FD019B52
:1011B000B3F858300593059B002B0DD1019B2433C8
:1011C000002219460220FFF7A7FD0590059B002B82
:1011D00002DA059B049378E0009B0393039B5A88F3
:1011E000019BA3F85A20039B5B68002B03D1019B52
:1011F000394A9A6203E0039B5A68019B9A620198FC
:1012000000F045F90490049B002B5DDB019B9B6A79
:10121000184603F09FFC0490049B002B03DA6FF048
:101220006403049351E0019B032283F83C20019B5B
:101230000122C3F88C20019B002283F85620019BD9
:10124000012283F85420019B032283F83B20019B59
:10125000002283F83920019B102283F83A20059B55
:101260009AB2019BA3F85820019800F081F8019BE5
:101270003033184600F053F80246019B5A63019838
:1012800001F0A0FB019B0022C3F89C20019B02936C
:10129000029B00221A60114B5A68029B5A600F4B46
:1012A0001B68002B06D10D4A029B13600B4A029B60
:1012B000536006E0094B5B68029A1A60074A029B7A
:1012C00053600023049300E000BF02F0ABFC049BDA
:1012D000184607B05DF804FB7F0000016844002455
:1012E00082B001900091009B190E019B5A1C019243
:1012F000CAB21A70009B190C019B5A1C0192CAB207
:101300001A70009B190A019B5A1C0192CAB21A70EA
:10131000009BDAB2019B1A7000BF02B0704784B024
:101320000190019B1B781A06019B01331B781B045B
:101330001A43019B02331B781B021343019A0332A9
:10134000127813430393039B184604B0704700B50B
:1013500083B001900B46ADF802300198FFF7DFFF34
:101360000246BDF802301344184603B05DF804FB92
:1013700000B583B00190164B1B68002B1BD10421D4
:10138000134811F033FF124B1A68930A1149A1FB5D
:101390000313DB09104901FB03F3D31A0C4A136052
:1013A0000B4B1B680D4A934205D8094B1A680C4B2E
:1013B0001344074A1360019B3033054A12681146F3
:1013C0001846FFF78DFF00BF03B05DF804FB00BFB8
:1013D00074440024834B040000943577FFC99A3B82
:1013E00000CA9A3B034B1B680133024A136000BFDB
:1013F000704700BF7444002400B585B0039002918B
:1014000013468DF80730039BD3F89830002B01D09A
:10141000002329E0029B002B15D19DF80730002BFB
:101420000ED0039B9B7F002B08D0039B9B7F18460D
:1014300002F0D4FE0246039BC3F89820002313E079
:101440006FF06E0310E00299029802F09FFE0246D0
:10145000039BC3F89820039BD3F89830002B01D04E
:10146000002301E06FF06403184605B05DF804FB4B
:1014700000B583B00190019B5B6A01221946019877
:10148000FFF7BAFF0346184603B05DF804FB00B54A
:1014900083B00190019B9B6A002219460198FFF7D7
:1014A000ABFF0346184603B05DF804FB84B001901F
:1014B000019B93F855300393039B184604B0704783
:1014C00000B585B001900023039302F097FB0EE076
:1014D000039A019B9A420AD1039B012283F854206C
:1014E000039BD3F89830184602F0F3FD06E003980A
:1014F000FFF768FD0390039B002BE9D102F092FBFC
:1015000000BF05B05DF804FB00B585B00190009107
:10151000009800F059FD0346ADF80E30009B3033C3
:101520001846FFF7FCFE0290009B03F13002029B7D
:10153000013B19461046FFF7D3FEBDF80E301022CE
:101540000099019800F034FB009B30330299184653
:10155000FFF7C6FE00BF05B05DF804FB10B586B00E
:1015600003900398FFF7A2FF0590059B002B49DD30
:10157000039BD3F89430002B1ED0039BD3F89430F8
:101580001C46E5F72AFA0346E31A0493049B002B52
:1015900002DC002305930FE0049B19331E4AA2FBD3
:1015A00003231A09059B9A4206D2049B19331A4A4F
:1015B000A2FB03231B090593039BDB6C002B0DD0BF
:1015C000039B9C6C0DF0C6FC0346E31A1933124AC8
:1015D000A2FB03231A09059B9A4219D0039B03F12E
:1015E0004001059B4FF4FA7202FB03F309330B4AE7
:1015F000A2FB0323DB080093039B094A00200FF0A2
:10160000D7FE05E0039B4033194600200FF0E8FFAA
:1016100000BF06B010BD00BF1F85EB51CDCCCCCCB8
:10162000C114020800B583B001900091009BDAB2AA
:10163000019B83F855200198FFF790FF00BF03B08E
:101640005DF804FB00B583B00190019B403319465F
:1016500000200FF0C5FF00BF03B05DF804FB0000E1
:1016600010B584B0019000910098FFF71FFF039020
:10167000009801F0B1F8009800F0A6FC03468DF840
:101680000B30FFF7AFFE019B00229A87019B0022DF
:10169000DA87009B93F83C30002B00F0BB81009B65
:1016A000D3F89430002B1CD0009BD3F894301C4608
:1016B000E5F793F90346E31A002B12DC009B0022A6
:1016C00083F83C204FF400720099019800F0CCFFA1
:1016D0009DF80B309BB214220099019800F068FA33
:1016E00094E1009B93F83C30082B04D0009B93F8C6
:1016F0003C30062B20D1009B93F855301A46039BB3
:1017000093420EDB009B002283F85520009B0022B1
:1017100083F83C204FF400720099019800F0A4FF78
:1017200071E1009B93F85520039BDBB2D31ADAB228
:10173000009B83F8552066E1009B93F83C30002B1A
:1017400000F06181009BD3F88C30002B00F0058104
:10175000009B93F855301A46039B93420ADA009B8C
:1017600093F85520039BDBB2D31ADAB2009B83F8BF
:10177000552048E1009B002283F85520009B93F8F8
:101780003C30022B18D1009B93F85630042B13D910
:10179000009B002283F83C209DF80B309BB2142262
:1017A0000099019800F004FA009B002283F8382089
:1017B0000098FFF787FB2EE1009B93F85630072B2C
:1017C00009D8009B93F83C30032B17D1009B93F86A
:1017D0005630042B12D9009B002283F83C204FF492
:1017E00000720099019800F03FFF9DF80B309BB20A
:1017F00014220099019800F0DBF907E1009B93F8AF
:101800005630042B28BF0423DBB21A46032393402F
:10181000DAB2009B83F83B20009B93F83B301946DB
:101820000098FFF7FFFE009B93F856300133DAB2C1
:10183000009B83F85620794B5B8C01339AB2774B2F
:101840005A84009B93F83C3003F00F03023B072BB4
:1018500000F2D98001A252F823F000BF7D180208DF
:101860009B180208B918020837190208071A02085B
:1018700037190208071A020837190208009B03F1FA
:101880003002009B5B6B19461046FFF729FD1222C0
:101890000099019800F0C4FAB8E0009B03F130020F
:1018A000009B5B6B19461046FFF71AFD0222009958
:1018B000019800F0B5FAA9E008220099019800F01B
:1018C000D3FE0346ADF80830BDF808301A4600993B
:1018D000019800F0FCFB009BB3F8903003F0080384
:1018E000002B08D0009BB3F8903023F008039AB285
:1018F000009BA3F89020009B596F009B1A6F134622
:10190000DB009B1A0B44DA08009B5A67009BB3F874
:101910005C305B001A46009BD3F88C305B089A421F
:1019200038BF1A46009B9A67009BB3F85C301A4692
:10193000009B1A676AE0009B03F13002009B5B6B1F
:1019400019461046FFF7CCFC9DF80B309BB21122D4
:101950000099019800F02CF958E0009B93F83C3076
:1019600003F00F03042B4ED1009B93F8D430002BCF
:1019700039D0009B93F855301A46039B93420ADAFC
:10198000009B93F85520039BDBB2D31ADAB2009B7D
:1019900083F8552027E0009B93F85630072B08D991
:1019A000009B002283F8D4208021009800F008FDDD
:1019B0002CE000990198FFF7A7FD009B93F85630A3
:1019C0000133DAB2009B83F85620009B93F856301F
:1019D0001A4601239340F02BA8BFF023DAB2009BF4
:1019E00083F8552012E010220099019800F03CFE87
:1019F0000346ADF80830BDF808301A460099019842
:101A000000F0EEFA02E0019B00229A870098FFF7AF
:101A1000A5FD00E000BF04B010BD00BFE44B0024F2
:101A200082B00190019B1A6B019B1B6B5B790833A1
:101A3000134404331433184602B0704770B58AB0AB
:101A4000079006910592059B0833069A2C3212687E
:101A50001A60059B0433069A303212681A60069B9E
:101A6000B3F85820059B1A80069BB3F85A20059BB3
:101A70005A80069B93F83C3003F01003002B06D0ED
:101A8000059B00229A73059B0022DA7333E0069BC4
:101A9000DB6C002B0FD1069BD3F88C30002B0AD0C7
:101AA000069B002283F85420069B93F83B3019468E
:101AB0000698FFF7B7FD069B2C331846FFF72FFC5F
:101AC00009900699079800F0BEFE0890099A089BB5
:101AD0001A44069B1A66069B93F881301A46089BA7
:101AE000D3400893089B1B0ADAB2059B9A73089BA4
:101AF000DAB2059BDA73059B00229A74059B0022DB
:101B0000DA74079B186B079B9B8F0022194616F00F
:101B1000ABFD079B1A6B079B1B6B5B790833134468
:101B2000181D079B9C8F079B03F12405069B2833F8
:101B3000069A92F82120069991F820100026039623
:101B40000291019200932B460622214602F028FAC8
:101B5000059B00221A82079802F016FA0346DB431F
:101B60009AB2059B1A82114B9B8801339AB20F4B94
:101B70009A800E4B5B8B01339AB20C4B5A83059BB8
:101B80005B7B03F00303002B0DD0069B303318461C
:101B9000FFF7C5FB0246069B5A63069B30330121C3
:101BA000184601F0BBFF00BF0AB070BDE44B002433
:101BB00000B587B00390029111461A460B46ADF866
:101BC00006301346ADF80430039B1B6B002B15D079
:101BD0000398FFF725FF0590BDF80630DAB2059BA4
:101BE0005A73039BBDF804209A87059B50221A73F1
:101BF000059A02990398FFF721FF00E000BF07B0A4
:101C00005DF804FB70B58EB0059004910023ADF82B
:101C10003630059B1B6B002B00F0EC80774B1B8C48
:101C200001339AB2754B1A840598FFF7F9FE0C90B0
:101C30000C9B5B7B03F00203002B05D10C9B5B7BB1
:101C400003F00103002B04D0BDF836300133ADF8AA
:101C50003630059B1A6B059B1B6B5B79083313446D
:101C600004330B930B9B9B781B029BB20B9AD2788D
:101C700013449AB20B9B1B7803F00F039BB29B009B
:101C80009BB2D31A9AB2BDF836301344ADF8363051
:101C9000059B28229A870C9B1B7B1B09DBB29B00B0
:101CA0009BB2BDF83620D31AADF836300C9B142207
:101CB0005A730C9B50221A730C9BDB798DF82B30D6
:101CC0000C9BDA7A0C9BDA710C9B9DF82B20DA7254
:101CD0000C9B9B798DF82B300C9B9A7A0C9B9A71FC
:101CE0000C9B9DF82B209A720C9B5B798DF82B3006
:101CF0000C9B5A7A0C9B5A710C9B9DF82B205A72A4
:101D00000C9B1B798DF82B300C9B1A7A0C9B1A714B
:101D10000C9B9DF82B201A720C9B0833BDF83620C3
:101D200011461846FFF713FB09900C9B08330999DD
:101D30001846FFF7D5FA0C9B1B88ADF822300C9B98
:101D40005A880C9B1A800C9BBDF822205A800C9B51
:101D500000229A730C9B0022DA730C9B00229A7467
:101D60000C9B00229A74059B186B059B9B8F00228D
:101D7000194616F079FC059B1A6B059B1B6B5B796A
:101D80000833134404330793059B1A6B059B1B6BA5
:101D90005B7908331344181D059B9C8F059B03F149
:101DA0002405079B03F10C01049B002B03D0049B2B
:101DB00093F8213000E04023049A002A03D0049ACB
:101DC00092F8202000E00022002603960292019360
:101DD00000912B460622214602F0E2F80C9B0022DD
:101DE0001A82059802F0D0F80346DB439AB20C9BA6
:101DF0001A8200E000BF0EB070BD00BFE44B0024AB
:101E000084B00190019B9B8B019A527E9B1A9BB2DE
:101E1000283BADF80E30BDF80E30184604B07047C0
:101E200010B586B00390029113468DF80730002359
:101E3000ADF81430039B1B6B002B00F0B2800398AD
:101E4000FFF7EEFD0490029800F0BEF803461A4634
:101E5000039B9A87029BB3F85E30002B0ED0029B47
:101E6000B3F85E400398FFF7CBFF03469C4205D2D0
:101E7000029BB3F85E30ADF8163005E00398FFF72B
:101E8000BFFF0346ADF81630049B9DF807205A7338
:101E9000BDF9142093B201339BB2ADF81430049B0A
:101EA000134402221A75BDF9142093B201339BB278
:101EB000ADF81430049B134404221A75BDF8163093
:101EC0001B0A98B2BDF9142093B201339BB2ADF84E
:101ED00014301146C2B2049B0B441A75BDF914208C
:101EE00093B201339BB2ADF814301146BDF81630F1
:101EF000DAB2049B0B441A75049B5B7B022B0AD05D
:101F0000049B5B7B122B32D1029BB3F8903003F021
:101F10000103002B2BD0BDF9142093B201339BB2E7
:101F2000ADF81430049B134401221A75BDF9142036
:101F300093B201339BB2ADF81430049B13440322D7
:101F40001A75BDF9142093B201339BB2ADF8143069
:101F5000049B134403221A75BDF9142093B2013374
:101F60009BB2ADF81430049B134400221A75BDF9DE
:101F700014301433002B00DA03339B10DBB21B0147
:101F8000DAB2049B1A73039B9A8FBDF81430134482
:101F90009AB2039B9A87049A02990398FFF74EFD21
:101FA00000E000BF06B010BD00B583B00190009105
:101FB000009B5A6A009B9B6A1946104602F079F80A
:101FC00000BF03B05DF804FB84B001901423ADF8AA
:101FD0000E30BDF80E3014339BB2184604B0704773
:101FE00000B587B0039002911346ADF80630029811
:101FF00000F09FFC0346002B05D0BDF8063043F0EF
:102000000403ADF806300298FFF7DEFF03468DF8B3
:102010001730BDF8063003F48053002B07D0039B24
:102020000022DA87029B002283F83C204BE0BDF8B7
:10203000063003F08003002B0FD0039B0022DA87C9
:10204000029B002283F83C209DF817309BB214229B
:1020500002990398FFF7ACFD35E0BDF8063003F0B8
:102060004003002B17D0029B052283F83C20029BE3
:102070000122C3F88C20029B002283F85620039B88
:102080000022DA879DF817309BB21122029903983B
:10209000FFF78EFD17E0039BDB8F002B08D0029B20
:1020A000D3F88C30039AD28F1A44029BC3F88C2049
:1020B000029B002283F85620BDF806301A4602998A
:1020C000039800F004F800BF07B05DF804FB00B50A
:1020D00089B0039002911346ADF806300298FFF7DD
:1020E00073FF03468DF81F30BDF8063003F0080378
:1020F000002B2ED0039BDB8F002B2AD0029BD3F822
:102100008C30002B25D0029B5B6B002B21D0029BD7
:1021100030331846FFF703F90690029B03F13002B3
:10212000029B5B6B19461046FFF7DAF8039BDA8FC8
:102130009DF81F309BB213449BB21822029903985A
:10214000FFF736FD029B303306991846FFF7C8F8B3
:1021500039E0039BDB8F002B23D0029BD3F88C301C
:10216000002B1ED0039BDA8F9DF81F309BB21344C7
:102170009BB2182202990398FFF71AFD029B303395
:102180001846FFF7CCF80590029B03F13002039B41
:10219000DB8F1946059B0B4419461046FFF7A0F844
:1021A00011E0BDF8063003F00403002B08D09DF8C1
:1021B0001F309BB2102202990398FFF7F9FC02E04E
:1021C000039B00229A8709B05DF804FB82B001905E
:1021D0000B46ADF80230BDF8023003F04003002B8F
:1021E0000ED0019BDB7F23F04003DAB2019BDA774C
:1021F000019BDB7F63F07F03DAB2019BDA770CE0AF
:10220000BDF8023003F49453002B06D0019BDB7F12
:1022100003F03F03DAB2019BDA7700BF02B07047E8
:1022200000B587B0039002911346ADF80630029BCB
:102230000593059B002B28D0BDF8063003F4965378
:10224000002B06D0BDF8063019460598FFF7BEFFF3
:102250001BE0BDF8063003F48073002B15D0059BFE
:10226000002B04D0059B0493049B00221A82059B3B
:10227000DB7F43F06003DAB2059BDA77059BDB7FF7
:1022800003F07F03DAB2059BDA77BDF80630184613
:1022900007B05DF804FB00B583B001900B46ADF8C4
:1022A000023001F0ABFC0CE0019BD3F89800019BDD
:1022B000D3F8D810019B03F1D802019BDC3301F065
:1022C00071F9019BD3F8D830002BEDD101F0AAFCB5
:1022D00000BF03B05DF804FB00B587B00190019B1F
:1022E0005B68059301F08AFC059B93F83C30032B57
:1022F00007D1059BDB7F03F00803002B01D00123EE
:1023000000E000238DF813309DF8133003F0010333
:102310008DF81330059B93F83C30042B22D0059B9D
:1023200093F83C30022B1DD09DF8133083F001034D
:10233000DBB2002B16D040210598FFF7ACFF059BC0
:1023400093F83C30002B04D0059B93F83C30092BCC
:1023500003D101F067FC00232BE001F063FC6FF078
:102360006A0326E0059BD3F89800059B03F1D8018A
:10237000059BDC331A4601F0C1F80390039B002B48
:1023800014D0039B0D4ADA60039B059A1A61039BE4
:102390004FF496529A829DF81330002B06D0039B7F
:1023A0009B8A43F480739AB2039B9A8201F03AFCB1
:1023B0000023184607B05DF804FB00BF2122020885
:1023C00000B583B001900B46ADF80230BDF8023085
:1023D00019460198FFF75FFF00BF03B05DF804FBEB
:1023E00000B585B0039002911346ADF80630029B0C
:1023F000002B08D0029B00229A82029B00221A61C5
:10240000029B0022DA60BDF8063019460398FFF7F8
:10241000DDFEBDF8063019460398FFF73CFF00BF0C
:1024200005B05DF804FB00B587B003900291134638
:10243000ADF80630BDF9063023F006031BB243F0B9
:1024400004031BB2ADF80630039B9B8F002B1BD0FF
:10245000039B9A6B039B1B6B0C33D31A9BB2039A9F
:10246000126B52799B1A9BB21A460299039800F09C
:1024700065F90346ADF81630029B2C33BDF81620E3
:102480001146184601F04AFB039B00229A87BDF8CB
:102490000630184607B05DF804FB00B589B003901C
:1024A00002911346ADF8063000230793BDF80630BD
:1024B00043F00403ADF80630029B2C331846FEF7B8
:1024C0002EFF0690A0E0079A13465B0013449B0082
:1024D000A033029A134404330593059B1B68069AA4
:1024E0009A421AD1059B9B689B68069A13440693EF
:1024F000029B03F12C02059B9B689B689BB21946CB
:10250000104601F00BFB029B03F19C02059B083374
:102510001946104601F0FDFB41E0059B1A68069B39
:10252000D31A002B3BDA059B5B68069AD31A002B63
:1025300008DB059B9B68184615F0CAFE059B002228
:102540009A602CE0059B9868059B1B68069AD31A35
:10255000194615F06FFF0246059B9A60059B069A87
:102560001A60059B9B68002B19D0059B9B689B6894
:10257000069A13440693029B03F12C02059B9B6869
:102580009B689BB21946104601F0C8FA029B03F102
:102590009C02059B08331946104601F0BAFB059BC7
:1025A0009B68002B2DD11AE0079B5A1C02980799B3
:1025B0000B465B000B449B00034403F1A00102980F
:1025C00013465B0013449B00034403F1A0020B1D60
:1025D000043207CA83E80700079B01330793029B75
:1025E00093F8A030013B079A9A42DDDB029B93F8F7
:1025F000A030013BDAB2029B83F8A02000230793AE
:1026000002E0079B01330793029B93F8A0301A4620
:10261000079B9342FFF657AFBDF80630184609B046
:102620005DF804FB84B00190002303930023029320
:102630000FE00199029A13465B0013449B000B4480
:10264000AC331B689A68039B13440393029B0133CA
:102650000293019B93F8A0301A46029B9342E8DB59
:10266000039B184604B0704700B587B003900291F1
:102670001346ADF80630BDF80630ADF81630039BB2
:102680001B6B002B09D100220021039801F0C1FE31
:102690000346002B01D000234CE0029B9A68BDF852
:1026A00006301946039800F0BFFF0346ADF8063028
:1026B000BDF8063003F00203002B09D0BDF8063048
:1026C0001A4602990398FFF7AEFE0346ADF80630AE
:1026D000BDF8163003F00203002B0ED0029B93F8D6
:1026E000A030002B09D0BDF806301A460299039895
:1026F000FFF7D3FE0346ADF80630BDF8063003F40D
:102700009E53002B0BD0029BD3F8D820BDF8063087
:102710001946039800F088FF0346ADF80630039B86
:102720001B6B002B04D100220021039801F071FEE5
:10273000BDF80630184607B05DF804FB00B587B059
:10274000039002911346ADF80630039B1B6B049374
:10275000BDF80630002B08D0049BBDF806201146BA
:10276000184615F067FE03460493039B9B8F1A4699
:10277000049B9B689A420AD20498049B9B68039A24
:10278000928F9B1A194615F0ACFE03460493049BE6
:102790009B68ADF81630029B9C3304AA114618467C
:1027A00001F0B7FA039801F096FEBDF8163018460E
:1027B00007B05DF804FB82B00190019B1A6B019B8E
:1027C0001B6B5B7908331344043303F12802019B2C
:1027D0009A6300BF02B0704700B583B00190019BBF
:1027E000D3F898301846FFF7E6FF00BF03B05DF856
:1027F00004FB82B001900091009B184602B0704724
:1028000000B585B001904FF493510198FFF7F1FFA7
:102810000390019B93F881301A46039BD3400393A6
:10282000039BB3F5803F02D34FF6FF730393019BE5
:1028300093F881301A46039B93400393039B1846F9
:1028400005B05DF804FB10B588B001900091009BC5
:10285000D3F89C30002B07D0009BD3F89C3018464F
:1028600015F0ACFE079001E000230793012015F05E
:1028700091FE0490049B002B08DD049BC42202FB04
:1028800003F31A46079B1344069301E0079B069344
:1028900006990098FFF7ADFF0690009B93F8A030D3
:1028A000002B2DD0009BD3F8A440009B2C3318465E
:1028B000FEF735FD0346E31A05930098FFF7B2FED5
:1028C00003900198FFF79CFA03461A46059B934232
:1028D00004D20198FFF794FA03460593039B069AE6
:1028E000D31A002B02DA0023069303E0039B069A17
:1028F000D31A0693069A059B9A4201D2059B06932A
:10290000009B93F881301A46069BD3400693069BA2
:10291000B3F5803F02D34FF6FF730693009B93F805
:1029200081301A46069B93400693069B184608B0D2
:1029300010BD00B58BB00190019BD3F8983008937F
:10294000019B2C331846FEF7EAFC0790019B1B6E97
:10295000079AD31A002B05DA019B1A6E079BD31A2C
:10296000099301E00023099301990898FFF76BFF91
:102970000690069A099B9A4201D800231EE0069A07
:10298000099BD31A05930198FFF73AFF0490059B22
:102990005B00049A9A4201D801230FE00898FFF7E0
:1029A0002FFA0346ADF80E30BDF80E305B001A4624
:1029B000059B934201D3012300E0002318460BB08E
:1029C0005DF804FB82B00190019BB3F85C3040F6E7
:1029D0008E02934207D9019BB3F85C305B001A4624
:1029E000019B1A6717E0019BB3F85C30B3F5896F60
:1029F0000AD3019BB3F85C301A4613465B001344BC
:102A00001A46019B1A6706E0019BB3F85C309B00F5
:102A10001A46019B1A67019B4FF486629A67019BD5
:102A200000229A6600BF02B0704700B583B00190E3
:102A30000091019BB3F8903003F01003002B2CD0D1
:102A4000019BB3F85C305B001A46019BD3F88C30D5
:102A50005B089A4238BF1A46019B9A67019B9A6F9E
:102A6000019BB3F85C3019460B465B000B441A44DB
:102A7000019B1A67019BB3F8903023F010039AB2C0
:102A8000019BA3F89020019BB3F8903043F008031A
:102A90009AB2019BA3F890203BE0009B08331846B4
:102AA000FEF73DFC0246019B5A66019BB3F85C3081
:102AB00040F68E02934207D9019BB3F85C305B006D
:102AC0001A46019B1A6717E0019BB3F85C30B3F517
:102AD000896F0AD3019BB3F85C301A4613465B003A
:102AE00013441A46019B1A6706E0019BB3F85C3059
:102AF0009B001A46019B1A67019BDA6F019B5A677C
:102B0000019B9A6F019BDB6F9A4238BF1A46019B6B
:102B10009A6700BF03B05DF804FB00B587B0019071
:102B20000091009B08331846FEF7F9FB0590019BC6
:102B30005A6E059BD31A002B3CDB019B5B6E059AFA
:102B40009A4240F0E480019B9B6E5A1C019B9A665E
:102B5000019B9B6E032B16D9019B1B6F019AB2F848
:102B60005C201A44019B1B6F9A4208D3019B1B6F88
:102B7000019AB2F85C201A44019B1A6703E0019B9A
:102B80004FF0FF321A67019B9B6E022B40F2BF8011
:102B9000019BB3F8903043F010039AB2019BA3F865
:102BA0009020019B30331846FEF7B9FB0246019B8B
:102BB000DA66ACE0019B5A6E059BD31A002B80F2BB
:102BC000A680019B30331846FEF7A9FB0246059B01
:102BD000D31A002BC0F29B80019B5B6E059AD31A1F
:102BE0000493019B00229A66019B059A5A66019BF9
:102BF000B3F8903003F00803002B2BD0059B5A1E2E
:102C0000019BDB6E9A420DD9019BB3F8903023F003
:102C100008039AB2019BA3F89020019B9A6F019B35
:102C20001A6717E0019B1B6F019AB2F85C201A44E7
:102C3000019B1B6F9A4208D3019B1B6F019AB2F84C
:102C40005C201A44019B1A6761E0019B4FF0FF3240
:102C50001A675CE0019B93F83C30032B57D9019B2A
:102C60001A6F019B9B6F9A4223D2049B002B08D0C2
:102C7000019BB3F85C301A46049B934228BF13466D
:102C800002E0019BB3F85C300393019B1A6F039B36
:102C90001A44019B1B6F9A4206D3019B1A6F039B38
:102CA0001A44019B1A6732E0019B4FF0FF321A670A
:102CB0002DE0019BB3F85C301A46019BB3F85C3001
:102CC00002FB03F31A46019B1B6FB2FBF3F3012BCC
:102CD00038BF01230393019B1A6F039B1A44019B86
:102CE0001B6F9A4206D3019B1A6F039B1A44019BE8
:102CF0001A6703E0019B4FF0FF321A67019B5A6F7E
:102D0000019B1B6F9A4228BF1A46019B1A6707B0A6
:102D10005DF804FB84B00190019B1B680393039B47
:102D2000002B0DD0039B1A68019B1A60019B1B6846
:102D3000002B02D1019B00225A60039B00221A60E3
:102D4000039B184604B0704700B585B00190019B05
:102D50001846EDF7B5FB0390039B184605B05DF8E8
:102D600004FB00B583B00190019B1846EDF76AFCA7
:102D70000346184603B05DF804FB00B587B0029126
:102D8000019303468DF80F301346ADF80C30002345
:102D90000593019B03F40063002B14BF0123002360
:102DA0008DF8133021E09DF81330002B05D0059BE2
:102DB0005B6903F40063002B16D1059B93F8313057
:102DC000022B12D1059B9B8DBDF80C209A420CD191
:102DD000059B5A6A029B1B689A4203D0059B5B6A5B
:102DE000002B02D1059B08E000BF059800F096F982
:102DF0000590059B002BD6D10023184607B05DF83F
:102E000004FB000000B587B0039002910192039B80
:102E10001A6B039B1B6B5B790833134404330593D4
:102E2000029800F07BF9029055E0029B9B8D002BED
:102E30004ED0019B5A88029B9B8D9A4248D1029B9F
:102E40005B6A002B10D0059B5B8A1B04059A128AD3
:102E50001A43029B243302331B881B04029924313A
:102E600009880B439A4233D1029B93F8303003F028
:102E70000103002B33D0029BDB8D002B05D0019B7F
:102E80001A88029BDB8D9A4222D1029B9B6A002BFF
:102E900026D0059B5B8A1B04059A128A1A43134BA2
:102EA0001B881B04124909880B439A4218D0059BC2
:102EB000DB891B04059A92891A43029B283302334B
:102EC0001B881B040299283109880B439A4207D0BA
:102ED000029B1B680293029B002BA6D100E000BF5F
:102EE000029B184607B05DF804FB00BF32EF0408F0
:102EF00030EF040800B585B0034600918DF8073027
:102F000000F07CFE2B4B1B88002B18D10221294896
:102F100010F06CF9274B1B88274AA2FB0312920B77
:102F200046F6015101FB02F29B1A9AB2214B1A801C
:102F3000204B1B8803F580539AB21E4B1A801D4B01
:102F40001B88ADF80E301B4B1B8801339AB2194B0E
:102F50001A80184B1B88B3F5FA4F04D8154B1B8801
:102F6000B3F5805F03D2134B4FF480521A80114B9C
:102F70001B88BDF80E209A4203D10023ADF80E3015
:102F800010E00C4B1B885BBA9AB29DF80700002337
:102F90000099FFF7F2FE0346002BD4D1054B1B88A6
:102FA000ADF80E3000F03EFEBDF80E30184605B00C
:102FB0005DF804FB6047002469794E9600BF7047B6
:102FC00000B585B003468DF807302248FFF7BCFEF8
:102FD0000021214800F015FF0390039B002B30D007
:102FE000039B402283F82120039B002283F830209A
:102FF000039B9DF8072083F83120039B00229A85CC
:10300000039B00229A63039B0022DA63039B0293D3
:10301000029B00221A60114B5A68029B5A600F4BA8
:103020001B68002B06D10D4A029B13600B4A029BC2
:10303000536006E0094B5B68029A1A60074A029BDC
:1030400053600448FFF78DFE039B184605B05DF8FA
:1030500004FB00BFC002002498020024584700244B
:1030600000B587B001902248FFF76EFE019B002259
:103070009A85019B0593059B5B680493059B1B68E0
:103080000393049B002B03D11A4A039B136002E0B5
:10309000049B039A1A60039B002B03D1154A049BDF
:1030A000536002E0039B049A5A60059B00221A6059
:1030B000059B00225A60019B5B6B184615F008F9CE
:1030C00002E0029800F04CF9019B38331846FFF7F4
:1030D00021FE0290029B002BF3D10199064800F0DB
:1030E000F0FE0348FFF73DFE00BF07B05DF804FBAC
:1030F000C0020024584700249802002400B585B07F
:10310000039002910192019A02990398FFF77AFEC7
:103110000346184605B05DF804FB000082B001903C
:10312000019B002B02D1044B1B6801E0019B1B6833
:10313000184602B0704700BF5847002400B587B05A
:103140000190009100F05AFD009B0393039B5B6884
:10315000002B2FD0039B5B683A4A93422AD0039BF3
:103160005B68B3F1FF3F25D0039B5B681BBA03F09C
:103170007043B3F1604F1DD06FF062030593324B83
:103180001B6804930BE0039B5A68049B5B6A9A429A
:1031900002D10023059305E0049B1B680493049B64
:1031A000002BF0D1059B13F1630F03D100F03AFD22
:1031B000059B43E0039B5B88ADF80A30039B5A688C
:1031C000019B5A62BDF80A30002B1BD1019B93F87A
:1031D0003120019B243319461046FFF78BFE03462E
:1031E0005BBAADF80A30BDF80A30002B03D16FF09E
:1031F000610305931FE0019BBDF80A209A85002317
:10320000059318E0019B93F83100019B03F1240121
:10321000019B5B69BDF80A20FFF7AFFD0346002B59
:1032200006D1019BBDF80A209A850023059302E090
:103230006FF06103059300F0F5FC059B184607B09D
:103240005DF804FB7F0000012437002400B585B041
:1032500001900091019B9B8D002B14D1019B93F851
:103260003120019B243319461046FFF743FE0346E5
:103270005BBA9AB2019B9A85019B9B8D002B02D170
:103280006FF061031CE0009B002B12D0009B0393A6
:10329000039B5A88019BDA85039B5B68002B03D153
:1032A000019B094A9A620AE0039B5A68019B9A6251
:1032B00005E0019B0022DA85019B00229A6200232F
:1032C000184605B05DF804FB7F00000100B585B02D
:1032D000019001990F4800F094FD0390039B002B8F
:1032E00001D1002312E00199012000F0E8FC024620
:1032F000039BC3F88820039BD3F88830002B04D1AC
:10330000039800F02DF8002300E0039B184605B059
:103310005DF804FBD002002400B583B000210F4803
:1033200000F06FFD0190019B002B01D1002311E003
:10333000002014F00FFD0246019BC3F88820019B7A
:10334000D3F88830002B04D1019800F009F800234D
:1033500000E0019B184603B05DF804FBD002002496
:1033600000B583B00190019BD3F88830002B05D0C5
:10337000019BD3F88830184614F0AAFF019903483E
:1033800000F09FFD00BF03B05DF804FBD0020024F5
:1033900008B5034800F0DBFD0346184608BD00BF32
:1033A000D002002400BF704700B587B0039002919F
:1033B00001920093029B002B6ED000F01FFC384B53
:1033C0001B6A049302E0049B1B680493049B002B7C
:1033D000F9D1019B002B25D0029B5B680593059BCF
:1033E000002B0CD0029B1A68059B1A60029B1B687D
:1033F000002B10D0029B1B68059A5A600BE0029BC1
:103400001A68019B1A60029B1B68002B03D0029B69
:103410001B6800225A60029B1B68002B02D1009B94
:10342000059A1A60029B9B7D03F00103002B09D0D3
:10343000029B9B7D43F00203DAB2029B9A7500F077
:10344000F1FB29E0039B002B20D000230593039B75
:103450001B6D049304E0049B0593049B9B680493F9
:10346000049B002B03D0049A029B9A42F3D1049B45
:10347000002B0BD0059B002B04D0029B9A68059B68
:103480009A6003E0029B9A68039B1A6502990448BC
:1034900000F017FD00F0C6FB07B05DF804FB00BFAD
:1034A000F802002482B003460A46ADF806301346FF
:1034B000ADF80430BDF80620BDF8043013409BB2CF
:1034C00023F46043002B01D0012314E0BDF8062053
:1034D000BDF8043053409BB203F46043002B09D184
:1034E000BDF8043003F46043002B14BF0123002314
:1034F000DBB200E00023184602B0704700B587B089
:1035000003900291019200F079FB039B002B12D0F3
:10351000039800F0F5FE034683F00103DBB2002BB5
:1035200005D1039B5B6903F00203002B03D100F07C
:1035300079FB002330E00021194800F062FC05907F
:10354000059B002B25D0039B002B06D0039B1A6DF7
:10355000059B9A60039B059A1A65029B002B18D065
:10356000019B002B15D0059B00221A60019B1A6855
:10357000059B5A60019B1B68002B04D0019B1B68B4
:10358000059A1A6002E0029B059A1A60019B059A4F
:103590001A6000F047FB059B184607B05DF804FB76
:1035A000F802002400B585B00390029101920093C7
:1035B000039B002B0AD0039800F0A2FE034683F081
:1035C0000103DBB2002B01D000230393009B019A7F
:1035D00002990398FFF7E8FE00BF05B05DF804FB11
:1035E00000B585B001900091019B002B0CD0019893
:1035F00000F086FE0346002B06D0019B4833039360
:10360000019B4C33029305E00023019300230393B5
:1036100000230293029B039A00990198FFF7C4FECE
:1036200000BF05B05DF804FB00B587B003900B4602
:103630000192ADF80A3000F0E1FA1EE0019B1B6830
:103640000593019BDB68002B15D0019B9A8ABDF87E
:103650000A3011461846FFF725FF0346002B0AD013
:10366000019BDB68019A1169BDF80A20039898470D
:103670000346ADF80A30059B0193019B002B03D054
:10368000BDF80A30002BD9D100F0CCFABDF80A30D1
:10369000184607B05DF804FB00B585B001900B46F5
:1036A000ADF8023000F0AAFA019B1B6D039342E0D3
:1036B000039B9B680293039BDB68002B39D0039B21
:1036C0009A8ABDF8023011461846FFF7EBFE034612
:1036D000002B2ED0039B9B7D43F00103DAB2039BAA
:1036E0009A75039BDB68039A1169BDF80220019863
:1036F00098470346ADF80230039B9B7D23F00103FE
:10370000DAB2039B9A75039B9B680293039B9B7D94
:1037100003F00203002B0CD0039B9B7D23F00203DC
:10372000DAB2039B9A750023002203990198FFF7F0
:103730003BFE029B0393039B002B03D0BDF802309A
:10374000002BB5D100F06EFABDF80230184605B076
:103750005DF804FB00B585B0019000910023039350
:103760000023029312E0019B9A7E039B93F824307E
:103770009A420BD10399019801F007FC019B9B8FA2
:10378000002B03D0009B019898470290029B002BCE
:1037900006D10398FCF786FE0390039B002BE2D131
:1037A000029B184605B05DF804FB00B585B001909A
:1037B0000091002303930023029310E0039B5B6AB4
:1037C000019A9A420BD10399019801F0FCFB019BED
:1037D0009B8F002B03D0009B019898470290029B7F
:1037E000002B06D10398FCF7FDFE0390039B002BF2
:1037F000E4D1029B184605B05DF804FB00B585B026
:103800000190009100230393002302930DE0039B9A
:103810001B6C019A9A4208D10399019801F02CFC83
:103820000099019800F0F5F80290029B002B06D158
:103830000398FFF773FC0390039B002BE7D1029BD7
:10384000184605B05DF804FB00B585B00190009105
:1038500000230393002302930EE0039BD3F89830D8
:10386000019A9A4208D10399019801F0C7FB009987
:10387000019800F0CEF80290029B002B06D103982D
:10388000FDF7A0FB0390039B002BE6D1029B18469B
:1038900005B05DF804FB00B585B0019000910023F0
:1038A0000393019B00229A870099019801F0A0FAE6
:1038B0000390039B002B04D100990198FFF74AFF66
:1038C0000390039B002B04D100990198FFF76DFF33
:1038D0000390039B002B04D100990198FFF7B4FFDC
:1038E0000390039B002B04D100990198FFF786FFFA
:1038F0000390039B184605B05DF804FB00B585B046
:103900000190009100990198FFF7C5FF039001987D
:1039100000F0EFFD039B184605B05DF804FB82B094
:103920000190019B9B8F002B01D0012300E000231D
:10393000184602B07047000000B587B001900091B2
:10394000019B5B6B002B05D100990198FFF7D6FF17
:10395000034641E0019B5B6B0593019B5B7EADF8E9
:103960000E301F490198FFF796FF0490019B9B8F33
:10397000002B27D0019BDA8F019B9B8F934238BF8E
:1039800013469BB20293019B196BBDF80E305B424C
:10399000029A059814F03FFC019B059A5A63009B1C
:1039A000019898470490019B5B6B059A9A4205D059
:1039B000019B5B6B0593059B002B05D0049B002BA3
:1039C000CFD002E000BF00E000BF019800F091FD01
:1039D000019B059A5A63049B184607B05DF804FBE7
:1039E0001F39020800B583B00190019B9B8F002B0B
:1039F00009D0019B1B7E002B01D0052B05D101981E
:103A000000F0C0FD02E000BF00E000BF03B05DF8C1
:103A100004FB00B585B001900091019B9B8F002BAA
:103A200001D1002314E00198FFF7DCFF019801F0B9
:103A300024FD0390039B002B01D0039B08E0009B17
:103A4000002B04D0009B01989847034600E0002318
:103A5000184605B05DF804FB82B00190019B1B6B1A
:103A6000002B03D0019B9B8F002B06D1019B9B8BCE
:103A7000019A527E9B1A9BB205E0019B9B8B019A97
:103A8000527E9B1A9BB2184602B0704782B00190DA
:103A90000B46ADF80230019B02331B781A46BDF885
:103AA00002301B0A9BB29A4210D2019B01331A7852
:103AB0000132D2B21A70019B01331B78002B05D161
:103AC000019B1B780133DAB2019B1A70019B03330F
:103AD0001B781A46BDF80230DBB29A421BDA019B12
:103AE00002331A780132D2B21A70019B02331B786A
:103AF000002B10D1019B01331A780132D2B21A7017
:103B0000019B01331B78002B05D1019B1B780133EE
:103B1000DAB2019B1A7000BF02B0704700B583B0E3
:103B200001900B46ADF80230019B03331978BDF8C4
:103B30000230DAB2019B03330A44D2B21A70019BFD
:103B400002331978BDF802301B0A9BB2DAB2019B2E
:103B500002330A44D2B21A70BDF8023019460198F5
:103B6000FFF794FF00BF03B05DF804FB00B589B018
:103B700003900B4601928DF80B3005AB184600F010
:103B800059F80690019BB3F1FF3F1BD09DF80B3015
:103B9000002B0BD0019B0933174AA2FB0323DB0840
:103BA000194603980CF0AEF8079018E0019B093312
:103BB000114AA2FB0323DB08194603980CF0DEF838
:103BC00007900CE09DF80B30002B04D00398ECF725
:103BD00077FC079003E00398E4F7A0FA0790069BB0
:103BE000002B03DB059B184600F032F8079B1846B4
:103BF00009B05DF804FB00BFCDCCCCCC08B50348C0
:103C0000ECF704FB0346184608BD00BF2003002460
:103C100008B50348ECF71AFB0346184608BD00BF79
:103C20002003002408B50248ECF730FB00BF08BDB4
:103C30002003002400B583B0019001990348ECF7FC
:103C400045FB0346184603B05DF804FB200300243F
:103C500000B583B0019001990348ECF75EFB034681
:103C6000184603B05DF804FB2003002400B583B0C0
:103C700001900091009A01210198FFF777FF034618
:103C8000184603B05DF804FB00B583B001904FF017
:103C9000FF310198FFF7EAFF0346184603B05DF8CD
:103CA00004FB00B583B001900091009A00210198B7
:103CB000FFF75CFF0346184603B05DF804FB00B550
:103CC00087B0034600918DF807309DF807301846FD
:103CD00014F040F80590059B002B15D1009B002B9C
:103CE00012D003AB1846FFF7A5FF04909DF80730EC
:103CF0000099184613F0F8FF0590049B002B03DB96
:103D0000039B1846FFF7A4FF059B184607B05DF814
:103D100004FB00B583B001900091019B1B68002B50
:103D200004D1009B1A68019B1A6007E0019B1A6886
:103D3000009B1B681946104614F07EF9009B002278
:103D40001A60019B1B68184614F0D4FA0246019BC6
:103D50001A60019B1B689B689BB2184603B05DF814
:103D600004FB84B00190019B1B680393039B002B11
:103D70000DD0039B1A68019B1A60019B1B68002BE6
:103D800002D1019B00225A60039B00221A60039B10
:103D9000184604B0704786B00190019BDB685A4218
:103DA000019BDA600023059322E0019B1B68019AC6
:103DB000D268059901FB02F213440493049B039318
:103DC000039B00221A60019B1B6A002B06D1019BFA
:103DD000039A1A62019B039A5A6206E0019B5B6A8E
:103DE000039A1A60019B039A5A62059B013305935B
:103DF000019B5B68059A9A42D7DB00BF00BF06B003
:103E0000704700B587B001900091019BDB68002BE3
:103E100002DA0198FFF7BFFF019B103300991846A3
:103E2000FFF73FFF0390039B002B01D0002344E0EA
:103E3000019B9B68002B3ADD019B1B6A002B36D14E
:103E4000019BDB68019A926802FB03F31846EEF7C8
:103E5000EFFD0590059B002B01D100232DE00023F1
:103E600004931FE0059B0293029B00221A60019BB2
:103E70001B6A002B06D1019B029A1A62019B029ACF
:103E80005A6206E0019B5B6A029A1A60019B029AE1
:103E90005A62019BDB681A46059B13440593049BF9
:103EA00001330493019B9B68049A9A42DADB019BDD
:103EB00020331846FFF755FF0346184607B05DF854
:103EC00004FB00B585B001900091019B9B68012B1C
:103ED00014D1019B1B68009A9A420BD3019B1B686B
:103EE000019A52680199C96801FB02F21344009AD1
:103EF0009A4203D30098EEF755FD1FE0009B039311
:103F0000019BDB681A4600210398EEF707F9039B33
:103F10000293029B00221A60019B1B6A002B06D1B0
:103F2000019B029A1A62019B029A5A6206E0019B67
:103F30005B6A029A1A60019B029A5A62019B1033D3
:103F40001846ECF77FFB00BF05B05DF804FB00B539
:103F500085B0019000230293019B103302AA114601
:103F60001846ECF78EFA0390039B002B07DB029BAD
:103F7000002B01DD002301E06FF01B030393039B83
:103F8000184605B05DF804FB00B583B0019006212A
:103F9000019801F03AFC0346184603B05DF804FBB3
:103FA00000B585B0039001930B46ADF80A30134677
:103FB000ADF80830039B45221A70039B9DF8202022
:103FC0005A70BDF80A301B0A9BB2DAB2039B9A7092
:103FD000BDF80A30DAB2039BDA702F4B1B8801332D
:103FE0009AB22D4B1A802C4B1B881B0A9BB2DAB25B
:103FF000039B1A71284B1B88DAB2039B5A71039BEF
:1040000040229A71039B0022DA71039B9DF81C20C9
:104010001A72BDF80830DAB2039B5A72069B1A88EE
:10402000039B1A82069B5A88039B5A82019B1A881B
:10403000039B9A81019B5A88039BDA81099B002B81
:1040400013D0039B1A78099B1B789B08DBB213449F
:10405000DAB2039B1A70039B03F11400099B591CED
:10406000099B1B781A46EEF7BEF8039B00225A8183
:10407000039801F0F1FB0346DB439AB2039B5A819C
:10408000039B1B789B009BB203F03C039BB218463A
:1040900005B05DF804FB00BF9C4D002400B583B063
:1040A0000190019909200DF075FC00BF03B05DF887
:1040B00004FB00B583B0019000910099019800F0D5
:1040C00065F80346184600F004F800BF03B05DF839
:1040D00004FB00B583B00190019B002B07D0019B2E
:1040E000DB6D002B03D0019BDB6D0198984700BF6F
:1040F00003B05DF804FB000000B587B001900091AB
:1041000000230493FF238DF80F30FFF777FD174B43
:104110001B6805931BE0059B5B6903F00203002B02
:1041200012D0059B5B6A002B0ED0059B5A6A019B3F
:104130005A40059BDB6A1340002B05D1059B049375
:1041400020238DF80F3005E0059B1B680593059B28
:10415000002BE0D1FFF766FD009B9DF80F201A7041
:10416000049B184607B05DF804FB00BF2437002409
:1041700000B585B001900DF10F0319460198FFF7C6
:10418000BBFF0346184605B05DF804FB00B585B0DB
:1041900001900091009BB3F1FF3F0BD1019B002BDD
:1041A00003D100F083F8034613E00198FFF7E0FF26
:1041B00003460EE00DF10B0319460098FFF79CFF34
:1041C0000390039B002B01D0039B02E000F06EF8EC
:1041D0000346184605B05DF804FB000000B585B045
:1041E0000190019B002B02DD019B202B01DD0023B0
:1041F00026E0FFF703FD144B1A68019B013B22FAEE
:1042000003F303F00103002B03D1FFF70BFD0023A1
:1042100016E00E4B1B6803930CE0039B9B7E1A4633
:10422000019B934203D1FFF7FDFC039B08E0039B36
:104230001B680393039B002BEFD1FFF7F3FC0023D4
:10424000184605B05DF804FB283700242437002405
:1042500000B583B00190019B013B0193019B002BB2
:104260001BDB019B1F2B18DCFFF7C8FC10E00E4B7B
:104270001A68019B22FA03F303F00103002B04D018
:10428000FFF7D0FC019B013309E0019B013301934F
:10429000019B1F2BEBDDFFF7C5FC6FF012031846E7
:1042A00003B05DF804FB00BF2837002400B583B0DD
:1042B00000230193FFF7A2FC104B1B68009313E04F
:1042C000009B5B6903F00203002B0AD0009B1B7E5E
:1042D000012B06D0009B1B7E092B02D0009B019373
:1042E00005E0009B1B680093009B002BE8D1FFF7C3
:1042F00099FC019B184603B05DF804FB24370024A9
:1043000000B585B0019000238DF80B30FFF776FCE7
:104310000C4B1B6803930AE0039A019B9A4203D15A
:1043200001238DF80B3005E0039B1B680393039B6F
:10433000002BF1D1FFF776FC9DF80B30184605B045
:104340005DF804FB2437002400B58BB00590049180
:1043500013468DF80F30059B5B7EADF82230059B30
:104360005B6B079300220021059800F052F809903A
:10437000099B002B01D0099B47E0059B186B059B0F
:104380009B8F1946BDF822305B42002200920A46FC
:10439000079913F02AFF0990059B9B8F1A46099BEA
:1043A00093422BD1059B1A6B059B1B6B5B790833E2
:1043B00013441A1D059B5B7E5B421A44059B5A639E
:1043C000049B059898470990059B1B6B002B15D003
:1043D0009DF80F30002B11D0099B002B0ED1059BAF
:1043E0009B8F002B0AD0059B196B059B9B8F1A4650
:1043F000BDF822305B42079813F00DFF059800F0DE
:1044000078F8059B079A5A63099B18460BB05DF82C
:1044100004FB00B585B003900B4601928DF80B307C
:10442000039B1B6B002B15D101990020FFF747FC64
:104430000246039B1A63039B1B6B002B0AD19DF85A
:104440000B30002B06D001990120FFF738FC024603
:10445000039B1A63039B1B6B002B02D16FF00B03B2
:1044600014E0039B1B6B0E21184614F0BCF8039B51
:104470001A6B039B1B6B5B79083313441A1D039B58
:104480005B7E5B421A44039B5A630023184605B0C7
:104490005DF804FB00B583B001900091019800F035
:1044A00028F8019B009A1A63019B1A6B019B1B6BF6
:1044B0005B79083313441A1D019B5B7E5B421A44EF
:1044C000019B5A63009B9B689AB2019B9A8700BF2D
:1044D00003B05DF804FB82B00190019B00221A63D7
:1044E000019B00225A63019B00229A8700BF02B001
:1044F000704700B583B00190019B1B6B002B07D068
:10450000019B1B6B184613F0E3FE019B00221A630C
:10451000019B00225A6300BF03B05DF804FB00B5A5
:1045200089B005900B468DF813309DF8133018466E
:1045300013F010FC0790079B002B01D100231DE016
:104540000E21079814F04FF8059B186B059B1B6B09
:104550009968002302939DF8133001930023009380
:10456000079B002213F0A0FC0690069B002B04DAA8
:10457000079813F0ADFE002300E0079B184609B032
:104580005DF804FB00B58BB00190019B1A6B019B99
:104590001B6B5B79083313441A1D019B5B7E5B42E6
:1045A00013440893019B1A6B019B1B6B5B790833C7
:1045B000134404330793019B1B7E002B03D0019B04
:1045C0001B7E052B70D1019B5B6903F08003002BE0
:1045D00006D0019B5B6923F08002019B5A6164E075
:1045E000079B5B8A1B04079A128A1A43304B1B886D
:1045F0001B04304909880B439A4206D1089B2E4A76
:104600001068186092889A803CE0079B5B8A1B04C4
:10461000079A128A13430693019B5A6A069B5A40D3
:10462000019BDB6A1340002B03D0019B9B6A09931B
:1046300012E0019BDB6ADA43069B1A40019BDB6AAE
:10464000DB439A4206D1089B1B4A10681860928887
:104650009A8017E0069B099303A90023019A099801
:1046600000F090F90590059B002B04DA0999019858
:1046700000F024F819E0089B1A4603AB1868106094
:104680009B889380089B981D019B1E330622194628
:10469000EDF7A9FD089B08229A81019B9B8F0E33A1
:1046A0009AB2019B9A8700E000BF0BB05DF804FB53
:1046B0003EEF04083CEF040834EF040800B585B071
:1046C00001900091002200210198FFF7A2FE03460D
:1046D000002B66D1019B1A6B019B1B6B5B79083326
:1046E000134404330393019B1A6B019B1B6B5B798F
:1046F000083313441A1D019B5B7E5B4213440293F3
:10470000029B0622FF211846EDF708FD039B12339A
:10471000062200211846EDF701FD029B981D019B22
:104720001E3306221946EDF75EFD039B03F10800D8
:10473000019B1E3306221946EDF755FD6B461A887C
:10474000039B1A83BDF80220039B5A83019B2433E9
:104750001A88039BDA81019B243302331A88039B56
:104760001A82039B4FF48072DA80039B4FF48072AD
:104770001A80039B08225A80039B06221A71039B0E
:1047800004225A71029B4FF4C1629A81019B2A2232
:104790009A87019B1B6B00221C21184613F064FFB3
:1047A00000E000BF05B05DF804FB00B585B00190E6
:1047B0000091009B0393019B1B7E002B05D0019B66
:1047C0001B7E052B01D0002314E0019B5A6A039B3A
:1047D0001B689A4201D000230CE0039B5B68002B0E
:1047E00007D0039B5868019B1E3306221946EDF73C
:1047F000FAFC0123184605B05DF804FB82B0019075
:104800000091019B1B68002B01D1019B0FE0009BD5
:104810001B68002B01D1009B09E0019BDA68009B1B
:10482000DB68D31A002B01DC019B00E0009B1846DB
:1048300002B0704700B587B00390029113468DF81F
:104840000730002305932AE0059A13469B00134482
:104850009B00174A13440493049B1B69029A9A42D3
:104860001AD1049B1B68039A9A4215D19DF8073010
:1048700083F00103DBB2002B01D0049B13E0E2F7CD
:10488000ACF80246049BDB68D31A0A4A934201D86B
:10489000049B08E0002306E0059B01330593059B7C
:1048A0000F2BD1DD0023184607B05DF804FB00BFD5
:1048B000A04D0024C0D4010000B587B00390029140
:1048C00001922E4B05930023049338E02B49049A60
:1048D00013469B0013449B000B4410331B68039A40
:1048E0009A421DD12549049A13469B0013449B000C
:1048F0000B441B68002B13D02049049A13469B00DD
:1049000013449B000B441B68029A9A4208D1049AF4
:1049100013469B0013449B00184A1344059311E06F
:10492000049A13469B0013449B00144A13441946EF
:104930000598FFF763FF0590049B01330493049BE4
:104940000F2BC3DD019B002B01D10D4B0193059B68
:10495000029A1A60059B0433062201991846EDF766
:1049600042FC059B039A1A61E2F737F80246059B61
:10497000DA600023184607B05DF804FBA04D002460
:1049800040EF040800B589B00390029101928DF8C0
:1049900003309DF803301A4601990398FFF74AFF48
:1049A0000790079B002B18D0079B0433062215495C
:1049B00018460FF094FF0346002B02D16FF06403FA
:1049C0001BE0029B002B06D0079B043306221946EE
:1049D0000298EDF708FC00230FE0039B0593029B70
:1049E000069305AB1946084800F0A8FF0346002BC4
:1049F00001D0002301E06FF00103184609B05DF813
:104A000004FB00BF40EF0408AB47020800B585B0C7
:104A100001900091002200990198FFF70BFF03908D
:104A2000039B002B04D0039B00221A60002301E0AB
:104A30006FF00103184605B05DF804FB00B585B0C2
:104A4000039002910192029B01225A76019B1AB2B5
:104A5000029B5A85029B1B6800229A82029B1B685C
:104A600000221A61029B1B680022DA60029B083355
:104A70001846EBF7E7FD029B5B68002B12D0029B08
:104A800008331846E3F770F9029B1B681946039830
:104A9000FEF7A6FD029B5B68019903989847029870
:104AA000EDF780FF00BF05B05DF804FB00B587B0EF
:104AB000039002911346ADF80630029B0593059BC7
:104AC000002B3AD0039B181D059B1A331022194660
:104AD00010F02BF80346002B02D0BDF806302EE074
:104AE000BDF8063003F48053002B08D06FF0640249
:104AF00005990398FFF7A2FFBDF806301FE0039B5E
:104B0000DB8F002B05D1BDF8063003F00203002B2C
:104B100002D0BDF8063012E0059BDB6A1946039807
:104B2000FFF7CCFD039B5B6943F08002039B5A6156
:104B3000002205990398FFF781FFBDF8063018465B
:104B400007B05DF804FB82B00190009100BF02B095
:104B50007047000000B599B00190019BB3F1FF3F91
:104B600001D10023D3E001990020FFF70FFB16903D
:104B7000169B002B03D16FF070031793C6E0169BB2
:104B80001B7E002B05D0169B1B7E052B01D000231E
:104B9000BDE0169B5A6A019B5A40169BDB6A134084
:104BA000002B05D0169B9B6A1593159B01930BE078
:104BB000169BDB6ADA43019B1A40169BDB6ADB43D8
:104BC0009A4201D10023A2E0FFF718F8169B03F1E7
:104BD0004801169B4C331A461698FEF78FFC034685
:104BE0000293029B002B03D16FF00B0317938BE012
:104BF00002AB0833002200211846EBF70EFC00231D
:104C00008DF82030019B0D93169B191D02AB1A33B2
:104C100010221846EDF798FA0123169A0021019800
:104C2000FFF7B0FE1790179B002B60DA179B13F16C
:104C3000650F04D10021019800F070F85AE00EAB26
:104C40001946019800F022F900238DF821304FF623
:104C5000F073ADF83230029B4FF440529A82029BBF
:104C600002AA1A61029B2C4ADA6000230393169869
:104C7000FFF72FFA02AB083314211846FFF711F89B
:104C80001790179B13F16E0F04D10EAB184600F06E
:104C900027F91CE09DF82130DBB283F00103DBB281
:104CA000002BE7D1BDF932301793179B002B04DAA4
:104CB0000EAB184600F014F913E00EAB14211846A1
:104CC00000F04EF91790179B002B12DA00BF9DF8E9
:104CD00020300133DBB28DF820309DF82030042BDA
:104CE0009AD9002201991698FFF7E6FD02E000BF6D
:104CF00000E000BF02AB08331846E3F735F8029B2B
:104D000019461698FEF76CFCFEF78CFF179B1846A9
:104D100019B05DF804FB00BFAD4A020800B587B0CA
:104D2000019000913020EDF783FE0490002305935D
:104D3000049B002B03D16FF00B0305934EE0019908
:104D40000020FFF723FA0390039B002B03D16FF0A1
:104D50007003059342E0FEF751FF039B03F1480106
:104D6000039B4C331A460398FEF7C8FB0246049B8C
:104D70001A60049B1B68002B03D16FF00B03059393
:104D80002AE0049B0833002200211846EBF745FB7C
:104D9000049B019ADA62049B03F11A00039B04331B
:104DA00010221946EDF7D0F9049B1B684FF44052CE
:104DB0009A82049B1B68049A1A61049B1B680A4A26
:104DC000DA60009B002B01D0009B00E0074B049AA7
:104DD00053600398FFF77DF9FEF724FF059B184603
:104DE00007B05DF804FB00BFAD4A0208474B02085C
:104DF00000B583B001900091019B00229A63019B52
:104E000000229A87019B0022DA87019B9B6C1A463D
:104E10004FF400510198FEF707FC00990198FEF746
:104E2000F8FD0346184603B05DF804FB82B0EFF3CB
:104E300011830193019BDBB2184602B0704782B028
:104E40000190019B83F3118800BF02B0704700B549
:104E500083B0FFF7EBFF03468DF807308020FFF7A4
:104E6000EEFF9DF80730184603B05DF804FB00B56F
:104E700083B003468DF807309DF807301846FFF7DA
:104E8000DEFF00BF03B05DF804FB000000B585B095
:104E900001900091009B019A5A60009B6FF06D0297
:104EA0009A61009B0833002200211846EBF7B5FAFF
:104EB000FFF7CDFF03468DF80F30084B1A68009BB3
:104EC0001A60064A009B13609DF80F301846FFF7E2
:104ED000CEFF00BF05B05DF804FB00BFE04E00242C
:104EE00000B587B001906FF001030393FFF7AFFFA8
:104EF00003468DF80B3000230493184B1B68059371
:104F000004E0059B0493059B1B680593059B002B00
:104F100003D0059A019B9A42F3D1059B002B0DD03B
:104F2000049B002B04D0019B1A68049B1A6003E0C9
:104F3000019B1B68094A1360002303939DF80B3003
:104F40001846FFF794FF019B08331846E2F70CFF61
:104F5000039B184607B05DF804FB00BFE04E002439
:104F600000B585B001900091019B08330099184667
:104F7000FEF797FE019B9B6903930198FFF7B0FF33
:104F8000039B184605B05DF804FB00B583B00190A3
:104F90000091009B002B0ED0019B00229A87019B61
:104FA0000022DA8710220099019800F0F1FD019BA0
:104FB000DB8F002B03D1019B00229A8700E000BF0A
:104FC00003B05DF804FB00B583B001900091019B34
:104FD00000229A87019B0022DA871022009901980B
:104FE000FBF7F4FB019BDB8F002B03D1019B00221D
:104FF0009A8700E000BF03B05DF804FB00B585B000
:1050000001900091002200210198FFF702FA034667
:10501000002B2DD1009B93F85430002B08D0009B1F
:10502000002283F8542000990198FCF719FB20E036
:10503000019B00229A87019B0022DA87009B93F84C
:105040003C3003F00F03042B13D10098FDF7C4FB91
:10505000102200990198FDF707FB0346ADF80E30CA
:10506000BDF80E301A4600990198FCF7B9FF00E030
:1050700000BF05B05DF804FB00B583B0019000915E
:10508000009B9B8D002B13D0019B00229A87019BD4
:105090000022DA8710220099019800F08BF9019B19
:1050A000DB8F002B04D00099019800F007F802E094
:1050B000019B00229A8703B05DF804FB30B589B0EC
:1050C00005900491059BDB8F002B66D0059B1A6B26
:1050D000059B1B6B5B79083313440433143307932C
:1050E000049B9B6A0693059BDB8F1C339AB2059B3E
:1050F0009A87059B1A6B059B1B6B5B7908331344DE
:10510000181D059B998F059B03F12404049B93F8BC
:105110002130049A92F820200025039502920193F1
:1051200006AB009323461122FEF73AFF1C4B9B88E7
:1051300001339AB21A4B9A80049B9A8D079B1A806E
:10514000049BDA8D079B5A80059BDB8F08339BB24B
:105150005BBA9AB2079B9A80079B0022DA80059B74
:10516000186B059B9B8F0022194613F07DFA05985A
:1051700000F096FB0346DB439AB2079BDA80079B5D
:10518000DB88002B03D1079B4FF6FF72DA80044BBC
:105190009B8D01339AB2024B9A8500BF09B030BD96
:1051A000E44B002484B001900823ADF80E30BDF824
:1051B0000E3014339BB2184604B0704700B593B05C
:1051C000059004910392ADF80A3008AB00221A60F2
:1051D0005A609A60DA60059B1B6B0C93059B1A6BF7
:1051E000059B1B6B5B790833134404331433119311
:1051F000059B1A6B059B1B6B5B79083313440433C7
:1052000010930223ADF82030119B1B88ADF822309B
:10521000109BDB891B04109A92891343099308ABF6
:105220000833082200211846ECF778FF10238DF888
:105230001F3008AB0F93059B9A6B0C9B0C33D31A52
:105240000C9A52799B1A0E930E9B083B0E930C9866
:10525000059B03F14001012300930E9B082212F0ED
:10526000C4FF0D900D9B002B5EDB9DF81F301A468E
:105270000E9B9B1A0E930C989DF81F301A46012323
:1052800000930E9B0F9912F0B0FF0D900D9B002B19
:105290004CDB0E9B013B0E930C980DF11F0101237B
:1052A00000930E9B012212F0A0FF0D900D9B002B8E
:1052B0003EDB0E9B013B0E930C98059B03F11A01FC
:1052C000012300930E9B012212F08FFF0D900D9B86
:1052D000002B2FDB0E9B023B0E930C980DF10A0165
:1052E000012300930E9B022212F07FFF0D900D9B75
:1052F000002B21DB0C9A0C9B5B7919460E9B0B440F
:105300001946104613F06FF9049B34330CAA11466A
:105310001846FEF7FEFC049800F0FAFA0598FFF72D
:10532000DAF8BDF80A300CE000BF06E000BF04E088
:1053300000BF02E000BF00E000BF0598FFF7D9F80A
:105340000023184613B05DF804FB000000B589B0D7
:10535000039002911346ADF80630039B9B6B0793B5
:10536000039B9B8F0693BDF8063023F00203ADF834
:105370001630069B9BB2079A02990398FFF71EFF0F
:105380000346ADF81430BDF81430069A9A4205DD94
:10539000074B1B8D01339AB2054B1A85039B0022E4
:1053A0009A87BDF81630184609B05DF804FB00BFB7
:1053B000E44B002400B585B0039002911346ADF88C
:1053C0000630029B002B1AD0029B9A68BDF806306B
:1053D00019460398FEF728F90346ADF80630BDF8E4
:1053E000063003F00203002B09D0BDF806301A4640
:1053F00002990398FFF7AAFF0346ADF80630BDF8FF
:105400000630184605B05DF804FB82B00190019BA0
:105410009B8F002B2DD0019B1A6B019B1B6B5B7923
:105420000833134404331B7803F07003402B20D15E
:10543000019B1A6B019B1B6B5B790833134404338C
:105440005B8A1B04019A116B019A126B5279083224
:105450000A440432128A1A43019B243302331B8804
:105460001B040199243109880B439A4201D101237D
:1054700000E00023184602B0704700B583B00190E9
:105480000198FFF7C2FF034683F00103DBB2002B54
:1054900001D000231BE0019800F04CFB019B1A6B2C
:1054A000019B1B6B5B790833134404331B7803F0B7
:1054B0007003402B03D1019800F014F902E0019B26
:1054C00000229A87019B9B8F002BE4D10123184671
:1054D00003B05DF804FB000000B587B00190019BAC
:1054E0001A6B019B1B6B5B790833134404330493E1
:1054F000002305937A4B5B8801339AB2784B5A802C
:10550000049B1B7803F07003402B05D1049B1B7890
:1055100003F00F03042B0CDC714B1B8801339AB290
:105520006F4B1A806E4BDB8801339AB26C4BDA807A
:10553000CDE0019B9B8F132B40F2C480049B9B7892
:105540001B029BB2049AD2781344ADF80E30019B33
:105550009B8FBDF80E209A420CD2019B1B6BBDF8AD
:105560000E100022184613F07FF8019BBDF80E20A4
:105570009A8706E0019B9B8FBDF80E209A4200F2AD
:10558000A380049B9B7903F03F03002B03D1049B72
:10559000DB79002B0CD0524B1B8801339AB2504B55
:1055A0001A804F4B1B8901339AB24D4B1A818EE002
:1055B000049B5B8A1B04049A128A13430293049B84
:1055C0005B7A112B08D1029BB3F1FF3F04D1019804
:1055D00001F06AFE059070E0049B5B7A112B17D1F5
:1055E000019B5A6A029B5A40019BDB6A1340002BC5
:1055F0000ED1019BDB6ADA43029B1A40019BDB6AF6
:10560000DB439A4204D1019801F04EFE059054E02C
:10561000019B5B6A029A9A420AD0049B5B7A112B27
:105620000AD02F4B1B8801339AB22D4B1A804EE0C3
:10563000019B5B6A002B49D0019B1A6B019B1B6B82
:105640005B79083313440433184600F005F9034628
:105650001A464FF6FF739A420CD0214B1B88013338
:105660009AB21F4B1A801E4B5B8901339AB21C4BB6
:105670005A812CE0049B5B7A112B09D0112B0FDC93
:10568000012B09D0062B0BD1019801F002FC14E08C
:10569000019801F009FE10E0019800F073F90CE0A8
:1056A0000F4B1B8801339AB20D4B1A800C4B9B8910
:1056B00001339AB20A4B9A8109E00198FEF792F9F8
:1056C000059B08E000BF02E000BF00E000BF019BB7
:1056D00000229A870023184607B05DF804FB00BF3C
:1056E000E44B002400B585B00190019B403319467E
:1056F000002009F059FD019B1B6B002B19D0019B69
:105700005B6B0393019B1A6B019B1B6B5B790833EB
:1057100013441A1D019B5B7E5B421A44019B5A6332
:105720000198FFF7D9FE0290019B039A5A63029BEE
:1057300005E0012204490198FEF706FE03461846DB
:1057400005B05DF804FB00BFD954020800B587B06E
:1057500001900B468DF80330019B1A6B019B1B6B6C
:105760005B790833134404330593059B1B789B0036
:105770009BB203F03C03ADF81230059B9B781B02F3
:105780009BB2059AD27813449AB2BDF81230D31A5C
:10579000ADF810309DF803309AB2BDF810301344C4
:1057A000ADF80E30059B03F10C01BDF80E30082258
:1057B000184601F024FE0346184607B05DF804FBC6
:1057C00000B585B001900B46ADF80230019B1A6B15
:1057D000019B1B6B5B790833134404330393039BD6
:1057E0001B789B009BB203F03C03ADF80A30019B91
:1057F000196BBDF80A20BDF80230184601F019FEF9
:105800000346184605B05DF804FB00B585B001906D
:105810000B468DF803309DF8033019460198FFF7C9
:1058200095FF0346ADF80E30BDF80E3019460198CD
:10583000FFF7C6FF0346ADF80E30BDF80E30002B63
:1058400004D0BDF80E305BBA9BB201E04FF6FF7397
:10585000184605B05DF804FB00B585B00190019BCA
:105860001B789B009BB203F03C03ADF80E30BDF8F3
:105870000E301A460199002001F0C1FD0346ADF833
:105880000C30BDF80C30002B04D0BDF80C305BBAE6
:105890009BB201E04FF6FF73184605B05DF804FBBC
:1058A00000B583B0019011210198FFF7AEFF0346C8
:1058B000184603B05DF804FB00B589B0039002916F
:1058C0000192029B9B6B002B01D1002310E0072368
:1058D0008DF8103000238DF81130029B0593019B49
:1058E0000693039B079304AB18460BF083FF034614
:1058F000184609B05DF804FB00B583B00190019B28
:105900001B6818460BF0DAFF00BF03B05DF804FB1C
:1059100000B583B00190019906200CF03BF800BF60
:1059200003B05DF804FB00B583B001900199072036
:105930000CF030F800BF03B05DF804FB00B585B093
:105940000190009100230293019B002B13D00C4B7C
:105950001B6803930CE0019B00990398984703464A
:10596000002B02D00123029305E0039B1B680393E5
:10597000039B002BEFD1029B184605B05DF804FB9A
:105980002437002486B00190019B1A6B019B1B6B8E
:105990005B790833134404330593059B1B789B0004
:1059A0009BB203F03C03ADF812302C4B1B8A013341
:1059B0009AB22A4B1A82019B1A6B019B1B6B5B7973
:1059C000083313441A1DBDF8123013440393039B8C
:1059D0001B78082B35D1039B00221A70059B9A89EE
:1059E000059B1A82059BDA89059B5A82019B243309
:1059F0001A88059B9A81019B243302331A88059BE0
:105A0000DA81039B5B884FF6F672934206D9039BBB
:105A10005B8809339AB2039B5A8005E0039B5B883D
:105A200008339AB2039B5A800C4B5B8A01339AB2BB
:105A30000A4B5A82094B9B8801339AB2074B9A80D2
:105A400009E000BF054B9B8A01339AB2034B9A824F
:105A5000019B00229A8706B0704700BFE44B0024E8
:105A600000B589B005900491012012F073F90790F8
:105A7000079B002B01D1002328E0059B186B059B99
:105A80009B8F1946059B5B7E5A420023029301239C
:105A9000019300230093079B12F006FA0690069BE1
:105AA000002B0CDB049B28331946079811F0F0FFFC
:105AB0000690069B002B04DB059B9B8F06E000BF36
:105AC00000E000BF079812F003FC0023184609B05D
:105AD0005DF804FB00B587B00190002305930198A1
:105AE000FAF7C4FC0490049B002B1ED0019B5A6B58
:105AF000019B9A63019B0022DA8702220499019894
:105B000000F046F80346ADF80E30BDF80E3003F055
:105B10000203002B09D004990198FFF7A1FF034667
:105B2000002B02D16FF00A030593059B184607B0BE
:105B30005DF804FB00B585B00190019B1B6B002B49
:105B400019D0019B5B6B0393019B1A6B019B1B6B31
:105B50005B79083313441A1D019B5B7E5B421A4438
:105B6000019B5A630198FFF7B5FF0290019B039ACE
:105B70005A63029B05E0002204490198FEF7E4FB0A
:105B80000346184605B05DF804FB00BFD55A02086D
:105B900000B585B0039002911346ADF80630029B24
:105BA000002B0AD0029B9A68BDF80630194603986C
:105BB000FDF73AFD0346ADF80630BDF8063018464D
:105BC00005B05DF804FB00B58BB003900291019223
:105BD000029B04331846FBF7A2FB0990029B9B7CB7
:105BE0001BB21B021AB2029BDB7C1BB213431BB21B
:105BF000ADF8223000230793029B5B7B8DF81B30AE
:105C00009DF81B3003F00203002B0ED0099B0133DB
:105C10000993079B01330793019B013B01939DF877
:105C20001B3023F002038DF81B30019B002B24D086
:105C3000019B0593039B9B8F1A46059B934202D9B8
:105C4000039B9B8F0593099A059B13440993079A1D
:105C5000059B13440793039B9A6B059B1A44039B74
:105C60009A63039B9A8F059B9BB2D31A9AB2039BAC
:105C70009A87019A059BD31A0193019B002B14D09C
:105C80009DF81B3003F00103002B0ED0099B01335C
:105C90000993079B01330793019B013B01939DF8F7
:105CA0001B3023F001038DF81B309DF81B3003F0EF
:105CB0002003002B21D0BDF82230079A9A4209D345
:105CC0009DF81B3023F020038DF81B300023ADF826
:105CD000223006E0079B9BB2BDF82220D31AADF814
:105CE0002230BDF822301B0A9BB2DAB2029B9A74B2
:105CF000BDF82230DAB2029BDA74029B9DF81B20B9
:105D00005A73029B043309991846FBF7E9FA9DF888
:105D10001B3003F00303002B05D1039B9B8F002B4B
:105D200001D1012300E0002318460BB05DF804FB0D
:105D300000B583B001900091009B04331846FBF737
:105D4000EEFA03465A1E019BC3F88420009B0833D9
:105D50001846FBF7E4FA0246019BC3F88820019B32
:105D60000022DA6700BF03B05DF804FB00B589B01C
:105D700001900091009B08331846FBF7D0FA07907A
:105D8000009B04331846FBF7CAFA0690009B9B7BE6
:105D90001B029BB2009AD27B1344ADF81630BDF8BB
:105DA0001630019A92F8802093400493019BD3F817
:105DB00088300393039A079BD31A002B16DA079AAD
:105DC000039BD31A0293019BDB6F029A9A4203D979
:105DD000019B0022DA6705E0019BDA6F029BD21A71
:105DE000019BDA67019B079AC3F88820019BD3F8CF
:105DF0008420069BD31A002B13DB019BD3F884303D
:105E0000069A9A4204D1039A079BD31A002B08DB07
:105E1000039A079B9A4216D1019BDB6F049A9A4220
:105E200011D9019B069AC3F88420019B079AC3F8F5
:105E30008820019BDB6F049A9A4204D0019B049A4C
:105E4000DA67012300E00023184609B05DF804FB7F
:105E500000B587B0039002910192019B0593C4E0C5
:105E6000059A13465B0013449B00A033039A134426
:105E700004330493029B1A68049B1B68D31A002BFB
:105E80004DDB049B5A68029B1B68D31A002BC0F29F
:105E9000A680029B1A68049B5B689A420DD1049B02
:105EA00003F10802029B083319461046FDF731FF43
:105EB000029B5A68049B5A6094E0049B5A68029BB8
:105EC0005B68D31A002B08DB029B9B68184612F014
:105ED000FFF9029B00229A6084E0049B5A68029BAF
:105EE0005B68D31A002B7DDA029B9868049B5A6882
:105EF000029B1B68D31A194612F09CFA0246029BB9
:105F00009A60049B03F10802029B0833194610466D
:105F1000FDF7FFFE029B5A68049B5A6062E0029BF9
:105F20005A68049B1B689A4214D1029B03F1080231
:105F3000049B083319461046FDF7EBFE029B9A6856
:105F4000049B9A60029B1A68049B1A60029B0022C1
:105F50009A6047E0029B5A68049B1B68D31A002B87
:105F60003FDB029B5A68049B5B68D31A002B0DDB56
:105F7000049B9B68184612F0ABF9049B029A07CA6F
:105F800083E80700029B00229A602BE0049B1A68BA
:105F9000029B5B68D31A002B24DA029B9868029B51
:105FA0005A68049B1B68D31A194612F09AFA0246E3
:105FB000029B9A60029B03F10802049B0833194676
:105FC0001046FDF7A6FE029B9A68049B9A60029B0E
:105FD0001A68049B1A60029B00229A6002E000BFCC
:105FE00000E000BF059B01330593039B93F8A030AD
:105FF0001A46059B934204DA029B9B68002B7FF4B0
:106000002FAF029B9B68002B0CBF01230023DBB248
:10601000184607B05DF804FB00B58BB00390029101
:10602000019200230893039B1A6B039B1B6B5B7904
:10603000083313441A1D019B134404331846FBF71D
:106040006EF9034604930298FCF7ECFA0346B3F5A5
:10605000804F06DD049A029BD3F8A4309A4280F068
:10606000D580039B9A6B039B1B6B0C33D31A039A4B
:10607000126B52799B1A0793049A039B1B6B9968C6
:10608000079BCB1A13440593039B1B6B079A11467E
:10609000184612F0CFF90246039B1A63039B1B6B51
:1060A000002B00F0AA80039B1B6B9B68002B00F069
:1060B000A480039B1B6B069304AB00221946029835
:1060C000FFF7C6FE03468DF827309DF8273083F092
:1060D0000103DBB2002B1FD0029B93F8A030042BEE
:1060E0001AD0029B93F8A0301946029A0B465B0027
:1060F0000B449B001344A033043304AA07CA83E86B
:106100000700029B93F8A0300133DAB2029B83F8B8
:10611000A02001238DF827309DF82730002B57D081
:10612000029B93F8A0301A46029BA43319461046EE
:1061300000F040FE0346002B4AD042E0089A134686
:106140005B0013449B00A033029A1344191D089B63
:1061500001331A460298FFF77BFE0346002B2DD031
:106160001AE0089B5A1C029808990B465B000B44E6
:106170009B00034403F1A001029813465B00134403
:106180009B00034403F1A0020B1D043207CA83E8FD
:106190000700089B01330893029B93F8A030013B52
:1061A000089A9A42DDDB029B93F8A030013BDAB2F9
:1061B000029B83F8A0200023089302E0089B013390
:1061C0000893029B93F8A030013B089A9A42B5DBF2
:1061D0000023089302E0089B01330893029B93F885
:1061E000A0301A46089B9342F5DB9DF82730002B20
:1061F00005D00398FEF76FF902E000BF00E000BF92
:10620000002200210398FEF704F900E000BF0BB064
:106210005DF804FB8AB0039002910192039B1A6B14
:10622000039B1B6B5B79083313441A1D019B1344BA
:106230000793079B1B7B03F0F003502B40F3E48094
:10624000019B1433069300230993D2E0039B1A6B3E
:10625000039B1B6B5B79083313441A1D0999069B3A
:106260000B4413441B788DF817309DF81730002B22
:1062700000F0CC809DF81730012B03D1099B01332E
:106280000993B6E09DF81730022B5DD1039B1A6B82
:10629000039B1B6B5B79083313441A1D0999069BFA
:1062A0000B44013313441B78042B4DD1039B9B8B70
:1062B000039A527E9B1A9AB2019B9BB2D31A9BB24D
:1062C000143BADF82230039B1A6B039B1B6B5B796D
:1062D000083313441A1D0999069B0B4402331344D7
:1062E0001B781BB21B021AB2039B196B039B1B6B1F
:1062F0005B7908330B44191D0998069B034403334B
:106300000B441B781BB213431BB2ADF81430029B35
:10631000B3F85E30002B0BD0029BB3F85E30BDF8B3
:1063200022209A4204D9029BB3F85E30ADF82230A5
:10633000BDF81420BDF82230934228BF13469AB20C
:10634000029BA3F85C2042E09DF81730032B2ED16E
:10635000039B1A6B039B1B6B5B79083313441A1D59
:106360000999069B0B44013313441B78032B1ED160
:10637000039B1A6B039B1B6B5B79083313441A1D39
:106380000999069B0B44023313441A78029B83F845
:106390008020029B002283F88120029BB3F890307A
:1063A00043F001039AB2029BA3F890200FE0039BF5
:1063B0001A6B039B1B6B5B79083313441A1D0999F5
:1063C000069B0B44013313441B78002B20D0039B06
:1063D0001A6B039B1B6B5B79083313441A1D0999D5
:1063E000069B0B44013313441B781A46099B134444
:1063F0000993079B1B7B1B09DBB2053B9B00099A9A
:106400009A42FFF623AF04E000BF02E000BF00E0C5
:1064100000BF0AB0704782B001900091009B9B7B47
:10642000002B03D1009BDB7B002B16D0019B93F844
:10643000D430002B11D0009B5B7B03F01003002BAA
:106440000BD0019B002283F8D420019B002283F80B
:106450005620019B002283F8552000BF02B07047F0
:1064600000B595B003900B4601928DF80B300023D8
:1064700012938C4B1B8B01339AB28A4B1A83039B6A
:106480001A6B039B1B6B5B79083313441A1D019B2A
:1064900013440F93019B14330E930398FDF774FD7F
:1064A00003461A464FF6FF739A420DD07D4BDB8AA6
:1064B00001339AB27B4BDA827A4B9B8B01339AB2CF
:1064C000784B9A8300F070BC0F990398FAF76CFD33
:1064D0001290129B002B0DD0129B93F83C3003F0CE
:1064E0000F03022B6DD00F9B5B7B03F03F03022B4E
:1064F00067D154E00F9B5B7B03F03F03022B4DD130
:106500000F9B5B88ADF83630039B1A6B039B1B6BAC
:106510005B790833134404335B8A1B04039A116BC1
:10652000039A126B527908320A440432128A1343D6
:106530000493BDF8362004AB1146184600F0CCFC9D
:106540001290129B002B29D0129A0F990398FAF7F8
:1065500049FD1290129B002B03D0129B012283F85D
:106560003820129B002B07D14E4B9B8C01339AB2E3
:106570004C4B9A8400F018BC129B2C330121184616
:10658000FDF7CCFA019A12990398FFF743FE122205
:1065900012990398FBF744FC00F009BC00BF0F9B65
:1065A0005B7B03F00403002B40F0EF833D4BDB8C5F
:1065B00001339AB23B4BDA8412990398FBF722FB22
:1065C000F5E300BF0023ADF84E300F9B5B7B03F07B
:1065D0000403002B1CD0129B93F83C3003F00F03F4
:1065E000022B0BD1129B002283F83C20129B00222D
:1065F00083F838201298FAF765FCD5E3129B002245
:1066000083F83C20802212990398FCF72DF8CBE305
:106610000F9B1B7B1B09DBB29B000C930F9B1B7B0F
:1066200003F0F003502B0CDD039B9B8F1A460C9B51
:10663000934206DC039B9A6B0C9B143B1A44039B0E
:106640009A63039B9A8F0C9B99B2019B9BB20B445C
:106650009BB2D31A9AB2039B9A870F9B5B7B03F082
:106660001003002B00F09680129BD3F88C30002B87
:1066700000F09080129B30331846FAF750FE0B90D2
:106680000F9B08331846FAF74AFE0A900B9A0A9BAA
:10669000D31A002B08DB0B9A0A9BD21A129BC3F861
:1066A0008C200CE0E44B0024129B93F83C3003F068
:1066B0000F03042B03D1129B0022C3F88C20129BE2
:1066C00093F85630002B4AD1129B93F83B20129B33
:1066D00093F85530D31ADBB28DF843309DF8432040
:1066E000129B93F83930DB08DBB2D31ADBB28DF89A
:1066F0004330129B93F839209DF843301344DAB2AB
:10670000129B83F839209DF94330002B05DA9DF860
:1067100043305B42DBB28DF843309DF84320129B3F
:1067200093F83A309B08DBB2D31ADBB28DF84330D2
:10673000129B93F83A209DF843301344DAB2129B2F
:1067400083F83A20129B93F83930DB08DAB2129BB7
:1067500093F83A301344DAB2129B83F83B20BDF829
:106760004E3043F00103ADF84E30129BD3F88C301D
:10677000002B07D1129B93F83C30042B02D100234D
:10678000119303E0129B93F83B30119311991298E7
:10679000FAF748FF129B93F83C3003F00F03032BEA
:1067A00005D10F9B5B7B03F03F03122B6CD0129B38
:1067B00093F83C3003F00F03022B05D10F9B5B7B5A
:1067C00003F03F03022B5FD00F9B04331846FAF708
:1067D000A6FD0990129B2C331846FAF7A0FD0890ED
:1067E000129B93F83C3003F00F03032B14D10F9B43
:1067F0005B7B03F00203002B0ED10F9B5B7B03F04E
:106800001003002B08D012990398FBF7FBF9012124
:106810001298FAF707FFCAE2099A089B9A4233D006
:10682000099A089BD31A002B13DA089A099BD31AEA
:106830000793079A0F990398FFF7C5F90346002BB2
:1068400022D00E9B9BB2102212990398FBF7B0F94D
:10685000ADE2129B93F83C3003F00F03042B13DCE2
:10686000019A12990398FFF7D7FB129B93F83C30DB
:1068700003F00F03042B07DC0E9B9BB2102212992E
:106880000398FBF795F992E20F991298FFF7C3FD71
:106890000F9B5B7B03F01003002B17D0129B93F828
:1068A0003C3003F00F03022B10D00F991298FCF725
:1068B00034F90F991298FFF759FA0346002B05D0C7
:1068C000BDF84E3043F00103ADF84E30129B93F803
:1068D0003C3003F00F03023B072B00F2588201A269
:1068E00052F823F005690208D36902089D6A02087C
:1068F0001D6C0208DD6C02086D6D02085D6D0208FA
:10690000FB6B0208BDF84E3003F00103002B4AD0A8
:10691000129B042283F83C200F9B5B881A46129935
:10692000039800F083FB0346002B09D0129B002242
:1069300083F838201298FAF7C5FA002312932EE64E
:10694000129B0022C3F88C200F991298FFF7F0F9E0
:106950000F991298FFF70AFA0F991298FCF765F849
:106960004FF48073ADF84E30039B9B8F002B05D006
:10697000BDF84E3043F00203ADF84E30039B0022C9
:10698000DA87BDF84E301A4612990398FBF76CFE71
:106990000346ADF81A30BDF81A301A46129903981A
:1069A000FBF71EFB03E20F9B5B7B03F03F03022B15
:1069B00040F0EF81129B03F13002129B5B6B194692
:1069C0001046FAF78DFC122212990398FBF728FA69
:1069D000EDE1BDF84E3003F00103002B49D00F9BD1
:1069E0005B7B03F03F03122B43D1019A129903986A
:1069F000FFF710FC129B042283F83C20129B2C33DF
:106A00000F9A043212681A60129B2C331846FAF758
:106A100086FC0246129B1A660F991298FFF788F9B6
:106A20000F991298FFF7A2F90F991298FBF7FDFF43
:106A3000129B2C3301211846FDF770F8129B00229F
:106A4000C3F88C20039B00229A87039B0022DA87DD
:106A50004FF4817212990398FBF706FE0346ADF8D6
:106A60001A30BDF81A301A4612990398FBF7B8FA93
:106A70009DE1802212990398FBF7F6FD129B0022FC
:106A800083F83C200F9B5B7B03F00403002B40F05A
:106A9000828112990398FBF7B5F888E10F9B5B7B25
:106AA00003F00103002B48D0129B93F83C3003F015
:106AB0001003002B41D1BDF84E3043F04003ADF838
:106AC0004E30039B9B8F002B05D0BDF84E3043F01A
:106AD0000203ADF84E30BDF84E301A4612990398B5
:106AE000FBF7C2FD0346ADF81A30BDF81A3003F0CB
:106AF0004003002B19D0129B092283F83C20129BE3
:106B00000122C3F88C20129B002283F85620129B8E
:106B10002C3301211846FDF701F80E9B9BB2112280
:106B200012990398FBF744F841E1BDF81A301A4670
:106B300012990398FBF754FA39E10F9B5B7B03F042
:106B40002003002B2CD00F9B9B7C1BB21B021AB284
:106B50000F9BDB7C1BB213431BB2ADF84030039B91
:106B60009B8FBDF840209A4203D9039B9B8FADF8C1
:106B70004030129B2C33BDF8402011461846FCF7DC
:106B8000CDFF039B9A8FBDF84030D31A9AB2039B76
:106B90009A87039B9A6BBDF840301A44039B9A6313
:106BA000039B9B8F002B0CD0129B93F83C3003F07F
:106BB0001003002B05D1BDF84E3043F00203ADF8B1
:106BC0004E30BDF84E3003F00303002B00F0E5809B
:106BD000039B0022DA87BDF84E301A4612990398BB
:106BE000FBF742FD0346ADF81A30BDF81A301A46DD
:106BF00012990398FBF7F4F9D9E0BDF84E3003F091
:106C00000103002B00F0CB80129B002283F83C2074
:106C1000402212990398FBF727FDC0E0039B9B8F4E
:106C2000002B08D0129B03F12C02039B9B8F19466B
:106C30001046FCF773FF0F9B5B7B03F00103002BF7
:106C40002AD0BDF84E3003F00103002B0DD0129B6B
:106C5000D3F88C30002B08D1129B082283F83C20FB
:106C6000F0211298FAF7DEFC03E0129B072283F86A
:106C70003C20129B2C3301211846FCF74FFF402289
:106C800012990398FBF7F0FC0E9B9BB2102212990D
:106C90000398FAF78DFF8AE0BDF84E3003F0010348
:106CA000002B09D0129BD3F88C30002B04D1129BFF
:106CB000062283F83C2077E0039B9B8F002B70D04B
:106CC000129B002283F83C20402212990398FBF784
:106CD000CBFC12990398FAF795FF68E0039B9B8F12
:106CE000002B08D0129B03F12C02039B9B8F1946AB
:106CF0001046FCF713FF0F9B5B7B03F00103002B97
:106D00001AD0129B082283F83C20F0211298FAF73F
:106D100089FC129B2C3301211846FCF7FFFE402210
:106D200012990398FBF7A0FC0E9B9BB210221299BC
:106D30000398FAF73DFF3AE0039B9B8F002B32D07C
:106D4000129B002283F83C20402212990398FBF703
:106D50008BFC12990398FAF755FF28E00E9B9BB223
:106D6000102212990398FAF723FF20E0BDF84E3065
:106D700003F00103002B0AD0129B082283F83C2069
:106D8000F0211298FAF74EFC01E000BF0CE000BFC2
:106D90000AE000BF08E000BF06E000BF04E000BF5B
:106DA00002E000BF00E000BF039B00229A8715B0FD
:106DB0005DF804FB10B489B00190009100238DF8B8
:106DC0001F300023069358E0002305934BE0059BFA
:106DD0005A1C13465B0013449B001A46009B134445
:106DE0001968059A13465B0013449B001A46009BE2
:106DF00013441B68CB1A002B32DA059A13465B004A
:106E000013449B001A46009B1A4402AB07CA83E84E
:106E10000700059B5A1C13465B0013449B001A464F
:106E2000009B9918059A13465B0013449B001A4671
:106E3000009B13440A4607CA83E80700059B5A1CB7
:106E400013465B0013449B001A46009B13441C46E8
:106E500002AB93E8070084E8070001238DF81F3098
:106E6000059B01330593019B5A1E069BD31A059A75
:106E70009A42ACDB069B01330693019B013B069AC9
:106E80009A42A1DB9DF81F30184609B05DF8044B0B
:106E9000704700B585B00190019B1A6B019B1B6B7D
:106EA0005B7908331344043303930198FBF783FCA5
:106EB000039B1B789B009BB203F03C03ADF80A30A8
:106EC000BDF80A301A4602210198FFF7C9FA00BF3F
:106ED00005B05DF804FB000084B001900B46ADF8EE
:106EE0000230002303931DE0124A039B52F8233023
:106EF0000293029B002B12D0029BB3F85830BDF8CE
:106F000002209A420BD1029B5A6A019B1B689A424B
:106F100003D0029B5B6A002B01D1029B06E0039B1E
:106F200001330393039B132BDEDD0023184604B0CB
:106F3000704700BFE44E002400B585B001906FF0AB
:106F400015030293FCF75AFE0023039311E00E4A47
:106F5000039B52F82330019A9A4207D10A4A039BB5
:106F6000002142F823100023029305E0039B013324
:106F70000393039B132BEADDFCF754FE029B184698
:106F800005B05DF804FB00BFE44E002400B585B0F9
:106F90000190FCF733FE019B03F12402019BB3F83F
:106FA00058301946104600F02BF80346002B03D04A
:106FB0006FF06103029319E06FF0680302930023FE
:106FC000039310E00D4A039B52F82330002B07D1A6
:106FD0000A49039B019A41F823200023029305E00C
:106FE000039B01330393039B132BEBDDFCF71AFE8A
:106FF000029B184605B05DF804FB00BFE44E002478
:1070000000B583B001900B46ADF80230BDF80230F8
:1070100019460198FFF760FF0346002B14BF0123B8
:107020000023DBB2184603B05DF804FB00B587B05F
:10703000039002911346ADF806306FF015030593E7
:10704000029B2433BDF8062011461846FFF744FF83
:107050000490049B002B0BD0049BD3F80031002B31
:1070600006D0049BD3F80031029904989847059004
:10707000059B184607B05DF804FB84B00190019BA6
:107080001A6B019B1B6B5B79083313440433039326
:10709000039B5B8A1B04039A128A13430293029B8D
:1070A000B3F1FF3F19D0029B1BBA03F07043B3F159
:1070B000604F12D0019B5A6A029B5A40019BDB6AC7
:1070C0001340002B0BD1019BDB6ADA43029B1A4071
:1070D000019BDB6ADB439A4201D1012300E00023DC
:1070E00003F00103DBB2184604B0704700B587B067
:1070F000039002910192039B1A6B039B1B6B5B79BC
:10710000083313441A1D019B1A44039B9A63039B83
:107110000022DA87022202990398FEF74BF9034610
:10712000ADF81630BDF8163003F00203002B05D081
:10713000039B00229A876FF00A0308E0039BDB8F12
:10714000002B03D002990398FDF7B8FF00231846DF
:1071500007B05DF804FB000000B58BB00190009112
:10716000002306934F4B5B8D01339AB24D4B5A85EA
:10717000019B1A6B019B1B6B5B79083313441A1D2F
:10718000009B13440993009B08330593019B9A8F3E
:10719000059B9BB2D31A9AB2019B9A87019B1A6BEB
:1071A000019B1B6B5B79083313441A1D059B1A4422
:1071B000019B9A63099BDB88ADF81E30BDF81E3039
:1071C000002B06D00198FEF76BFB0346DB43ADF8BE
:1071D0001E30BDF81E30002B0FD0324B1B8D0133FB
:1071E0009AB2304B1A852F4BDB8D01339AB22D4B5F
:1071F000DA85019B00229A874FE0099A00210198C5
:10720000FBF77CFF0890089B002B37D00198FFF715
:1072100034FF0346002B2AD01EE001210198FDF720
:107220007EF90390039B002B20D0059A08990198C2
:10723000FFF75CFF069003990198FDF72BF9019B7E
:107240001A6B019B1B6B5B79083313441A1D009B5F
:1072500013440993049B0893099A08990198FBF732
:107260004DFF0490049B002BD7D100E000BF059A8E
:1072700008990198FFF73AFF06900EE00198FFF792
:10728000FCFE0346002B03D0019B00229A8704E0FA
:1072900003220321019800F030F9069B18460BB039
:1072A0005DF804FBE44B002400B585B00190019B20
:1072B0001A6B019B1B6B5B790833134404330393F4
:1072C000019800F013F8039B1B789B009BB203F01E
:1072D0003C03ADF80A30BDF80A3019460198FFF7B3
:1072E0003BFF0346184605B05DF804FB82B00190F1
:1072F000019B1A6B019B1B6B5B79083313440433AE
:1073000003F11C02019B9A6300BF02B0704788B072
:10731000029101930346ADF80E301346ADF80C30E0
:10732000029B0793BDF80C30013B029A134406936D
:10733000019B1B78002B38D0079B1B78ADF81630CB
:10734000BDF80E20BDF816301344ADF80E30BDF870
:107350000E20BDF816309A4204D2BDF80E3001332B
:10736000ADF80E30079B013307931EE0079B1B7897
:107370001B029BB2079A013212781344ADF8163003
:10738000BDF80E20BDF816301344ADF80E30BDF830
:107390000E20BDF816309A4204D2BDF80E300133EB
:1073A000ADF80E30079B02330793079A069B9A426B
:1073B000DCD3019B00221A70079A069B9A4219D1CE
:1073C000079B1B781B02ADF81630BDF80E20BDF8E8
:1073D00016301344ADF80E30BDF80E20BDF816304F
:1073E0009A4204D2BDF80E300133ADF80E30019B45
:1073F00001221A70BDF80E30184608B0704700B56B
:1074000085B003460091ADF806301346ADF8043060
:1074100000238DF80F300DF10F03BDF80420BDF8E7
:1074200006000099FFF773FF0346184605B05DF8A4
:1074300004FB00B585B003460091ADF80630134655
:10744000ADF8043000238DF80F300AE0009B1B7963
:107450001A46BDF804309B1AADF80430009B1B6837
:107460000093009B002B27D0009B1B791A46BDF888
:1074700004309342EAD81FE0009B03F10C02009B0A
:107480005B791946BDF804300B44D118009B1B7979
:107490001A46BDF80430D31A9AB20DF10F03BDF8A5
:1074A0000600FFF734FF0346ADF80630009B1B686B
:1074B00000930023ADF80430009B002BDCD1BDF815
:1074C0000630184605B05DF804FB00B583B00346EE
:1074D0000091ADF806301346ADF80430BDF8042035
:1074E000BDF8063000991846FFF7A3FF03465BBAC4
:1074F0009BB2184603B05DF804FB10B590B007903E
:10750000069105921C230D93079B1A6B079B1B6B1F
:107510005B790833134404330F934FF0FF330A931E
:10752000002309930F9B5B8A1B040F9A128A1A434C
:1075300009AB02331B881B0409A909880B439A4233
:107540001DD00F9B5B8A1B040F9A128A1A430AAB49
:1075500002331B881B040AA909880B439A420ED0E8
:107560000F9B5B8A1B040F9A128A1A43079BDB6AE4
:10757000DB431A40079BDB6ADB439A4203D1079B3C
:1075800000229A87C9E00F9B9B781B029BB20F9A3F
:10759000D2781344ADF83A30BDF83A200D9BC3F5CC
:1075A00010739A4210DD0D9B9BB2C3F51073ADF8BA
:1075B0003A30079B186B079B1B6B9A68BDF83A30F3
:1075C000D31A194610F08DFFBDF83A200D9B1344D5
:1075D000B62B13DC0D9B0F9A1344BDF83A200F997C
:1075E00018460DF004F9079B186BBDF83A200D9B67
:1075F00013440022194611F037F846E0079B1B6B35
:107600000C93079B00221A63002200210798FCF7C5
:1076100000FF0346002B09D0079B00229A87079B97
:107620000C9A1A630798FCF764FF76E0079B186BC7
:1076300000230093002314220F9910F0D6FD034677
:10764000142B09D0079B00229A870798FCF751FF5B
:107650000C9810F03DFE60E0079B186B079B1B6BBE
:107660009B6808330022194610F0FEFF079B1B6B36
:107670000C99184610F0E0FC079B1A6B079B1B6BDC
:107680005B790833134404330F930D9B9AB2BDF812
:107690003A3013449AB2079B9A87079B1A6B079B51
:1076A0001B6B5B7908331344181D079B998F079B4D
:1076B00003F124020F9B0C33002403940024029452
:1076C00040240194009313460122FCF769FC0F9BB0
:1076D00014330B93069BDAB20B9B1A70059BDAB23C
:1076E0000B9B5A700B9B00229A800B9B0022DA8026
:1076F0000B9B00225A80079B1B6B184600F00FF86B
:107700000346DB439AB20B9B5A800B9B5B88002B92
:1077100003D10B9B4FF6FF725A8010B010BD00B51D
:1077200083B00190002201990020FFF7CEFE0346AE
:10773000184603B05DF804FB00B585B003900291D4
:107740000192029B032B02D0029B012B01D100F07E
:10775000A9FC0023184605B05DF804FB08B500F04D
:10776000ABFC0248DDF756FA00BF08BD3403002425
:1077700082B0EFF311830193019BDBB2184602B094
:10778000704782B00190019B83F3118800BF02B063
:10779000704700B583B0FFF7EBFF03468DF8073065
:1077A0008020FFF7EEFF9DF80730184603B05DF824
:1077B00004FB00B583B003468DF807309DF8073011
:1077C0001846FFF7DEFF00BF03B05DF804FB00B50D
:1077D00087B00390029101920093FFF7DAFF03460E
:1077E0008DF81730039B5A68029B9B0013441A685C
:1077F000019BDB0013440493049B1A68009B1A60EE
:10780000009B1B68002B0ED0009B1B680433BFF34A
:107810005B8F53E8001F01F1010143E80012002AC9
:10782000F7D1BFF35B8F9DF817301846FFF7C1FF04
:10783000089B002B02D0089B049A1A6000BF07B077
:107840005DF804FB10B588B001900091019B5B7856
:107850008DF817309DF81730009A9A4201D800230E
:107860009BE09DF81730DB00B3F5807F02DD6FF001
:10787000170392E0009B9B001846EBF7A3F8034622
:107880000493049B002B02D16FF0160385E09DF852
:1078900017300793079B9B00049AD4184020EBF7FE
:1078A000C7F803462360079B9B00049A13441B6898
:1078B000002B16D107E0079B9B00049A13441B681A
:1078C0001846EBF76FF8079B013B07939DF81730BD
:1078D000079A9A42EFDA0498EBF764F86FF0160310
:1078E0005BE0079B01330793079B009A9A42D1D82C
:1078F000FFF74FFF03460393019B5B789DF817202A
:107900009A4222D0019B5B781A46009B93421CD876
:10791000039BDBB21846FFF74CFF9DF81730069328
:107920000AE0069B9B00049A13441B681846EBF779
:1079300039F8069B01330693069A079B9A42F0DBBF
:107940000498EBF72FF8002327E0019B5B68002BDE
:1079500008D0019B5968019B5B789B001A460498EC
:10796000EAF741FC019B5B680293019B049A5A6011
:10797000009BDAB2019B5A70039BDBB21846FFF7FB
:1079800018FF029B002B07D0019B0833029A9A42F2
:1079900002D00298EBF706F80023184608B010BD95
:1079A00000B585B00190009100230393FFF7F1FE2D
:1079B00003468DF80B30009B1B68002B05D0009B05
:1079C0001B680393009B00221A609DF80B30184639
:1079D000FFF7EFFE039800F0FAFA00BF05B05DF87C
:1079E00004FB00B58BB00390029101920093029BBF
:1079F000002B00DA0733DB100993029B5A4203F095
:107A0000070302F0070258BF53420893FFF7C1FE75
:107A100003468DF81F30039B5A68099B9B00134453
:107A20001A68089BDB0013440693069B1B680593AA
:107A3000069B019A1A60019800F0B6FA009B03F4C5
:107A40008063002B14BF01230023DAB2069B1A7156
:107A50009DF81F301846FFF7ACFE059800F0B7FA06
:107A600000BF0BB05DF804FB00B58BB00390029132
:107A7000039B1B6B0793039B9B68002B3FD0039BCF
:107A80009B6893F829328DF81B300023099330E06E
:107A90000023089327E00798DDF706FA0590059B79
:107AA000002B2ED0059B9B68002B2AD0059A039BA8
:107AB0009A4226D1059B9B6803F50A7004AB00220D
:107AC0000092089A0999FFF782FE049B002B07D0C9
:107AD000049B184602F0B6FE049B184600F077FAA5
:107AE000089B01330893089B072BD4DD099B0133C6
:107AF00009939DF81B30099A9A42C9DB02E000BF46
:107B000000E000BF0BB05DF804FB00B587B0039048
:107B1000029101920093029A019B9A4202D16FF066
:107B2000150333E0019B002B02DA6FF008032DE010
:107B3000039800F07EF80246019B93420FDB019B05
:107B4000002B00DA0733DB10013319460398FFF7E7
:107B500079FE0590059B002B01DA059B16E004AA2F
:107B600000230299039800F06CF80590059B002B08
:107B700001DA059B0AE0049A009B01990398FFF73C
:107B800030FF049B184600F022FA019B184607B00C
:107B90005DF804FB82B00190019B01225A70019BA9
:107BA00003F10802019B5A60019B03F10C02019B47
:107BB0009A60019B00221A7000BF02B0704700B5A6
:107BC00085B00190019B5B78013B03931FE0072385
:107BD00002930AE0039BDA00029B134419460198C2
:107BE00000F041FA029B013B0293029B002BF1DA69
:107BF000039B002B08D0019B5A68039B9B001344F6
:107C00001B681846EAF7CEFE039B013B0393039BD8
:107C1000002BDCDA019B5A68019B08339A4204D09E
:107C2000019B5B681846EAF7BDFE00BF05B05DF832
:107C300004FB82B00190019B5B78DB00184602B028
:107C4000704700B587B00590049103920293059B9D
:107C5000002B02D16FF0150329E0049B002B06DBFB
:107C60000598FFF7E6FF0246049B934202DB6FF0A4
:107C700008031CE0049B002B00DA0733DB101846D6
:107C8000049B594203F0070201F0070358BF5A4210
:107C9000029B0093039B01460598FFF798FD039B09
:107CA0001B68002B02D16FF0080300E00023184688
:107CB00007B05DF804FB00B58BB003900291019210
:107CC0000093019B002B00DA0733DB100893019B24
:107CD0005A4203F0070302F0070258BF53420793CA
:107CE000FFF757FD03468DF82730039B5B781A4654
:107CF000089B934215DB9DF827301846FFF759FD86
:107D0000089B013319460398FFF79CFD0690069BDC
:107D1000002B01DA069B44E0FFF73BFD03468DF89C
:107D20002730039B5A68089B9B0013441A68079BE3
:107D3000DB0013440593059B1B68002B25D1009B9A
:107D40000433BFF35B8F53E8001F01F1010143E8E7
:107D50000012002AF7D1BFF35B8F059B009A1A60CF
:107D6000029B03F48063002B14BF01230023DAB2CB
:107D7000059B1A7100BF9DF827301846FFF719FDC3
:107D8000089BDA00079B13440BE0079B0133079322
:107D9000079B072BC5DD089B01330893002307933E
:107DA000A3E718460BB05DF804FB00B587B003905D
:107DB0000291019200931420EAF73AFE0246009BDA
:107DC0001A60009B1B68002B02D16FF00B0315E0BB
:107DD000009B1B68184600F0E7F8009B1B68019A9F
:107DE00002990398FFF767FF0590059B002B04DAC3
:107DF000009B1B68184600F0EAF8059B184607B080
:107E00005DF804FB00B585B0039002910192074B29
:107E10001B681846E1F76EF9019B029A0399FFF778
:107E2000C4FF0346184605B05DF804FBA80C002407
:107E300000B587B0039002910192009304AB1A46FB
:107E400008990298FFF7DEFF0590059B002B01DAE9
:107E5000059B15E0039800F055F9049B039ADA603E
:107E6000049B019A9A60049B029A22F480621A6031
:107E7000049B009A1A61049B184600F0A8F8059B21
:107E8000184607B05DF804FB00B58FB0059004916B
:107E900003928DF80B3000230D9369E000230C93BF
:107EA00060E00D9BDB000C9A13440B9308AA07AB10
:107EB000009313460C9A0D990598FFF788FC089BD0
:107EC000002B4BD09DF80B30002B05D0079B1B7966
:107ED000002B01D0012300E000238DF82B309DF80A
:107EE0002B3003F001038DF82B30039B002B11D0B6
:107EF0009DF82B301A460B990398E0F763FB034675
:107F000083F00103DBB2002B0DD0089B184600F074
:107F10005EF824E09DF82B30002B04D0089B184617
:107F200000F055F81BE00D9B013319460498FFF74C
:107F300089FC0990099B002B05DA089B184600F084
:107F400046F8099B1BE0089A00230B990498FFF759
:107F500048FD089B184600F03AF800E000BF0C9B73
:107F600001330C930C9B072B9BDD0D9B01330D9371
:107F7000059B5B781A460D9B93428FDB00231846C6
:107F80000FB05DF804FB00B585B00390029101923B
:107F9000E1F7C0F8019B029A0399FFF752FE0346EE
:107FA000184605B05DF804FB82B00190019B0433D4
:107FB000BFF35B8F53E8001F01F1010143E800129A
:107FC000002AF7D1BFF35B8F00BF02B0704700B546
:107FD00085B0019000230393019B002B01D1039BEB
:107FE00017E0019B0433BFF35B8F53E8002F02F1CE
:107FF000FF3143E800100028F7D1BFF35B8F012A5F
:1080000006D1019800F0A5FA03900198EAF7CAFC9E
:10801000039B184605B05DF804FB00B587B00390DC
:1080200002910192029A019B9A4211D104AB002263
:1080300019460298FFF7A7FF0590059B002B01DA70
:10804000059B0CE0049B1846FFF7C1FF019B06E06F
:108050000023019A02990398FFF757FD034618463B
:1080600007B05DF804FB00B587B00190009103AB49
:1080700004AA00990198FFF7E4FD0590059B002BE9
:1080800001DA059B09E0039B19460198FFF788FC7C
:10809000049B1846FFF79BFF0346184607B05DF8A0
:1080A00004FB000008B500210248DCF76BFF00BFAD
:1080B00008BD00BF697A020808B500F0B9F800BF32
:1080C00008BD000008B5024808F023F900BF08BD4C
:1080D0004003002408B5024808F0ADF800BF08BD11
:1080E0004003002408B5024808F052F900BF08BD5B
:1080F0004003002408B5024808F0D8F800BF08BDC6
:108100004003002482B00190019B002B0DD0019B05
:108110000C33BFF35B8F53E8001F01F1010143E80B
:108120000012002AF7D1BFF35B8F00BF02B0704787
:1081300084B00190019B039302E0039B01330393FE
:10814000039B1B78002B03D0039B1B782F2BF4D1B0
:10815000039A019BD31A184604B0704782B001906D
:10816000009107E0009A531C0093019B591C019158
:1081700012781A70009B1B78002B03D0009B1B7891
:108180002F2BEFD1019B00221A7000BF02B0704765
:1081900000B587B0019000910198FFF7C9FF0590E5
:1081A000059B24331846EAF743FC0490049B002BFC
:1081B00016D00E4B1B885A1C91B20C4A1180049A9F
:1081C0001383049B0C33039301230293029B1A46EF
:1081D000039B1A60049B203301991846FFF7BEFFEA
:1081E000049B184607B05DF804FB00BF344F002421
:1081F00084B0039002910192029B002B0AD0029B53
:108200005A68039B5A60039B019A1A60029B039A67
:108210005A6009E0019B9A68039B5A60039B019A8C
:108220001A60019B039A9A6000BF04B07047000077
:1082300008B540F2FF110448FFF7AAFF0346034ABE
:10824000136000BF08BD00BF48EF0408384F00248A
:1082500000B593B0039002910192019B00221A6035
:10826000039B1B78002B02D16FF015035FE0039B8B
:10827000059300230693002307930023089300230C
:10828000099300230A9300238DF82C3005AB184680
:1082900000F00CF90E900E9B002B03DB6FF0100327
:1082A0000E933AE0059B0F93079B1193089B109345
:1082B0000F9800F025F90D900D9B1B78002B14D022
:1082C00040F2FF110F98FFF763FF0C900C9B002BFF
:1082D0001ED0109A11990C98FFF78AFF0D9B0F93EF
:1082E000002311930C9B109316E002990F98FFF74F
:1082F0004FFF0C900C9B002B0AD0109A11990C98F0
:10830000FFF776FF019B0C9A1A6000230E9304E09E
:108310006FF00B030E9300E0CAE70A9B002B05D019
:108320000A9B1846EAF73EFB00230A930E9B184669
:1083300013B05DF804FB84B001900091009B2033E2
:108340000393019B002B02D14FF0FF3332E0039BDC
:108350001B78002B0BD1019B1B78002B03D0019BBA
:108360001B782F2B01D1002324E0012322E0019B65
:108370001B78002B03D0019B1B782F2B02D14FF0D1
:10838000FF3317E0019B1A78039B1B789A4201D9AF
:1083900001230FE0019B1A78039B1B789A4202D2BB
:1083A0004FF0FF3306E0019B01330193039B013340
:1083B0000393CCE7184604B07047000000B58BB0BB
:1083C00001902D4B1B68089300230793002306930D
:1083D000002305936FF001030493019B1B6809932D
:1083E000099B1B782F2B30D06FF0150340E00899C4
:1083F0000998FFF7A0FF0390039B002B02DA0023EC
:10840000089325E0039B002B05DD089B0793089B41
:108410005B68089319E0099800F072F80990099BCD
:108420001B78002B05D0089B1B8A03F00F03032B3E
:1084300004D1099B05930023049309E0089B06934C
:1084400000230793089B9B680893089B002BCED1C1
:10845000019B099A1A60019B089A5A60019B079A2E
:108460009A60019B069ADA60019B059A1A61049B47
:1084700018460BB05DF804FB384F002400B583B0FC
:10848000074B0193074806F001FF0190019B002B69
:1084900001D1054B0193019B184603B05DF804FB25
:1084A0004CEF040850EF040854EF040810B584B0F2
:1084B0000190019B1B681B782F2B16D0019B03F1A9
:1084C0001404FFF7DBFF0246019B1B680B492046A3
:1084D0000AF016FA0390039B002B02DA6FF00B03ED
:1084E00008E0019B5A69019B1A600198FFF766FF3B
:1084F0000390039B184604B010BD00BF58EF04085A
:1085000000B583B0019002E0019B01330193019B10
:108510001B78002B07D0019B1B782F2BF4D102E096
:10852000019B01330193019B1B782F2BF8D0019BFA
:108530001B782E2B08D1019B01331B782F2B03D1E5
:108540000198FFF7DDFF0190019B184603B05DF82D
:1085500004FB00B585B0019000230393019BDB6809
:108560000293029B002B17D0029B5B69002B0AD061
:10857000029B5B695B68002B05D0029B5B695B68B3
:10858000019898470390039B002B02DB029805F0AB
:10859000E3F8019B0022DA60039B184605B05DF802
:1085A00004FB000000B583B00190074B1B68184620
:1085B000E0F7A0FD034601991846FFF754FD034676
:1085C000184603B05DF804FBA80C002400B585B084
:1085D00001900198FFF7E6FF0390039B002B08DA58
:1085E000E7F788FC0246039B5B4213604FF0FF33C2
:1085F0000393039B184605B05DF804FB00B583B0F8
:1086000001900091074B1B681846E0F773FD034685
:10861000009A01991846FFF700FD0346184603B07B
:108620005DF804FBA80C002400B595B003900291FE
:1086300001926FF018031393019B1A1D01921B689E
:108640001293039BDB681193119B002B02D16FF0F7
:108650000803EBE0119B5B69002B0CD0119B5B695D
:108660005B69002B07D0119B5B695B69129A0299C9
:10867000039898471390029BB3F5A26F00F0AB806C
:10868000029BB3F5A26F00F3D080029BB3F5457F48
:1086900032DC029B40F203329342C0F2C680029B5E
:1086A000A3F20333112B00F2C08001A252F823F091
:1086B000458702082B8802082B8802082B880208AD
:1086C0002B8802082B8802082B88020805870208DD
:1086D0002B8802082B8802082B8802082B880208A6
:1086E0002B8802082B8802082B8802087B87020847
:1086F0006B8702088B870208029B40F20F5293425D
:108700004BD092E0139B002B03D0139B13F1190F56
:108710007ED1129B1093109B002B0AD0109B1B68DC
:10872000002B06D0039B1B6843F04002039B1A609A
:1087300005E0039B1B6823F04002039B1A600023A3
:10874000139365E0139B13F1190F63D1119B1B8ADF
:1087500003F00F03032B5DD0129B4FF48072194678
:10876000119804F0BBFF139054E0139B13F1190F01
:1087700052D16FF0250313934EE0139B13F1190FA1
:108780004CD16FF02503139348E0139B13F1190F9D
:1087900046D16FF02503139342E0139B13F1190F99
:1087A00040D1119B5B69002B3CD0119B5B695B69DD
:1087B000002B37D0119B5B695B6905AA40F20C5115
:1087C000039898471390139B002B2BDB129BBDF94A
:1087D0001C201A8026E0139B13F1190F24D1119B42
:1087E0005B69002B20D0119B5B695B69002B1BD060
:1087F000119B5B695B6905AA40F20C51039898478D
:108800001390139B002B0FDB129B069A1A600BE050
:1088100000BF0AE000BF08E000BF06E000BF04E0C0
:1088200000BF02E000BF00E000BF139B184615B078
:108830005DF804FB00B589B003900291019205AA8E
:1088400006AB19460398FFF79EFB0790079B002B8A
:1088500001DA079B2FE0029BB3F5467F15D0029B00
:10886000B3F5467F1ADC029B40F20B32934204D0F0
:10887000029BB3F5437F04D010E0059B01221A71DF
:1088800014E0059B00221A7110E0059B1979019BE9
:108890001A1D01921B680A461A6007E0069B019A9E
:1088A00002991846FFF7C0FE079000BF069B1846C6
:1088B000FFF78DFB079B184609B05DF804FB0EB46B
:1088C00000B584B0019006AB0293029A0599019815
:1088D000FFF7AAFE0390039B184604B05DF804EB73
:1088E00003B070470EB400B584B0019006AB02939C
:1088F000029A05990198FFF79DFF0390039B002BB7
:1089000008DAE7F7F7FA0246039B5B4213604FF081
:10891000FF330393039B184604B05DF804EB03B0E8
:10892000704700B587B0039002910192039BDB680A
:108930000593059B002B15D0059B5B69002B11D07F
:10894000059B5B691B69002B0CD0059B5B691B6950
:10895000019A0299039898470490049B002B22DA0D
:10896000049B22E0019B022B17D0019B022B17DCFA
:10897000019B002B07D0019B012B11D1039B9B680E
:10898000029A13440293029B002B02DA6FF0150344
:108990000BE0039B029A9A6005E06FF0250304E068
:1089A0006FF0150301E0039B9B68184607B05DF864
:1089B00004FB00B587B003900291019204AB002242
:1089C00019460398FFF7DFFA0590059B002B01DAA3
:1089D000059B0BE0049B019A02991846FFF7A1FF43
:1089E0000590049B1846FFF7F2FA059B184607B05E
:1089F0005DF804FB00B587B0039002910192019AE3
:108A000002990398FFF7D5FF0590059B002B08DA24
:108A1000E7F770FA0246059B5B4213604FF0FF33A5
:108A200000E0059B184607B05DF804FB00B58DB06B
:108A30000190009109F01EFC0346DB43009A1340AD
:108A40000093019B039300230493002305930023C9
:108A50000693002307930023089300238DF8243006
:108A600003AB184604F015FE0A900A9B002B31DB7D
:108A7000049B0293079B1B78002B02D111230B93BD
:108A800045E0029B1B8A03F00F03032B03D1029BDB
:108A90005B69002B02D106230B9338E0029B5B69D4
:108AA000DB6D002B0ED0029B5B69DB6D0298079992
:108AB000009A98470A900A9B002B06DA0A9B5B42B1
:108AC0000B9324E026230B9321E0029B184604F02D
:108AD00043FE11E0FFF7F6FA02AB1A46009901983F
:108AE000FFF7B6FB0A90FFF7FDFA0A9B002B03DAAB
:108AF0000A9B5B420B930EE0089B002B05D0089B62
:108B00001846E9F74FFF00230893002313E0029B68
:108B1000184604F021FE089B002B05D0089B184640
:108B2000E9F740FF00230893E7F7E4F902460B9BBF
:108B300013604FF0FF3318460DB05DF804FB84B0AE
:108B400001900091019B5B690393019B1B8A03F0D9
:108B50000F03002B01D100232BE0039B002B02D13C
:108B60006FF0050325E0009B03F00103002B0BD001
:108B7000039B5B6A002B07D1039B9B68002B03D1EF
:108B8000039B5B69002B10D0009B03F00203002BBA
:108B90000ED0039B9B6A002B0AD1039BDB68002B42
:108BA00006D1039B5B69002B02D16FF00C0300E040
:108BB0000023184604B0704710B58EB003900291A0
:108BC000019200934FF4DB730D93029B002B02D1B3
:108BD0006FF01503BAE0019B03F00403002B04D0EF
:108BE000109B1A1D10921B680D93009BDB430D9A7E
:108BF00013400D93029B04930023059300230693D7
:108C0000002307930023089300230993019B03F497
:108C10008053002B14BF01230023DBB28DF82830D2
:108C200004AB184604F035FD0C900C9B002B02DAC7
:108C30000C9B002B7FDB059B0B939DF82830002BB2
:108C400008D00B9B1B8A03F00F03082B02D16FF097
:108C500027037BE001990B98FFF771FF0C900C9BA9
:108C6000002B5EDB039B019A1A60039B0B9ADA6070
:108C7000019B03F40063002B06D0089B1946039860
:108C800001F07CFD0C902FE00B9B1B8A03F00F037F
:108C9000032B0ED10B9B5B691B68002B24D00B9B15
:108CA0005B691C6808990D9B019A0398A0470C907A
:108CB0001AE00B9B1B8A03F00F03012B05D00B9BC3
:108CC0001B8A03F00F030A2B0BD10B9B5B691B68FC
:108CD000002B09D00B9B5B691B68039898470C908D
:108CE00002E06FF005030C930C9B13F1150F0AD1F2
:108CF000019B03F00203002B05D1089B1946039842
:108D000001F03CFD0C900C9B002B0CDB099B002B15
:108D100005D0099B1846E9F745FE00230993002377
:108D200014E000BF00E000BF039B0022DA600B9854
:108D300004F012FD00E000BF099B002B05D0099B49
:108D40001846E9F72FFE002309930C9B18460EB036
:108D500010BD10B58AB0059004910392029307AB41
:108D6000002203990598FFF720F80990099B002B32
:108D700001DA099B1AE0079C09F07CFA0246029B83
:108D800000931346039A04992046FFF715FF0890B5
:108D9000079B1846FFF71BF9089B002B05DA09997A
:108DA0000598FFF760F9089B00E0099B18460AB098
:108DB00010BD0CB400B585B00190009107AB0293D3
:108DC000029B069A00990198FFF7C3FF0390039B4B
:108DD000184605B05DF804EB02B070470EB400B55C
:108DE00084B0019006AB0293084B1B681846E0F76D
:108DF00081F9029B059A0199FFF7ABFF0390039B52
:108E0000184604B05DF804EB03B07047A80C0024CA
:108E10000EB400B584B0019006AB02930E4B1B68F4
:108E20001846E0F767F9029B059A0199FFF791FF51
:108E30000390039B002B08DAE7F75CF80246039BDC
:108E40005B4213604FF0FF330393039B184604B05B
:108E50005DF804EB03B07047A80C002400B589B09E
:108E6000039002910192019B00221A600023079354
:108E700070E0079A13465B001344DB001A46039B1D
:108E800013441B68002B3EDB079A13465B00134418
:108E9000DB001A46039B13441B6805A900221846F1
:108EA000FFF771F80690069B002B15DB0598079AD3
:108EB00013465B001344DB001A46039B1344002255
:108EC000194600F076F90690059B1846FFF77FF8E3
:108ED000059B1846FFF77BF8069B002B13DA079AD1
:108EE00013465B001344DB001A46039B1344996846
:108EF000079A13465B001344DB001A46039B134496
:108F000041F008029A60079A13465B001344DB00A5
:108F10001A46039B13449B68002B04D0019B1B68DB
:108F20005A1C019B1A60079A13465B001344DB002E
:108F30001A46039B13440022DA60079A13465B002B
:108F40001344DB001A46039B134400221A61079B5B
:108F500001330793079A029B9A428AD300BF00BF4E
:108F600009B05DF804FB000000B58BB003900291DE
:108F70000192002308930023069300230993A0E0A5
:108F8000099A13465B001344DB001A46039B134403
:108F9000019ADA60099A13465B001344DB001A4613
:108FA000039B1344504A1A61099A13465B00134409
:108FB000DB001A46039B134400229A60099A134669
:108FC0005B001344DB001A46039B134400225A61E2
:108FD000099A13465B001344DB001A46039B1344B3
:108FE0001B68002B6ADB099B0793099A13465B00F9
:108FF0001344DB001A46039B13441B6805A9002297
:109000001846FEF7C0FF0890089B002B03DA079B69
:10901000013B07930DE00598099A13465B00134442
:10902000DB001A46039B13440122194600F0C1F8E5
:109030000890089B002B33DA079B002B05DB079B6E
:1090400006AA19460398FFF709FF099A13465B0021
:109050001344DB001A46039B13449968099A13468C
:109060005B001344DB001A46039B134441F00802E3
:109070009A60099A13465B001344DB001A46039B6F
:1090800013440022DA60099A13465B001344DB00A4
:109090001A46039B134400221A61069B01331FE00A
:1090A000099A13465B001344DB001A46039B1344E2
:1090B0009B68002B02D0069B01330693099B01336A
:1090C0000993099A029B9A42FFF45AAF069B002B20
:1090D00005DD06AB1A4609990398FFF7BFFE069B0C
:1090E00018460BB05DF804FBED90020800B585B0A2
:1090F000019000230293019BDB68002B0DD0019BA4
:10910000DB68039302AB19460398E7F7BAF9029BB1
:10911000002B02DC0398E7F795FA00BF05B05DF875
:1091200004FB00B587B003900291019200230593E0
:1091300034E0059B9B00039A13441B680493049B33
:10914000002B28D0049B9A68049B5B6843F01801AD
:10915000019B0B401A43049B9A60049B9B6803F09D
:109160001803002B05D0049B9B6823F00402049B8A
:109170009A60049B9B68002B05D1049B5B6803F4F9
:109180008033002B07D0049B1B69002B03D0049B6A
:109190001B6904989847059B01330593059A029B28
:1091A0009A4202DA019B002BC3D100BF07B05DF8E1
:1091B00004FB00B587B00390029113468DF8073089
:1091C0006FF025030593039BDB680493049B002B3E
:1091D00062D0049B1B8A03F00F03012B11D0049B68
:1091E0001B8A03F00F03052B0BD0049B1B8A03F093
:1091F0000F03092B05D0049B1B8A03F00F030A2BD6
:1092000012D1049B5B69002B0ED0049B5B691B6A27
:10921000002B09D0049B5B691B6A02999DF807200B
:109220000398984705903FE0049B1B8A03F00F03C7
:10923000032B12D1049B5B69002B0ED0049B5B694E
:109240001B6A002B09D0049B5B691B6A02999DF87D
:10925000072003989847059026E0049B1B8A03F09B
:109260000F03032B0BD0049B1B8A03F00F03022B6D
:1092700005D0049B1B8A03F00F03072B14D19DF824
:109280000730002B05D002AB052201211846FFF75D
:1092900048FF0023059307E002AB1822012118467E
:1092A000FFF73FFF00230593059B184607B05DF8C5
:1092B00004FB000000B58FB00390029101920023DF
:1092C000079300230D93039B0C9308AB002200210E
:1092D0001846E7F7A2F808AB1A4602990C98FFF770
:1092E00043FE03460793079B002B2ED10C9B05934F
:1092F000029B0693E9F756F9019B002B15DD019BB4
:1093000009331C4AA2FB0323DA0808AB11461846AE
:1093100006F0F8FC0D900D9B002B0EDA0D9B13F15F
:109320006E0F0AD100230D9307E0019B002B04DA96
:1093300008AB1846E7F7C4F80D9007AB1A46029938
:109340000C98FFF78BFDE9F72DF908AB1846DEF70F
:109350000BFD0D9B002B08DAE6F7CCFD02460D9BBA
:109360005B4213604FF0FF3300E0079B18460FB0DD
:109370005DF804FBCDCCCCCC00B589B00390029154
:109380000192039BDB680593002306930023079358
:1093900042E0069BDB00029A13445B68002B37D047
:1093A000079A6FF000439B1A1946069BDB00029A4E
:1093B00013445B68994205D2079B002B31DC6FF0A8
:1093C000150334E0059B5B699B68069AD2000299FD
:1093D0000A441068069AD20002990A44526801466B
:1093E000039898470490049B002B04DA079B002BFA
:1093F00019DC049B1BE0079A049B13440793069B0C
:10940000DB00029A13445A68049B9A420DD800E08C
:1094100000BF069B01330693069A019B9A42B8DB74
:1094200004E000BF02E000BF00E000BF079B184659
:1094300009B05DF804FB00B58BB003900291019276
:10944000039BDB680893019B002B01D1002358E0AC
:10945000029B002B02D16FF00D0352E00023099311
:1094600013E0099BDB00029A13441B68002B09D10F
:10947000099BDB00029A13445B68002B02D06FF05B
:109480000D033EE0099B01330993099A019B9A421F
:10949000E7DB6FF008030993039B1B6803F00103EC
:1094A000002B03D16FF00C03099329E0089B002BDC
:1094B00026D0089B5B69002B22D0089B5B695B6A06
:1094C000002B12D004AB019A0299184600F05AFC06
:1094D0000990099B002B13D1089B5B695B6A04AA66
:1094E00011460398984709900AE0089B5B699B68BE
:1094F000002B05D0019A02990398FFF73DFF0990D0
:10950000099B18460BB05DF804FB00B587B00390CB
:109510000291019204AB002219460398FEF733FD35
:109520000590059B002B0ADB049B019A02991846C3
:10953000FFF781FF0590049B1846FEF748FD059B49
:10954000184607B05DF804FB00B587B003900291A0
:109550000192019A02990398FFF7D7FF0590059BA6
:10956000002B08DAE6F7C6FC0246059B5B42136057
:109570004FF0FF330593059B184607B05DF804FBD9
:1095800000B587B0039002910192029B0493019B66
:10959000059304AB012219460398FFF7D5FF034654
:1095A000184607B05DF804FB00B591B00390029136
:1095B000019200230593019B079300230893002346
:1095C000099300230A9300230B9300230C93012398
:1095D0008DF8343007AB184604F05BF80F900F9B02
:1095E000002B40DB089B0693069B029A9A4206D109
:1095F000069B184604F0B0F800230F936DE0069B1D
:109600001B8A03F00F03032B07D1069B184604F0B7
:10961000A3F86FF011030F935FE0069B5B69002BCB
:1096200003D0069B9B68002B16D0039808F09EFD84
:109630000E9005A80E9B019A324909F061F90F902E
:109640000F9B002B05DA002305936FF00B030F939C
:1096500043E0059B019302E0019804F0F4F8069BB7
:10966000184604F079F8FEF72DFD06AB1A4640F2D5
:10967000FF110198FEF7ECFD0F900F9B002B03DA12
:109680006FF010030F9326E0069B029A92689A608F
:10969000069B029A128A1A82069B029A52695A61A2
:1096A000069B029AD269DA61039804F0CCF80F9015
:1096B0000F9B002B07DA0F9B13F1100F03D00198BB
:1096C00004F0C1F807E0029B00229A60029B00228E
:1096D0001A6000230F93FEF705FD0C9B002B05D0AD
:1096E0000C9B1846E9F75EF900230C93059B002BB1
:1096F00003D0059B1846E9F755F90F9B184611B0A2
:109700005DF804FB60EF040800B5A1B0039002917E
:109710000192009300231493029B5B695B6E002B04
:1097200002D16FF0250396E0009B1593002316935A
:1097300000231793002318930023199300231A93EF
:1097400001238DF86C3015AB184603F0A2FF1E9074
:109750001E9B002B6DDB169B1D93199B1F93029A7A
:109760001D9B9A4203D06FF011031E935DE01F9979
:1097700001980BF000F90346002B02D100231E9341
:1097800053E0029B5B699B6E002B44D0029B5B699C
:109790009B6E04AA1F99029898471E901E9B002B4F
:1097A00039DB069B03F47043B3F5804F1DD101985C
:1097B00008F0DCFC1C901F9B1B78002B02D11C9B2B
:1097C0001F9328E014A81C9B1F9A254909F098F8BC
:1097D0001E901E9B002B05DA002314936FF00B03E1
:1097E0001E9322E0149B1F9315E0029B5B699B6E06
:1097F00004AA0199029898471E901E9B002B13DB28
:10980000029B5B699B6D002B05D0029B5B699B6D86
:109810001F9902989847029B5B695B6E1F9A01999A
:10982000029898471E9000E000BF1D9803F094FF37
:1098300000E000BF1A9B002B05D01A9B1846E9F7E1
:10984000B1F800231A93149B002B03D0149B1846E5
:10985000E9F7A8F81E9B184621B05DF804FB00BF8D
:1098600060EF040800B58DB001900091019B002BC2
:109870000AD0019B1B78002B06D0009B002B03D045
:10988000009B1B78002B03D16FF015030B9340E076
:10989000019B039300230493002305930023069365
:1098A000002307930023089301238DF8243003AB92
:1098B000184603F0EEFE0B900B9B002B1DDB049B68
:1098C0000A930A9B1B8A03F00F03032B0BD1079B00
:1098D0001B78002B07D0079A009B0A990198FFF785
:1098E00013FF0B9005E0009A0A990198FFF75CFEC0
:1098F0000B900A9803F030FF00E000BF089B002B9C
:1099000006D0089B1846E9F74DF80023089300E0BD
:1099100000BF0B9B002B08DAE6F7ECFA02460B9B24
:109920005B4213604FF0FF3300E0002318460DB098
:109930005DF804FB00B58DB00190019B02930023FC
:10994000039300230493002305930023069300232D
:10995000079301238DF8203002AB184603F099FEDF
:109960000A900A9B002B03DA0A9B5B420B9355E09B
:10997000039B0993099B1B8A03F00F03032B1AD146
:10998000099B5B69002B16D0099B5B691B6E002B42
:109990000ED0099B5B691B6E069A11460998984781
:1099A0000A900A9B002B27DA0A9B5B420B9332E05A
:1099B00026230B932FE0099B5B69002B19D1099B90
:1099C0009B68002B02D027230B9324E0FEF77AFB41
:1099D000019803F038FF0A90FEF784FB0A9B002BE6
:1099E0000BDA0A9B13F1100F07D00A9B5B420B9313
:1099F00011E014230B930EE000BF099803F0ACFEB6
:109A0000079B002B05D0079B1846E8F7CBFF0023E8
:109A10000793002312E0099803F09EFE079B002B9A
:109A200005D0079B1846E8F7BDFF00230793E6F72C
:109A300061FA02460B9B13604FF0FF3318460DB0DE
:109A40005DF804FB00B58FB0039002910192039B77
:109A50000593002306930023079300230893002314
:109A6000099300230A9301238DF82C3005AB184687
:109A700003F00FFE0D900D9B002B27DB069B0C9334
:109A80000C9B1B8A03F00F03032B15D10C9B5B6906
:109A9000002B0DD00C9B5B699B6E002B08D00C9BA0
:109AA0005B699B6E0999029A0C9898470D9009E0A2
:109AB0006FF025030D9305E0019A02990C9800F0D0
:109AC00069F80D900C9803F047FE00E000BF0A9B78
:109AD000002B05D00A9B1846E8F764FF00230A9381
:109AE0000D9B18460FB05DF804FB00B585B00390E0
:109AF00002910192039B002B02D0029B002B02D10A
:109B00006FF00D030CE0039B1B78002B02D16FF06C
:109B1000010305E0019A02990398FFF793FF0346BA
:109B2000184605B05DF804FB00B585B001900091C2
:109B3000012200990198FFF7D8FF0390039B002BA7
:109B400008DAE6F7D7F90246039B5B4213604FF051
:109B5000FF330393039B184605B05DF804FB00B583
:109B600085B001900091002200990198FFF7BDFF98
:109B70000390039B002B08DAE6F7BCF90246039B2F
:109B80005B4213604FF0FF330393039B184605B00D
:109B90005DF804FB00B591B0039002910192402260
:109BA00000210298E8F7BAFA039B1B8A03F00F031F
:109BB000052B04D1029B4FF4A0429A606EE0039BF8
:109BC0005B69002B63D0039B5B695B6A002B04D14C
:109BD000039B5B699B68002B03D0029B4FF492723E
:109BE0009A60039B5B699B6A002B04D1039B5B69B2
:109BF000DB68002B05D0029B9B6843F09202029B1E
:109C00009A60039B1B8A03F00F03032B05D0039B71
:109C10001B8A03F00F03002B06D1029B9B6843F4C1
:109C20008042029B9A6039E0039B1B8A03F00F037A
:109C3000022B25D1029B9B6843F4C042029B9A6091
:109C4000039B5B69002B29D0039B5B691B69002B7D
:109C500024D0039B5B691B6905AA114603989847AA
:109C60000346002B1ADB9DF81430002B16D0069B00
:109C7000BDF91C2002FB03F31A46029BDA610DE0DA
:109C8000029B9B6843F40052029B9A6006E0029B91
:109C90009A6844F224131343029A9360039B1A8B2D
:109CA000029B9A800023184611B05DF804FB86B031
:109CB0000190019B1B680393019B5B680293002347
:109CC00005930023049318E0059A6FF000439B1A54
:109CD000049AD20003990A445268934202D26FF068
:109CE00015030FE0049BDB00039A13445B68059A9D
:109CF00013440593049B01330493049A029B9A42F4
:109D0000E2DB059B184606B0704786B001900091D3
:109D1000019B1B680593019B5B680493019BDB68B7
:109D20000393019B9A68009BD21A019B9A601AE0E8
:109D3000059B5A68039BD31A009A9A4204D2039A4D
:109D4000009B1344039311E0059B5B68039AD31AAD
:109D5000009A13440093059B08330593049B013B31
:109D6000049300230393049B002BE1DC019B059AE1
:109D70001A60019B049A5A60019B039ADA6000BF43
:109D800006B0704700B587B003900291019210228F
:109D900000210398E8F7C2F9039B029A1A60039B1B
:109DA000019A5A600398FFF782FF0590059B002BEC
:109DB00001DA059B03E0059A039B9A60002318468D
:109DC00007B05DF804FB00B587B0039002910192E3
:109DD0000093039B1B680593039BDB68029A134463
:109DE000029307E0059B5B68029AD31A0293059BD6
:109DF00008330593059B5B68029A9A42F2D823E0E8
:109E0000009B0493059B5A68029BD31A049A9A42BA
:109E100004D9059B5A68029BD31A0493059B1A68C0
:109E2000029B1344049A01991846E8F7DCF9009A5A
:109E3000049BD31A0093019A049B13440193059B3E
:109E40000833059300230293009B002BD8D100BF59
:109E500000BF07B05DF804FB00B587B00390029126
:109E600001920093039B1B680593039BDB68029A96
:109E70001344029307E0059B5B68029AD31A02938E
:109E8000059B08330593059B5B68029A9A42F2D8BA
:109E900023E0009B0493059B5A68029BD31A049A03
:109EA0009A4204D9059B5A68029BD31A0493059BD6
:109EB0001A68029B1344049A19460198E8F793F92B
:109EC000009A049BD31A0093019A049B13440193B4
:109ED000059B0833059300230293009B002BD8D1E8
:109EE00000BF00BF07B05DF804FB00B58DB0019066
:109EF000019B0393002304930023059300230693FF
:109F0000002307930023089301238DF8243003AB2B
:109F1000184603F0BEFB0B900B9B002BC0F28D800C
:109F2000049B0A930A9B1B8A03F00F03032B18D18F
:109F30000A9B5B69002B14D00A9B5B699B6D002B0D
:109F40000BD00A9B5B699B6D079A11460A9898474C
:109F50000B900B9B002B5CDA6BE06FF025030B93EF
:109F600067E00A9B9B68002B03D06FF026030B93DE
:109F70005FE00A9B1B8A03F00F03012B0BD00A9BA7
:109F80001B8A03F00F03062B05D00A9B1B8A03F0E4
:109F90000F030A2B0ED10A9B5B69DB6A002B09D0E9
:109FA0000A9B5B69DB6A0A9898470B900B9B002B16
:109FB0001FDA3EE00A9B1B8A03F00F03022B0ED12F
:109FC0000A9B5B699B69002B09D00A9B5B699B69B3
:109FD0000A9898470B900B9B002B0ADA29E00A9B02
:109FE0001B8A03F00F03002B03D06FF005030B93C4
:109FF0001FE0FEF767F8019803F025FC0B90FEF7D1
:10A0000071F80B9B002B05DA0B9B13F1100F0FD18E
:10A0100000E000BF0A9803F09FFB089B002B05D0CF
:10A02000089B1846E8F7BEFC0023089300230FE0C6
:10A0300000BF0A9803F090FB00E000BF089B002BD4
:10A0400005D0089B1846E8F7ADFC002308930B9B4E
:10A0500018460DB05DF804FB00B585B0019001987D
:10A06000FFF743FF0390039B002B08DAE5F742FF5D
:10A070000246039B5B4213604FF0FF3300E0002376
:10A08000184605B05DF804FB00B589B00390029155
:10A090000192039BDB68059300230693002307933B
:10A0A00042E0069BDB00029A13445B68002B37D02A
:10A0B000079A6FF000439B1A1946069BDB00029A31
:10A0C00013445B68994205D2079B002B31DC6FF08B
:10A0D000150334E0059B5B69DB68069AD2000299A0
:10A0E0000A441068069AD20002990A44526801464E
:10A0F000039898470490049B002B04DA079B002BDD
:10A1000019DC049B1BE0079A049B13440793069BEE
:10A11000DB00029A13445A68049B9A420DD800E06F
:10A1200000BF069B01330693069A019B9A42B8DB57
:10A1300004E000BF02E000BF00E000BF079B18463C
:10A1400009B05DF804FB00B58BB003900291019259
:10A15000039B1B6803F00203002B02D16FF00C037A
:10A1600056E0019B002B01D1002351E0029B002B04
:10A1700002D16FF00D034BE00023099313E0099B1C
:10A18000DB00029A13441B68002B09D1099BDB00FA
:10A19000029A13445B68002B02D06FF00D0337E086
:10A1A000099B01330993099A019B9A42E7DB6FF0FF
:10A1B00008030993039BDB680893089B002B26D0B8
:10A1C000089B5B69002B22D0089B5B699B6A002B74
:10A1D00012D004AB019A02991846FFF7D3FD0990FB
:10A1E000099B002B13D1089B5B699B6A04AA11464B
:10A1F0000398984709900AE0089B5B69DB68002B8D
:10A2000005D0019A02990398FFF73EFF0990099B38
:10A2100018460BB05DF804FB00B587B003900291BF
:10A22000019204AB002219460398FDF7ACFE05909D
:10A23000059B002B0ADB049B019A02991846FFF745
:10A2400082FF0590049B1846FDF7C1FE059B18464A
:10A2500007B05DF804FB00B587B00390029101924E
:10A26000019A02990398FFF7D7FF0590059B002BF1
:10A2700008DAE5F73FFE0246059B5B4213604FF0AC
:10A28000FF330593059B184607B05DF804FB00B546
:10A2900087B0039002910192029B0493019B059366
:10A2A00004AB012219460398FFF7D5FF0346184671
:10A2B00007B05DF804FB00B587B0039002910192EE
:10A2C000039B5B69002B09D0039B5B69DB6B002B55
:10A2D00004D0039B5B695B6C002B02D16FF02503FC
:10A2E0000FE0039B5B69DB6B019A02990398984727
:10A2F0000590059B002B03DB019B1B68039A1A60EA
:10A30000059B184607B05DF804FB00B585B00190C9
:10A3100000910C20E8F78CFB0390039B002B02D1EB
:10A320006FF00B030FE0039A009B1A60039B019AE6
:10A330001A60019B9A68039B9A60019B9B68184670
:10A34000FDF7E0FE0023184605B05DF804FB00B5FC
:10A3500087B001900091019B1B690393019B9B684F
:10A36000009A9A4206DA00230493039B1B689B68B9
:10A37000059305E0019B9B680493039B9B680593F1
:10A38000FDF7A0FE05E0049B01330493059B5B6889
:10A390000593059B002B03D0049A009B9A42F2D1AF
:10A3A000039B9B680293039B059A9A60059B002B75
:10A3B0000DD0059B0C33BFF35B8F53E8001F01F1F9
:10A3C000010143E80012002AF7D1BFF35B8FFDF7CC
:10A3D00089FE029B002B02D0029803F0BDF9049B7A
:10A3E000184607B05DF804FB00B591B001900091EC
:10A3F000019B1B690E930E9B1B680D93019B9B6831
:10A40000009A9A4210DA0D9B5B699B6C002B08D076
:10A410000D9B5B699B6C0E990D98984700230F93D9
:10A4200016E06FF0890318E0019B9B680F930FE023
:10A430000D9B5B695B6C03AA0E990D9898470C9075
:10A440000C9B002B01DA0C9B07E00F9B01330F9351
:10A450000F9A009B9A42EBDB0F9B184611B05DF8F8
:10A4600004FB00B585B001900091019B0393039B11
:10A470009B68002B02D16FF0010399E0009B581CF0
:10A48000039B9B68203321221946E7F75DFE009B62
:10A4900000221A70039B9B685B69002B56D0039BBC
:10A4A0009B681B8A03F00F03022B03D1009B06223B
:10A4B0001A704BE0039B9B681B8A03F00F03072B6A
:10A4C00003D1009B09221A7040E0039B9B681B8A02
:10A4D00003F00F03032B03D1009B04221A7035E015
:10A4E000039B9B681B8A03F00F03012B03D1009B86
:10A4F00002221A702AE0039B9B681B8A03F00F0359
:10A50000042B03D1009B03221A701FE0039B9B685E
:10A510001B8A03F00F03052B03D1009B05221A7041
:10A5200014E0039B9B681B8A03F00F03062B03D1E7
:10A53000009B07221A7009E0039B9B681B8A03F0AB
:10A540000F030A2B02D1009B01221A70039B9B6808
:10A550009B68002B04D1039B9B685B69002B02D195
:10A56000009B04221A70FDF7ADFD039B9B680293CC
:10A57000029B5A68039B9A60039B9B68002B0ED03A
:10A58000039B9B680C33BFF35B8F53E8001F01F103
:10A59000010143E80012002AF7D1BFF35B8FFDF7FA
:10A5A000A1FD029B002B02D0029803F0D5F80023F6
:10A5B000184605B05DF804FB00B585B00190019B1D
:10A5C0001B690393039B5B681946019800F0D6F85A
:10A5D0000346184605B05DF804FB00B589B001904C
:10A5E000019B1B690693069B1B680593069B5B6892
:10A5F000049300230793059B1B8A03F00F03032B8F
:10A600000CD1059B5B691B6C002B16D0059B5B690D
:10A610001B6C06990598984707900EE0019B1B69F3
:10A620000393039B9B68002B04D0039B9B681846F5
:10A6300003F092F80698E8F7B5F9059803F08CF85E
:10A640000498E8F7AFF9079B184609B05DF804FBDA
:10A6500000B589B0039002910192039B1B69069398
:10A66000069B1B680593029B002B02D0019B212BAC
:10A6700002D86FF0150324E0059B1B8A03F00F033B
:10A68000032B08D1059B5B695B6C029A06990598C0
:10A690009847079004E002990698FFF7E2FE0790BA
:10A6A000079B002B07DA079B13F1020F01D1002350
:10A6B0000793079B05E0039B9B685A1C039B9A60CA
:10A6C0002223184609B05DF804FB00B587B003905B
:10A6D0000291019200230593019B002B15D1039B4E
:10A6E0001B690493049B1B681B8A03F00F03032B55
:10A6F00005D102990398FFF777FE05900EE00299C5
:10A700000398FFF724FE059008E0019B012B02D17E
:10A71000039B9B6809E06FF0150306E0059B002B87
:10A7200002DB039B059A9A60059B184607B05DF80B
:10A7300004FB00B587B0039002910192039B1B6953
:10A74000049300230593029B40F20332934208D105
:10A750000198049B5B684FF480721946E7F7F4FC9C
:10A7600007E0029B40F20D52934202D06FF01803B3
:10A770000593059B184607B05DF804FB00B587B04C
:10A7800001900091019BDB6805934FF4807007F006
:10A790007DFD0490049B002B02D16FF00B0348E079
:10A7A000059B1B8A03F00F03032B0ED102AB1A4645
:10A7B00000990598FFF77FFD0390039B002B12DAA9
:10A7C000049807F0BBFD039B33E002AB19460598E4
:10A7D000FFF79BFD0390039B002B04DA049807F01E
:10A7E000ADFD039B25E04FF480720499059802F0BB
:10A7F00075FF029B181D009B049A104908F080F811
:10A800000390039B002B07DA029B00225A600498F6
:10A8100007F094FD039B0CE0019B094ADA60029A61
:10A82000019B1A610648FDF76DFC049807F086FD50
:10A83000039B184607B05DF804FB00BF98EF0408BF
:10A840007003002400B585B00190019BDB68039381
:10A85000039B002B2BD0039B1B8A03F00F03032BBE
:10A860000FD1039B5B69002B21D0039B5B69DB6AE3
:10A87000002B1CD0039B5B69DB6A01989847034659
:10A8800017E0039B5B69002B11D0039B5B695B693D
:10A89000002B0CD0039B5B695B69002240F20D51D9
:10A8A000019898470290029B03EAE37301E06FF07E
:10A8B0001503184605B05DF804FB00B585B001909E
:10A8C0000091019B1B6803F00203002B02D16FF083
:10A8D00015032BE0019BDB680393039B002B02D144
:10A8E0006FF0150322E0039B5B69002B02D16FF030
:10A8F00015031BE0039B5B699B6A002B07D1039B3D
:10A900005B69DB68002B02D16FF01D030EE0039B37
:10A910005B69DB69002B02D16FF0250306E0039B26
:10A920005B69DB690099019898470346184605B0B2
:10A930005DF804FB00B585B0019000916FF0150340
:10A940000393009B002B18DB02AB002219460198F1
:10A95000FDF719FB0390039B002B10DB029B009972
:10A960001846FFF7AAFF0390029B1846FDF72FFB3E
:10A97000039B002B05DB00230CE000BF02E000BFBF
:10A9800000E000BFE5F7B6FA0246039B5B421360A6
:10A990004FF0FF33184605B05DF804FB00B587B0F3
:10A9A0000390029101920093FDF78CFB04AB1A46D1
:10A9B00001990398FDF74CFC0590059B002B15DBD6
:10A9C000049B1B8A1BB223F00F031BB243F001034D
:10A9D0001AB2049B92B21A82049B029A5A61049B97
:10A9E000009ADA61FDF77EFB002302E0FDF77AFBB7
:10A9F000059B184607B05DF804FB00B585B00190D3
:10AA00000C20E8F715F80390039B002B02D16FF0A0
:10AA10000B0311E0019B1B690399184613F055FEC7
:10AA20000290029B002B03DB019B039A1A6102E058
:10AA30000398E7F7B7FF029B184605B05DF804FBE3
:10AA400000B583B00190019B1B69184613F070FD9F
:10AA5000019B1B691846E7F7A5FF0023184603B0C2
:10AA60005DF804FB00B587B0059004910392059B47
:10AA7000186900230193002300930023039A04998B
:10AA800013F002FC0346184607B05DF804FB00B55E
:10AA900085B0039002910192039B18690023019AEB
:10AAA000029913F054FC0346184605B05DF804FB08
:10AAB00000B585B0039002910192039B1B69019A36
:10AAC0000299184618F00BFE0346184605B05DF8CB
:10AAD00004FB00B585B00390029113468DF8073052
:10AAE000039B1B699DF807200299184613F07CFE12
:10AAF0000346184605B05DF804FB82B00190009152
:10AB00006FF01503184602B07047000000B585B01D
:10AB10000390029100230093039B002202990448B2
:10AB2000FDF786F90346184605B05DF804FB00BF43
:10AB30009403002482B00190019B002B09D0019B5B
:10AB4000DB681B8A03F00F03092B02D1019B1B69F1
:10AB500000E00023184602B0704700B585B00390AE
:10AB600002910192002202990398FDF70CFA034624
:10AB7000002B05DA019B00221A606FF0080318E031
:10AB8000029B1B681846FFF7D5FF0246019B1A601F
:10AB9000019B1B68002B04D1029B1B681846FDF724
:10ABA00016FA019B1B68002B01D0002301E06FF017
:10ABB0005703184605B05DF804FB00B589B0039053
:10ABC0000291019203230793029B03F40023002BBD
:10ABD00003D0079B43F480630793029B03F4006355
:10ABE000002B03D0079B43F0400307930C20E7F7AB
:10ABF0001FFF0590059B002B03D16FF00B030693FD
:10AC00001EE0059B019A0299039813F035FC06900B
:10AC1000069B002B10DB07990598FFF777FF049040
:10AC2000049B002B06DA049B069300BF059813F0E3
:10AC30007FFC02E0049B0BE000BF0598E7F7B2FE43
:10AC4000E5F758F90246069B5B4213604FF0FF336D
:10AC5000184609B05DF804FB00B585B0019000917D
:10AC6000019B03930EE0039B1B681946009809F0B3
:10AC700082FE0346002B02D1039B5B6807E0039B27
:10AC800008330393039B1B68002BECD10023184669
:10AC900005B05DF804FB000000B591B0039002918F
:10ACA0000192009300230D9300230C9300230F9334
:10ACB00000230493039B002B13D0039B1B78002BD2
:10ACC0000FD0009B0DAA1946039802F0DDFD034644
:10ACD000002B06DB0F9B002B2AD16FF012030E9383
:10ACE000AEE0039B002B16D0039B1B78002B12D0E9
:10ACF0000DAB1946039802F02BFE0E900E9B002B15
:10AD000009DB0F9B002B12D10F9B002B0FD16FF093
:10AD100012030E9394E001994C48FFF79DFF0F90AA
:10AD20000F9B002B04D16FF00E030E9388E000BF41
:10AD3000FDF7C8F9029B05930023069300230793B0
:10AD4000002308930023099300230A9300238DF81E
:10AD50002C3005AB184602F09CFC0E900E9B002B8D
:10AD60000FDB069B0C930C9B1B8A03F00F03002B3D
:10AD700007D06FF013030E930C9B184602F0ECFC07
:10AD800051E00F9BDB6C002B03D16FF015030E938A
:10AD900049E0FDF7A7F90F9BDB6C04AA129900208C
:10ADA00098470E90FDF78EF90E9B002B38DB0C9B1D
:10ADB000002B0AD10CAB1A4640F2FF110298FDF7A6
:10ADC00047FA0E900E9B002B1EDB0C9B1B8A1BB2BE
:10ADD00023F00F031BB243F003031AB20C9B92B291
:10ADE0001A820C9B0F9A5A610C9B049ADA61FDF748
:10ADF00079F90A9B002B05D00A9B1846E7F7D2FD8C
:10AE000000230A9300231CE000BF0F9B1B6D002B47
:10AE100008D00F9B1B6D04980DA90022984702E0F3
:10AE200000BF00E000BFFDF75DF90A9B002B06D0D4
:10AE30000A9B1846E7F7B6FD00230A9300E000BF1F
:10AE40000E9B184611B05DF804FB00BFD8EF040854
:10AE500000B589B005900491039202930A9B009378
:10AE6000029B039A04990598FFF716FF0790079B2A
:10AE7000002B08DAE5F73EF80246079B5B421360B9
:10AE80004FF0FF330793079B184609B05DF804FBAA
:10AE900000B58DB00190009100230993019B002B18
:10AEA00003D16FF00D030B93A2E0019B02930023EB
:10AEB00003930023049300230593002306930023A8
:10AEC000079300238DF8203002AB184602F0E1FB17
:10AED0000B900B9B002B7DDB039B0A930A9B1B8A29
:10AEE00003F00F03032B03D06FF015030B9366E001
:10AEF0000A9B5B691B6D002B03D16FF015030B934D
:10AF00005DE0FDF7DFF80A9B5B691B6D0A9AD0696B
:10AF100009A9009A98470B900B9B002B4ADB0B9BCF
:10AF2000002B03DD6FF00F030B9344E00A9B1B8A99
:10AF300023F00F039AB20A9B1A820A9B0022DA615D
:10AF40000A9B00225A610A9B9B68002B10D00A9B27
:10AF50000C33BFF35B8F53E8001F01F1FF3143E86F
:10AF60000012002AF7D1BFF35B8FFDF7BBF80FE0AB
:10AF7000019802F068FC0B90FDF7B4F80B9B002BD6
:10AF800003D00B9B13F1100F18D10A9802F0E4FBC9
:10AF9000099B002B03D0099B184602F0DDFB079BA1
:10AFA000002B05D0079B1846E7F7FCFC002307930E
:10AFB00000231EE000BFFDF795F800E000BF0A98EF
:10AFC00002F0CAFB099B002B06D0099B184602F031
:10AFD000C3FB02E000BF00E000BF079B002B06D0D0
:10AFE000079B1846E7F7DEFC0023079300E000BF4D
:10AFF0000B9B18460DB05DF804FB00B585B00190C1
:10B00000009100990198FFF743FF0390039B002BE9
:10B0100008DAE4F76FFF0246039B5B4213604FF0D0
:10B02000FF330393039B184605B05DF804FB84B01F
:10B0300001900091009B0393039B5A89039B9B897A
:10B040009A4211D2039B5B890293019B1A6B03996D
:10B05000029B06339B000B445A60029B9BB2013358
:10B060009AB2039B5A8100E000BF04B0704786B0DB
:10B070000190002305933BE0002304932DE0019A07
:10B08000049B06339B0013445A68049B01330199C7
:10B0900006339B000B445B689A421BDD019A049BBC
:10B0A00006339B0013445B680393049B0133019AAE
:10B0B00006339B0013445A680199049B06339B0096
:10B0C0000B445A60049B0133019A06339B001344DE
:10B0D000039A5A60049B01330493019B9B895A1E77
:10B0E000059BD31A049A9A42C9DB059B0133059349
:10B0F000019B9B891A46059B9342BDDB00BF00BFA5
:10B1000006B0704710B586B003900291019200938B
:10B110006FF001030493002305933EE02349059A51
:10B1200013465B0013449B000B441B6800220299EA
:10B13000184607F0FDF90346002B2BD11B49059A51
:10B1400013465B0013449B000B4408331B78022B0F
:10B1500002D16FF0140326E01449059A13465B00F0
:10B1600013449B000B4404331B681C68009B019A2A
:10B1700002990398A0470490049B002B0AD1039BDB
:10B180001969059A13465B0013449B00074A134450
:10B190000B6007E0059B0133059310231A46059BBE
:10B1A0009342BBDB049B184606B010BD80F0040838
:10B1B00000B585B0019000230393019B1B690293A6
:10B1C000029B1B685B685B68002B07D0029B1B68B7
:10B1D0005B685B6801989847039002E00298E7F784
:10B1E000E1FB019B00221A61039B184605B05DF844
:10B1F00004FB00B587B0039002910192039B1B6989
:10B200000593059B1B685B689B68019A02990398EC
:10B2100098470346184607B05DF804FB00B587B0B1
:10B22000039002910192039B1B690593059B1B6888
:10B230005B68DB68002B09D0059B1B685B68DB68DB
:10B24000019A029903989847034600E000231846A4
:10B2500007B05DF804FB00B587B003900291134678
:10B260008DF80730039B1B690593059B1B685B6882
:10B270001B69002B0AD0059B1B685B681B699DF846
:10B280000720029903989847034601E06FF02503D1
:10B29000184607B05DF804FB84B003900291019258
:10B2A0006FF01803184604B0704700B585B00190E0
:10B2B0000091019B1B690393039B1B685B685B699F
:10B2C0000099019898470346184605B05DF804FBBD
:10B2D00000B585B001900091019B1B69039340224A
:10B2E00000210098E6F71AFF009B48F224129A60AA
:10B2F000039B1B685B68DB68002B05D0009B9B6889
:10B3000043F09202009B9A600023184605B05DF856
:10B3100004FB000000B58DB0039002910192029BE6
:10B32000002B03D0029B1B78002B33D10023069304
:10B33000684B1B680693069B08339B001846E7F78B
:10B3400077FB0590059B002B02D16FF00B03BCE04F
:10B35000059B00225A81069B9AB2059B9A8105990A
:10B360005D48D9F70FFE059B5A89059B9A81059B7D
:10B3700000225A810598FFF77AFE059B574A9A6189
:10B38000059B00221A75059B00221A61019B059AF4
:10B390001A6099E00298E7F728F803460A93002319
:10B3A0000B9383E04E490B9A13465B0013449B00BA
:10B3B0000B441B6800220299184607F0B9F80346AF
:10B3C000002B2DD146490B9A13465B0013449B007A
:10B3D0000B4404331B689B69002B02D16FF00103FF
:10B3E00073E03F490B9A13465B0013449B000B44E8
:10B3F00004331B689B690199029898470890089B41
:10B40000002B0BD1019B1B6807930B9A13465B0023
:10B4100013449B00324A1A44079B1A61089B54E06C
:10B420002F490B9A13465B0013449B000B441B6887
:10B430000A9A0299184609F078FB0346002B32D18C
:10B4400027490B9A13465B0013449B000B441A6870
:10B450000A9B13441B782F2B25D11C20E7F7E8FA11
:10B460000990099B002B02D16FF00B032DE0099B83
:10B4700001221A720B9B9AB2099B5A810B9B9AB2BA
:10B48000099BDA820A9BDAB2099B5A75099B134A17
:10B490009A61099B00221A75099B00221A61019B7F
:10B4A000099A1A6008E00B9B01330B9310231A468C
:10B4B0000B9B9342FFF676AF10231A460B9B9342E9
:10B4C00002D16FF0010300E0002318460DB05DF8D3
:10B4D00004FB00BFD40C00242FB0020874F0040851
:10B4E00080F0040800B585B001900091002303931B
:10B4F000009B0293029B1B69002B0DD0029B1B69D2
:10B500005B68DB69002B07D0029B1B695B68DB690A
:10B5100000989847039002E00098E7F743FA039BEE
:10B52000184605B05DF804FB10B58EB0039002918B
:10B53000019200230D9300230C936FF001030A93F3
:10B54000029B0993099B1B7A002B40F0BC80099B4E
:10B550000793099B5B890B93099B9B891A460B9B5D
:10B560009342C0F08C80099B9B891A460B9B9B1AC7
:10B570000B9346E00B9A13465B0013449B00994AD9
:10B5800013440D930D9B1B680C9314E00C9B1B78CC
:10B590002A2B07D00C9B1B785B2B03D00C9B1B78B2
:10B5A0003F2B05D10B9B01330B9300230C930AE037
:10B5B0000C9B01330C930C9B1B782F2B03D00C9B03
:10B5C0001B78002BE2D10C9B002B1AD085490B9ADB
:10B5D00013465B0013449B000B441B680C93079BB2
:10B5E0001B7D002B12D0079B9969079B1B7D1A4678
:10B5F0000C9809F09AFA0346002B07D10B9B0133F4
:10B600000B9310231A460B9B9342B3D310231A4675
:10B610000B9B934280F0E28073490C9808F0FEFF88
:10B620000346DAB2079B1A75079B0C9A9A61019B35
:10B63000581C079B1B7D01331A460C99E6F784FDC5
:10B640000D9B1B7A022B08D0079B1B7D1C460C9878
:10B65000E6F7CBFE03469C4203D0019B04221A70FE
:10B6600002E0019B08221A70099B9A890B9B9BB2EE
:10B6700013449AB2099B5A8100230A93AEE0079AB9
:10B680000B9B06339B0013445B6806930698D9F71F
:10B690000BFC0590059B002B02D16FF001039EE08F
:10B6A000019B04221A70019B581C069B4F4A2121C2
:10B6B00001F0BBFE0B9B9BB201339AB2079B5A81F0
:10B6C00000230A938AE0099B1B7A002B7CD0099BFC
:10B6D0001B69002B78D1099B0893089B5B8910227A
:10B6E00093427AD2089BDB8A1022934275D2089B40
:10B6F0005B8919463B4A0B465B000B449B00134495
:10B700001868089BDB8A1946364A0B465B000B44D7
:10B710009B0013441968089B5B7D1A4609F005FAE3
:10B720000346002B59D1089B5B8919462D4A0B46CD
:10B730005B000B449B0013441A68089B5B7D01333C
:10B7400013440C9328490C9808F068FF0346DAB2BA
:10B75000089B1A75089B0C9A9A61019B581C089BC0
:10B760001B7D01331A460C99E6F7EEFC05E0089BB9
:10B770001B7D013BDAB2089B1A75089B1B7D013BC0
:10B78000019A13445B782A2BF1D0089B1B7D1A4643
:10B79000019B134400225A70089B1B7D1A460C9B88
:10B7A00013441B782F2B03D1019B04221A7002E053
:10B7B000019B08221A70089B5B8901339AB2089B8F
:10B7C0005A8100230A9308E0099B1B695B681B6A86
:10B7D0000199029898470A9000E000BF0A9B18461A
:10B7E0000EB010BD80F0040878F004087CF0040866
:10B7F00084B001900091009B0393039B1B7A002B64
:10B8000008D0039B1B69002B04D1039BDA8A039B9E
:10B810005A8102E0039B00225A810023184604B09B
:10B82000704784B00390029101920023184604B03F
:10B83000704784B00390029101920023184604B02F
:10B840007047000082B001900091009B0A4A1A6084
:10B85000009B00229A60009B0022DA60009B00227D
:10B860001A61009B00225A61009B20225A6000232B
:10B87000184602B0704700BF50524F4300B589B020
:10B880000390029101926FF001030793402200217F
:10B890000198E6F743FC029B002B03D0029B1B7828
:10B8A000002B06D1019B44F224129A6000230793D7
:10B8B00052E00298E6F799FD0346059300230693AC
:10B8C00045E02849069A13465B0013449B000B444D
:10B8D0001B6800220299184606F02AFE0346002B38
:10B8E0000ED12049069A13465B0013449B000B447B
:10B8F00004331B689B6A01990298984703462CE021
:10B900001849069A13465B0013449B000B441B68BE
:10B91000059A0299184609F008F90346002B13D13D
:10B920001049069A13465B0013449B000B441A68A7
:10B93000059B13441B782F2B06D1019B44F2241244
:10B940009A600023079307E0069B013306931023B8
:10B950001A46069B9342B4DB079B184609B05DF874
:10B9600004FB00BF80F0040800B587B0039002918B
:10B97000019200930420E7F75BF80590059B002BEC
:10B9800002D16FF00B0303E0039B059A1A610023B9
:10B99000184607B05DF804FB00B585B00190019B27
:10B9A0001B6903930398E6F7FDFF019B00221A61D0
:10B9B0000023184605B05DF804FB00B587B003907E
:10B9C00002910192039B9B680493049A0199029847
:10B9D0000CF0A4FF0590059B002B06DD039B9A68E5
:10B9E000059B1A44039B9A6001E000230593059B85
:10B9F000184607B05DF804FB00B585B001900091D2
:10BA0000019B1B6903930420E6F7DCFF03460293C6
:10BA1000029B002B02D16FF00B0308E0039B1B6815
:10BA20001A46029B1A60009B029A1A61002318466C
:10BA300005B05DF804FB00B583B001900091402291
:10BA400000210098E6F76AFB009B48F224129A60F6
:10BA50000023184603B05DF804FB00B587B00390DF
:10BA6000029101920093019B03F00203002B04D189
:10BA7000019B03F00103002B02D16FF00C030DE0DA
:10BA80005820E6F7D5FF0590059B002B02D16FF0FB
:10BA90000B0303E0039B059A1A610023184607B0C5
:10BAA0005DF804FB00B585B00190019B1B69039311
:10BAB0000398E6F777FF019B00221A6100231846DE
:10BAC00005B05DF804FB000010B592B00790069138
:10BAD0000592079B9B680993079B1B691193119B18
:10BAE00003F10800284B0293284B0193284B009345
:10BAF000284B294A502101F098FC03461093119BD2
:10BB000003F1080009AB0093059B069A109901F018
:10BB10005AFC0F900F9B0E93069A0F9B13440693AB
:10BB2000059A0F9BD31A05930AAB18460CF05EFCDE
:10BB3000119B03F108000A9C0B9B0C9A0D99029132
:10BB4000019200932346154A502101F06EFC0346F2
:10BB50001093119B03F1080009AB0093059B069A13
:10BB6000109901F030FC0F900E9A0F9B13440E9326
:10BB7000079B9B681A460E9B13441A46079B9A60C4
:10BB80000E9B184612B010BD28F2040834F20408C7
:10BB90003CF204080CF2040814F2040844F204080D
:10BBA00000B585B001900091019B1B69039358205B
:10BBB000E6F708FF03460293029B002B02D16FF0C9
:10BBC0000B0308E0582203990298E6F70CFB009B50
:10BBD000029A1A610023184605B05DF804FB00B50F
:10BBE00083B001900091402200210098E6F796FA78
:10BBF000009B48F224129A600023184603B05DF8B7
:10BC000004FB00B587B003900291019200934FF4BA
:10BC10000270E6F70DFF0590059B002B02D16FF037
:10BC20000B0303E0039B059A1A610023184607B033
:10BC30005DF804FB00B585B00190019B1B6903937F
:10BC40000398E6F7AFFE019B00221A610023184615
:10BC500005B05DF804FB0000F0B59BB00B900A91B5
:10BC600009920B9B9B6814930B9B1B691693169B65
:10BC700003F10800404B0693404B0593404B04935F
:10BC8000404B0393404B0293404B0193404B009336
:10BC9000404B414A4FF4007101F0C7FB0346159336
:10BCA000169B03F1080014AB0093099B0A9A15999F
:10BCB00001F089FB1990199B1893384B1B68179357
:10BCC0004AE0099B002B44D00A9A199B13440A931B
:10BCD000099A199BD31A0993179B5B681846E7F7D3
:10BCE000A1FC179B5A680DAB114618460BF03AFCA5
:10BCF000169B03F108000D9B9C46119B1A46129B54
:10BD00001946139B1C46109B1D460F9B1E460E9BFF
:10BD10001F46179B1B68069305970496039502948C
:10BD20000191009263461E4A4FF4007101F07DFBC1
:10BD300003461593169B03F1080014AB0093099B6F
:10BD40000A9A159901F03FFB1990189A199B134410
:10BD50001893179B9B681793179B002BB1D10B9BD4
:10BD60009B681A46189B13441A460B9B9A60189BB3
:10BD700018461BB0F0BD00BFD8F20408E0F204087A
:10BD8000E8F20408F0F20408F8F2040800F30408EA
:10BD900008F30408B0F20408B8F204083C4F002489
:10BDA00010F3040800B58BB0059004910392059B35
:10BDB0009B680693059B1B690993099B0833104AEE
:10BDC0004FF40071184601F030FB03460893099BBD
:10BDD00003F1080006AB0093039B049A089901F055
:10BDE000F2FA0790059B9B681A46079B13441A4674
:10BDF000059B9A60079B18460BB05DF804FB00BFDB
:10BE000038F3040800B589B00390029101926FF0F5
:10BE100002030593039B1B690693029B1B78623BFD
:10BE2000132B3BD801A252F823F000BF8DBE0208AD
:10BE30009DBE02089DBE02089DBE020885BE020886
:10BE40009DBE02089DBE02089DBE02089DBE02085E
:10BE50009DBE02089DBE02089DBE02089DBE02084E
:10BE600095BE02089DBE02089DBE02089DBE020846
:10BE70009DBE02089DBE02087DBE02086FF002034F
:10BE800005930BE06FF00303059307E06FF00403E5
:10BE9000059303E06FF00503059300BF0A4B1B6891
:10BEA000079309E0079B5B6805AA114618460BF04B
:10BEB000F5FC079B9B680793079B002BF2D1019B26
:10BEC000184609B05DF804FB3C4F002400B585B06E
:10BED00001900091019B1B6903934FF40270E6F7F8
:10BEE00071FD03460293029B002B02D16FF00B03FE
:10BEF00009E04FF4027203990298E6F774F9009B87
:10BF0000029A1A610023184605B05DF804FB00B5DB
:10BF100083B001900091402200210098E6F7FEF8DE
:10BF2000009B48F224129A600023184603B05DF883
:10BF300004FB000082B00190019B1B68002B07D01E
:10BF4000054B1A68019B9A60034A019B136000E04D
:10BF500000BF02B0704700BF3C4F002484B0019086
:10BF6000019B1B6803930023029305E0039B1B685E
:10BF70000393029B01330293039B002BF6D1029B98
:10BF8000184604B0704782B0EFF311830193019B10
:10BF9000DBB2184602B0704782B00190019B83F378
:10BFA000118800BF02B0704700B583B0FFF7EBFF08
:10BFB00003468DF807308020FFF7EEFF9DF807302D
:10BFC000184603B05DF804FB00B583B003468DF856
:10BFD00007309DF807301846FFF7DEFF00BF03B0BB
:10BFE0005DF804FB00B585B001900023039337E0B2
:10BFF0001F4A039B52F823301B681846E6F7F5F9F1
:10C0000002901B4A039B52F823301B68029A019945
:10C01000184608F08AFD0346002B1ED1019A029BA8
:10C0200013441B78002B13D0019A029B13441B78F6
:10C030002F2B12D1029B0133019A13441B78002B42
:10C040000BD10B4A039B52F823305B7A042B04D1AB
:10C05000074A039B52F8233006E0039B0133039306
:10C06000039B062BC4D90023184605B05DF804FBDA
:10C07000B4F6040800B595B00590049103920293BC
:10C08000029B1393002312938E4B1193059B03F194
:10C090000C00119B00938C4B8C4A4FF4807101F083
:10C0A000C4F903461093059B03F10C0016AB0093F3
:10C0B000139B039A109901F086F90F90129A0F9B27
:10C0C00013441293039A0F9B13440393139A0F9BE9
:10C0D000D31A1393129A029B9A4201D3129B5DE1E9
:10C0E000059B03F10C00049B5B6C03F00303784A8F
:10C0F00052F823300093774B774A4FF4807101F068
:10C1000094F903461093059B03F10C0016AB0093C2
:10C11000139B039A109901F056F90F90129A0F9BF6
:10C1200013441293039A0F9B13440393139A0F9B88
:10C13000D31A1393129A029B9A4201D3129B2DE1B8
:10C14000059B03F10C00049B9B68002B03D0049B10
:10C150009B681B6801E04FF0FF3300935F4B604A20
:10C160004FF4807101F061F903461093059B03F1D0
:10C170000C0016AB0093139B039A109901F023F95E
:10C180000F90129A0F9B13441293039A0F9B134420
:10C190000393139A0F9BD31A1393129A029B9A42FA
:10C1A00001D3129BFAE006AB202219460498D9F776
:10C1B0003BF8059B03F10C0006AB0093494B464A44
:10C1C0004FF4807101F031F903461093059B03F1A0
:10C1D0000C0016AB0093139B039A109901F0F3F82F
:10C1E0000F90129A0F9B13441293039A0F9B1344C0
:10C1F0000393139A0F9BD31A1393129A029B9A429A
:10C2000001D3129BCAE0059B03F10C00049B5B6CFD
:10C2100003F48073002B01D0502300E02D23009302
:10C22000314B324A4FF4807101F0FFF8034610930E
:10C23000059B03F10C0016AB0093139B039A109916
:10C2400001F0C1F80F90129A0F9B13441293039AB6
:10C250000F9B13440393139A0F9BD31A1393129AB1
:10C26000029B9A4201D3129B98E0059B03F10C00BC
:10C27000049B93F8343000931D4B194A4FF480719E
:10C2800001F0D3F803461093059B03F10C0016ABA5
:10C290000093139B039A109901F095F80F90129A4E
:10C2A0000F9B13441293039A0F9B13440393139A07
:10C2B0000F9BD31A1393129A029B9A421AD3129B82
:10C2C0006CE000BF80F404088CF4040894F40408C3
:10C2D000ECF60408A0F40408A8F40408B4F4040874
:10C2E000BCF40408C8F40408D0F40408D8F4040822
:10C2F000E4F40408049B5B6CDB0803F00303294AA5
:10C3000052F823300E93059B03F10C000E9B009313
:10C31000254B264A4FF4807101F087F803461093AD
:10C32000059B03F10C0016AB0093139B039A109925
:10C3300001F049F80F90129A0F9B13441293039A3D
:10C340000F9B13440393139A0F9BD31A1393129AC0
:10C35000029B9A4201D3129B20E0059B03F10C0043
:10C36000049B9B6F049A526F01920093104B114AE9
:10C370004FF4807101F059F803461093059B03F1C7
:10C380000C0016AB0093139B039A109901F01BF855
:10C390000F90129A0F9B13441293129B184615B0DC
:10C3A0005DF804FB18F60408F0F40408A8F4040887
:10C3B000FCF4040808F5040800B58DB0059004915C
:10C3C00003920293029B0B9300230A93344B09932D
:10C3D0000998E6F70AF80890059B0C33089A099922
:10C3E0001846E5F700FF059B03F10C000EAB009328
:10C3F0000B9B039A089900F0E6FF07900A9A079BA7
:10C4000013440A93039A079B134403930B9A079BC5
:10C41000D31A0B930A9A029B9A4201D30A9B3AE0E1
:10C42000059B0C334FF4807219460498D9F792F8A3
:10C430000890059B03F10C000EAB00934FF4807342
:10C44000039A089900F0BFFF07900A9A079B1344CC
:10C450000A93039A079B134403930B9A079BD31ADF
:10C460000B93059B0C330F4A4FF48071184600F074
:10C47000DCFF03460893059B03F10C000EAB009311
:10C480000B9B039A089900F09EFF07900A9A079B5E
:10C4900013440A930A9B18460DB05DF804FB00BFD5
:10C4A00080F404081CF5040800B58BB005900491D5
:10C4B00003920293029B099300230893059B03F1C7
:10C4C0000C00049B9B6E00933C4B3D4A4FF48071E3
:10C4D00000F0ABFF03460793059B03F10C000CAB88
:10C4E0000093099B039A079900F06DFF0690089A44
:10C4F000069B13440893039A069B13440393099ADB
:10C50000069BD31A0993089A029B9A4201D3089B6F
:10C5100050E0059B03F10C00049BDB6E0093294B5C
:10C52000274A4FF4807100F080FF03460793059B74
:10C5300003F10C000CAB0093099B039A079900F0E0
:10C5400042FF0690089A069B13440893039A069BA1
:10C5500013440393099A069BD31A0993089A029BE2
:10C560009A4201D3089B25E0059B03F10C00049B34
:10C570005B6E0093144B154A4FF4807100F055FF29
:10C5800003460793059B03F10C000CAB0093099B3A
:10C59000039A079900F017FF0690089A069B134428
:10C5A0000893039A069B13440393099A069BD31A94
:10C5B0000993089B18460BB05DF804FB20F50408AE
:10C5C0002CF5040838F5040844F5040850F504086F
:10C5D00010B58EB00590049103920293049B9B6862
:10C5E0000993029B0D9300230C93059B03F10C0010
:10C5F000099B1B680093894B894A4FF4807100F0B6
:10C6000014FF03460893059B03F10C0010AB009345
:10C610000D9B039A089900F0D6FE07900C9A079B91
:10C6200013440C93039A079B134403930D9A079B9F
:10C63000D31A0D930C9A029B9A4201D30C9B26E1CC
:10C64000059B03F10C00099B5B680093754B744AD2
:10C650004FF4807100F0E9FE03460893059B03F157
:10C660000C0010AB00930D9B039A089900F0ABFEF1
:10C6700007900C9A079B13440C93039A079B13444F
:10C6800003930D9A079BD31A0D930C9A029B9A421F
:10C6900001D30C9BFBE0059B03F10C00099B1B7A6B
:10C6A0000093614B614A4FF4807100F0BEFE034677
:10C6B0000893059B03F10C0010AB00930D9B039AAC
:10C6C000089900F080FE07900C9A079B13440C9386
:10C6D000039A079B134403930D9A079BD31A0D9358
:10C6E0000C9A029B9A4201D30C9BD0E0059B03F16C
:10C6F0000C04099B0C331846FFF730FC03460093EB
:10C700004B4B4C4A4FF48071204600F08EFE03469E
:10C710000893059B03F10C0010AB00930D9B039A4B
:10C72000089900F050FE07900C9A079B13440C9355
:10C73000039A079B134403930D9A079BD31A0D93F7
:10C740000C9A029B9A4201D30C9BA0E0059B0C33F0
:10C75000394A4FF48071184600F067FE034608938B
:10C76000059B03F10C0010AB00930D9B039A0899F5
:10C7700000F029FE07900C9A079B13440C93039A30
:10C78000079B134403930D9A079BD31A0D930C9A9E
:10C79000029B9A4201D30C9B79E0099BDB680B93C7
:10C7A0000B9B002B02D00B9B1B6800E000230A931D
:10C7B00048E00B9B0C3B0493059B03F10C00049B8E
:10C7C0001B6B1E4A4FF4807100F02FFE0346089346
:10C7D000059B03F10C0010AB00930D9B039A089985
:10C7E00000F0F1FD07900C9A079B13440C93039AF9
:10C7F000079B134403930D9A079BD31A0D930C9A2E
:10C80000029B9A4201D30C9B41E00A9B0B930B9B2A
:10C81000002B15D00B9B1B6813E000BF5CF50408D0
:10C82000BCF4040868F50408D0F4040870F50408A2
:10C8300080F504088CF5040898F50408A4F50408AC
:10C8400000230A930B9B002BB3D1059B0C33114A99
:10C850004FF48071184600F0E8FD03460893059BED
:10C8600003F10C0010AB00930D9B039A089900F0A4
:10C87000AAFD07900C9A079B13440C93039A079BFD
:10C88000134403930D9A079BD31A0D930C9B1846E0
:10C890000EB010BD1CF5040810B594B009900891B5
:10C8A00007920693089B9B681093109B03F50A73ED
:10C8B0001846FBF7BEF90F900F9B002B01D1002308
:10C8C000ADE0069B139300231293099B03F10C0028
:10C8D000544B0493544B0393544B0293544B019386
:10C8E000544B0093544B554A4FF4807100F09DFD1A
:10C8F00003460E93099B03F10C0016AB0093139BA8
:10C90000079A0E9900F05FFD0D90129A0D9B13444B
:10C910001293079A0D9B13440793139A0D9BD31AF6
:10C920001393129A069B9A4201D3129B77E04FF41D
:10C93000807005F0ABFC0C900C9B002B01D1129B7E
:10C940006DE00023119362E0109B03F50A700AABBF
:10C950000BAA1199FBF775F90346002B53DB0B9BD0
:10C960000C9A40F203311846FBF7A9FF0346002B4F
:10C9700002DA0C9B00221A70099B03F10C040B9B3A
:10C980001B680B9AD268128A02F00F020B99896811
:10C990000C980390029101920093119B284A4FF446
:10C9A0008071204600F041FD03460E930E9BFF2B45
:10C9B00005D80E9B013B099A13440A221A730B9B5C
:10C9C0001846FBF704FB099B03F10C0016AB009320
:10C9D000139B079A0E9900F0F6FC0D90129A0D9B8E
:10C9E00013441293079A0D9B13440793139A0D9BBC
:10C9F000D31A1393129A069B9A4205D30C9805F00A
:10CA00009DFC129B0BE000BF119B01331193119A07
:10CA10000F9B9A4298DB0C9805F090FC129B1846ED
:10CA200014B010BD0CF40408CCF50408D4F50408C7
:10CA3000D8F50408E0F50408A8F50408ACF50408E6
:10CA4000E8F5040800B591B003900291039B0B93A5
:10CA500000230E9300230C93029B0F9304AB0D93C2
:10CA60000EE00C9B0F2B08DC0D9B5A1C0D920F9AAD
:10CA700012781A700C9B01330C930F9B01330F93A8
:10CA80000F9B1B783D2B03D00F9B1B78002BE8D10D
:10CA90000D9B00221A700F9B1B783D2B03D10F9B1F
:10CAA00001330E9301E0204B0E930B9B1B6803F1A7
:10CAB0000C0004AA0E9B009313461C4A4FF480718D
:10CAC00000F0B3FC03460A930B9B1B6803F10C00B8
:10CAD0000B9B5A680B9B19690B9B083300930B4601
:10CAE0000A9900F070FC09900B9B5A69099B1A4443
:10CAF0000B9B5A610B9B5A68099B1A440B9B5A600B
:10CB00000B9B1A69099BD21A0B9B1A610B9B5A69E2
:10CB10000B9BDB689A4201D3012300E000231846F7
:10CB200011B05DF804FB00BF0CF4040804F604081F
:10CB300000B58DB00390029101920093029B9B6817
:10CB40000B93039B0593019B06930E9B0793009BFE
:10CB50000893009B099300230A9305AB1A460449E6
:10CB60000B9802F0E7FB0A9B18460DB05DF804FB3A
:10CB700045CA020800B58BB0039002910192009360
:10CB80000023049304223049029807F0CEFF0346A5
:10CB9000002B07D104F0B6FA03460993029B043335
:10CBA000049306E004AB0A2219460298E3F73DFF1E
:10CBB0000990049B002B03D0049B1B782F2B02D0E1
:10CBC0006FF001033BE0049B01330493099B002BAE
:10CBD00002DA6FF0010332E0099B08930898D8F756
:10CBE00063F90790079B002B02D16FF0010326E049
:10CBF000049B1846FFF7F6F90690069B002B02D11E
:10CC00006FF001031BE0069B5B7A082B02D06FF0EC
:10CC1000140314E04FF48670E5F70AFF0590059BB6
:10CC2000002B02D16FF00B0309E0059B089A9A6074
:10CC3000059B069A5A60039B059A1A6100231846C1
:10CC40000BB05DF804FB00BF0CF6040800B585B01E
:10CC50000190019B1B6903930398E5F7A3FE019BD9
:10CC600000221A610023184605B05DF804FB00009D
:10CC700000B58BB0059004910392059B1B69089346
:10CC8000FFF792F903468DF81F30089B9B68184602
:10CC9000D8F70AF90690069B002B07D19DF81F30A4
:10CCA0001846FFF791F96FF012036CE0089B5B6880
:10CCB0001B7A013B062B53D801A252F823F000BF88
:10CCC000DDCC0208F3CC020809CD020861CD0208D0
:10CCD0001FCD020835CD02084BCD0208059B9B688D
:10CCE0000093039B049A06990898FFF7C3F90990EB
:10CCF0003AE0059B9B680093039B049A0699089869
:10CD0000FFF75AFB09902FE0059B9B680093039B5C
:10CD1000049A06990898FFF7C7FB099024E0059B41
:10CD20009B680093039B049A06990898FFF750FCB0
:10CD3000099019E0059B9B680093039B049A069950
:10CD40000898FFF7A9FD09900EE0059B9B680093EA
:10CD5000039B049A06990898FFF7EAFE099003E0FE
:10CD60006FF01503099300BF9DF81F301846FFF7B9
:10CD70002BF9099B002B05DD059B9A68099B1A443A
:10CD8000059B9A60099B18460BB05DF804FB00BF39
:10CD900000B589B0039002910192039B1B69079330
:10CDA000079B9B681846D8F77FF80690069B002BD8
:10CDB00002D16FF0120304E06FF01503059300BF7A
:10CDC000059B184609B05DF804FB00B585B00190DD
:10CDD0000091019B1B6903934FF48670E5F7F2FD08
:10CDE00003460293029B002B02D16FF00B0309E074
:10CDF0004FF4867203990298E5F7F5F9009B029AC1
:10CE00001A610023184605B05DF804FB00B589B02F
:10CE1000019000910023029304224249019807F0F7
:10CE200084FE0346002B07D104F06CF903460793F8
:10CE3000019B0433029306E002AB0A2219460198D3
:10CE4000E3F7F3FD0790029B002B07D0029B1B78B2
:10CE5000002B06D0029B1B782F2B02D06FF0010312
:10CE60005CE0079B002B02DA6FF0010356E0079BA2
:10CE700006930698D8F718F80590059B002B02D169
:10CE80006FF001034AE01C20E5F7D2FD0490049BFB
:10CE9000002B02D16FF00B0340E0029B1B78002BAC
:10CEA0002CD0029B2049184607F065FD0346002B55
:10CEB00024D0029B01330293029B1846FFF792F89D
:10CEC0000390039B002B05D10498E5F76BFD6FF0F1
:10CED000010323E0039B5B7A042B05D00498E5F75C
:10CEE00061FD6FF0130319E0049B02221A72049B88
:10CEF00003229A81049B039A5A6108E0049B012251
:10CF00001A72049B04229A81049B084A5A61049B6A
:10CF1000069A9A61009B049A1A600023184609B089
:10CF20005DF804FB0CF6040814F6040854F6040833
:10CF300000B583B001900198E5F734FD0023184651
:10CF400003B05DF804FB000000B589B001900091CA
:10CF500000230793019B0593059B5B890493059B25
:10CF60009B891A46049B934203D36FF001030693F7
:10CF700037E0059B9B6903930398D7F795FF0290D1
:10CF8000029B002B02D16FF001032BE0059B5B6934
:10CF90001B7A002B02D0042B06D00BE0134A049B13
:10CFA00052F82330079308E0114A049B52F82330CB
:10CFB000079302E06FF0010314E0079B5A7A009B8D
:10CFC0001A70009B581C079B5B6821221946E5F7E5
:10CFD000BBF8049B9BB201339AB2059B5A81002394
:10CFE0000693069B184609B05DF804FBD0F60408CA
:10CFF000E0F6040884B00190019B0393039B002298
:10D000005A810023184604B07047000000B589B06B
:10D01000019000910023039304223549019807F001
:10D0200084FD0346002B07D104F06CF803460793F8
:10D03000019B0433039306E003AB0A2219460198CF
:10D04000E3F7F3FC0790039B002B02D16FF0010381
:10D050004AE0079B002B02DA6FF0010344E0079BD4
:10D0600006930698D7F720FF0590059B002B02D169
:10D070006FF0010338E0402200210098E5F74EF8F8
:10D08000039B1B78002B07D0039B1A49184607F017
:10D0900072FC0346002B04D1009B44F224129A60D8
:10D0A00021E0039B1B782F2B02D06FF001031BE0C4
:10D0B000039B01330393039B1846FEF793FF0490F1
:10D0C000049B002B02D16FF001030DE0049B5B7AFF
:10D0D000082B04D1009B48F224129A6003E0009BC5
:10D0E00044F224129A600023184609B05DF804FB4C
:10D0F0000CF6040814F6040800B587B003900291FA
:10D1000001920093019B03F00203002B04D1019BC9
:10D1100003F00103002B02D16FF00C030DE0882017
:10D12000E5F786FC0590059B002B02D16FF00B0301
:10D1300003E0039B059A1A610023184607B05DF8C7
:10D1400004FB00B585B00190019B1B690393039814
:10D15000E5F728FC019B00221A610023184605B060
:10D160005DF804FB024B1B68D3F8A03018467047EB
:10D17000B00C002410B58AB0059004910392059B71
:10D180001B690993059B9B68002B13D1099B03F135
:10D190000804FFF7E7FF0346019318230093144B9D
:10D1A000144A8021204600F040F903460893099B69
:10D1B000089A5A60059B9B680693099B03F1080037
:10D1C000099B596806AB0093039B049A00F0FBF897
:10D1D00003460793079B002B05DD059B9A68079B79
:10D1E0001A44059B9A60079B18460AB010BD00BF01
:10D1F000EC06050828F7040800B585B001900091F9
:10D20000019B1B6903938820E5F7DCFB034602932F
:10D21000029B002B02D16FF00B0308E088220399D8
:10D220000298E4F7E0FF009B029A1A610023184677
:10D2300005B05DF804FB00B583B001900091402279
:10D2400000210098E4F76AFF009B48F224129A60DC
:10D250000023184603B05DF804FB00B587B00390C7
:10D26000029101920093019B03F00203002B04D171
:10D27000019B03F00103002B02D16FF00C030DE0C2
:10D280001820E5F7D5FB0590059B002B02D16FF028
:10D290000B0303E0039B059A1A610023184607B0AD
:10D2A0005DF804FB00B585B00190019B1B690393F9
:10D2B0000398E5F777FB019B00221A6100231846CB
:10D2C00005B05DF804FB000000B58FB00590049137
:10D2D0000392059B1B690D93059B9B68002B1DD139
:10D2E000D9F77BFB0C900C9B07EE903AB8EE676B7E
:10D2F0009FED195B86EE057B8DED0A7B0D9B03F19F
:10D300000800DDE90A23CDE90023154A102100F0C9
:10D310008CF8034609930D9B099A5A60059B9B68FC
:10D3200007930D9B03F108000D9B596807AB009311
:10D33000039B049A00F047F803460893089B002BD0
:10D3400005DD059B9A68089B1A44059B9A60089B1B
:10D3500018460FB05DF804FB0000000000005940C3
:10D360007CF7040800B585B001900091019B1B6912
:10D3700003931820E5F726FB03460293029B002B3C
:10D3800002D16FF00B0308E0182203990298E4F72A
:10D390002AFF009B029A1A610023184605B05DF827
:10D3A00004FB00B583B00190009140220021009859
:10D3B000E4F7B4FE009B48F224129A60002318465A
:10D3C00003B05DF804FB00B587B0039002910192B1
:10D3D0000093089B1B680593029A059B9A4209D209
:10D3E000089B1B681A46029BD31A1A46089B1A60B0
:10D3F000002316E0029A059BD31A0293039A059B19
:10D4000013440393089B00221A60009A029B9342E4
:10D4100028BF13460493049A03990198E4F7E3FEA6
:10D42000049B184607B05DF804FB0CB400B585B04A
:10D430000190009107AB0293029B069A0099019814
:10D4400005F000FB0390009B5A1E039B934228BFEC
:10D450001346184605B05DF804EB02B0704708B4F7
:10D4600000B5A8B00390029101922AAB059306A8DB
:10D47000059B299A802105F0E5FA03462693269B11
:10D480007F2B28BF7F232693019B1B68002B26DD63
:10D49000019B1B681A46269B934208D2019B1B687E
:10D4A0001A46269BD31A1A46019B1A603DE0019B3F
:10D4B0001B681A46269B9B1A029A934228BF134662
:10D4C0002793019B1B681A4606AB1344279A1946FB
:10D4D0000398E4F788FE019B00221A601DE0019B7F
:10D4E0001B681A46029B1344002B14D0019B1B6837
:10D4F0001A46029B1344269A934228BF1346279349
:10D50000019B1B685B42039A134406A9279A18469D
:10D51000E4F769FE01E000232793019B1B681A468C
:10D52000279BD31A1A46019B1A6028B05DF804EBBA
:10D5300001B0704700B587B003900291019200934B
:10D54000019B03F00203002B04D1019B03F00103B4
:10D55000002B02D16FF00C030DE08820E5F768FA8C
:10D560000590059B002B02D16FF00B0303E0039B9A
:10D57000059A1A610023184607B05DF804FB00B550
:10D5800085B00190019B1B6903930398E5F70AFAA4
:10D59000019B00221A610023184605B05DF804FBC8
:10D5A00000B5B3B0079006910592079B1B693193B4
:10D5B000079B9B68002B19D10AAB1846E2F778FD50
:10D5C000319B03F108000AAA174B02930AAB4A33B6
:10D5D00001930AAB353300931346144A8021FFF7B9
:10D5E00024FF03463093319B309A5A60079B9B6817
:10D5F0000993319B03F10800319B596809AB0093F3
:10D60000059B069AFFF7DFFE03462F932F9B002B07
:10D6100005DD079B9A682F9B1A44079B9A602F9BF6
:10D62000184633B05DF804FBC8F70408B0F70408E7
:10D6300000B585B001900091019B1B690393882080
:10D64000E5F7C0F903460293029B002B02D16FF06D
:10D650000B0308E0882203990298E4F7C4FD009BBD
:10D66000029A1A610023184605B05DF804FB00B564
:10D6700083B001900091402200210098E4F74EFD14
:10D68000009B48F224129A600023184603B05DF80C
:10D6900004FB00B585B00190FAF71CFD0198FAF77C
:10D6A00005FF0390039B002B10DB019B5B6802933B
:10D6B000029B0C33BFF35B8F53E8001F01F10101A4
:10D6C00043E80012002AF7D1BFF35B8FFAF712FD8F
:10D6D000039B184605B05DF804FB000000B587B059
:10D6E000039002910192029B002B02D16FF015036F
:10D6F0002BE0039B002B04D1029B00221A70002315
:10D7000023E0039B1B68019A02991846FFF7E6FF86
:10D710000590059B002B01DA059B16E0039B203347
:10D72000019A1946029807F08EF8039B9B68002B1C
:10D7300005D1039B1B8A03F00F03032B04D1019A2D
:10D740000449029807F07FF80023184607B05DF8F7
:10D7500004FB00BFE8F7040800B583B00190019B0B
:10D76000002B13D0019B0C33BFF35B8F53E8002FCA
:10D7700002F1FF3143E800100028F7D1BFF35B8FBF
:10D780001346012B02DC019800F02AFB00BF03B016
:10D790005DF804FB00B58DB0019000230B93019B55
:10D7A000002B01D100234AE0019B03930023049343
:10D7B0000023059300230693002307930023089377
:10D7C00001238DF8243003AB1846FAF76FFE0A9058
:10D7D0000A9B002B28DB049B0B93059B002B04D09A
:10D7E000059B0B9A52685A6009E0069B002B02D1F8
:10D7F00000230B9319E0069B0B9A52689A600B9BCF
:10D8000000225A600B9B00221A600B9B0C33BFF363
:10D810005B8F53E8001F01F1FF3143E80012002A3B
:10D82000F7D1BFF35B8F00E000BF089B002B05D052
:10D83000089B1846E5F7B6F8002308930B9B18469B
:10D840000DB05DF804FB00B587B001900198FFF7BB
:10D85000A1FF0590059B002B10D0059B0C33049372
:10D86000049B1B680393039B002B02D06FF00F03F4
:10D8700006E0059800F0B4FA002301E06FF0010320
:10D88000184607B05DF804FB00B58FB00390029115
:10D89000019200230D93039B05930023069300231D
:10D8A0000793002308930023099300230A9300237E
:10D8B0008DF82C3005AB1846FFF7EBFE0D900D9B55
:10D8C000002B03DA6FF001030D9333E0069B0C93FA
:10D8D0000C9B1B8A03F00F03022B03D06FF00E0387
:10D8E0000D9324E00C9B5B69002B0ED00C9B5B69B5
:10D8F0009B68002B09D00C9B5B69DB68002B08D16F
:10D90000029B03F00103002B03D16FF00C030D9376
:10D910000DE0019B0C9A1A600A9B002B05D00A9B14
:10D920001846E5F73FF800230A9300230CE00C9813
:10D93000FFF712FF0A9B002B05D00A9B1846E5F75C
:10D9400031F800230A930D9B18460FB05DF804FBD5
:10D9500082B0019000916FF01203184602B0704738
:10D960000EB400B588B003900AAB0593039B18680A
:10D97000039B9968059B099A05F064F80346079391
:10D98000039B1868039B5A68039B1969039B183310
:10D9900000930B460799FFF716FD0690039B5A6903
:10D9A000069B1A44039B5A61039B5A68069B1A44C0
:10D9B000039B5A60039B1A69069BD21A039B1A6148
:10D9C00000BF08B05DF804EB03B0704700B587B046
:10D9D000039002910192019B0593029800F0E8F9EF
:10D9E0000490049B039A08490598FFF7B9FF059B2B
:10D9F0005A69059BDB689A422CBF01230023DBB2E6
:10DA0000184607B05DF804FB18F8040810B58AB092
:10DA1000079006910592059B0993099B1B7F83F054
:10DA20000103DBB2002B0AD015490998FFF798FFD4
:10DA300014490998FFF794FF099B01221A77069B66
:10DA40009868069BDC68069BDA68069B5B69D31ABC
:10DA5000069A526907990291019200932346024661
:10DA600009490998FFF77CFF099B5A69099BDB6804
:10DA70009A422CBF01230023DBB218460AB010BD26
:10DA800028F804083CF8040874F8040800B593B0BA
:10DA9000099008910792079B0D930D9B1B7F83F0C4
:10DAA0000103DBB2002B06D049490D98FFF758FF60
:10DAB0000D9B01221A77089800F07AF90C90089BC8
:10DAC0009B68089AD26802FB03F31193089B9B683A
:10DAD000089A526902FB03F30F93119A0F9BD31A12
:10DAE000109300230E9305E00E9B01330E93119BC0
:10DAF0009B0A1193119B42F20E729342F4D8119B30
:10DB0000C3F30903002B02D1119B002BECD1314A46
:10DB10000E9B13441B788DF82F3000230E9305E0E5
:10DB20000E9B01330E930F9B9B0A0F930F9B42F2A8
:10DB30000E729342F4D80F9BC3F30903002B02D15A
:10DB40000F9B002BECD1234A0E9B13441B788DF8BE
:10DB50002E3000230E9305E00E9B01330E93109B95
:10DB60009B0A1093109B42F20E729342F4D8109BC2
:10DB7000C3F30903002B02D1109B002BECD1154AF3
:10DB80000E9B13441B788DF82D309DF82F309DF897
:10DB90002D209DF82E100998059004910F9903915E
:10DBA0000292109A01920093119B0C9A0A490D98C7
:10DBB000FFF7D6FE0D9B5A690D9BDB689A422CBF7E
:10DBC00001230023DBB2184613B05DF804FB00BF4D
:10DBD00090F8040810F90408C8F8040800B587B0E4
:10DBE0000390029101920093019B03F00203002B2A
:10DBF00004D1019B03F00103002B02D16FF00C0351
:10DC000035E01D49029806F0B6FE0346002B03D10D
:10DC100000238DF8173018E01849029806F0ABFE83
:10DC20000346002B03D101238DF817300DE0144972
:10DC3000029806F0A0FE0346002B03D102238DF8C4
:10DC4000173002E06FF0010311E04820E4F7F0FE26
:10DC50000490049B002B02D16FF00B0307E0049BA0
:10DC60009DF817201A71039B049A1A610023184625
:10DC700007B05DF804FB00BFECF80408F8F80408EE
:10DC800004F9040800B585B00190019B1B6903935A
:10DC90000398E4F787FE019B00221A6100231846CF
:10DCA00005B05DF804FB000000B591B0039002914F
:10DCB0000192039B1B690E9305AB2022002118469D
:10DCC000E4F72CFA0E9B05330593029B0693402341
:10DCD0000793019B0893019B0993039B9B680B93FC
:10DCE00000238DF830300E9B1B79022B0CD0022BB9
:10DCF0000DDC002B02D0012B03D008E0104B0F935A
:10DD000008E0104B0F9305E00F4B0F9302E06FF00C
:10DD1000150310E005AB19460F9800F0DBF80A9BDD
:10DD20000D930D9B002B05DD039B9A680D9B1A44F8
:10DD3000039B9A600D9B184611B05DF804FB00BF71
:10DD4000CDD902080DDA02088DDA020800B585B0D7
:10DD500001900091019B1B6903934820E4F732FE78
:10DD600003460293029B002B02D16FF00B0308E0E5
:10DD7000482203990298E4F736FA009B029A1A6146
:10DD80000023184605B05DF804FB00B583B0019090
:10DD90000091402200210098E4F7C0F9009B48F26E
:10DDA00024129A600023184603B05DF804FB0000BB
:10DDB00084B00190019B1B68064A934202D1064B36
:10DDC000039302E0054B039300BF039B184604B086
:10DDD000704700BF50524F4318F9040820F9040857
:10DDE00000B583B00190019B002B0CD0019B5B68B8
:10DDF0001846FFF7F5FF019B9B681846FFF7F0FFF9
:10DE00000198E4F7CFFD00BF03B05DF804FB00000C
:10DE100000B593B0039002910192019B10930023EF
:10DE20001193039B1B8A03F00F03032B4AD1039B1F
:10DE30005B69002B46D0039B5B695B6D002B41D077
:10DE40004FF480710298E4F7B5F903460F93039BF2
:10DE500020334FF480711846E4F7ACF903460133E0
:10DE60000E930F9A0E9B1344B3F5807F01DD0023C0
:10DE700029E00F9B029AD0180F9BC3F580731946B7
:10DE8000039B2033124AE2F728FD04AB282200212D
:10DE90001846E4F743F9039B5B695B6D04AA1146DE
:10DEA000039898470346002B07D1109B1B68109AD4
:10DEB000526804A90298984711900F9B029A134444
:10DEC00000221A70119B184613B05DF804FB00BFC6
:10DED00030F9040800B585B001900091019B0293D0
:10DEE000009B039302AB1946034800F065F8034614
:10DEF000184605B05DF804FB11DE020800B587B0D6
:10DF0000019000910023059347E0009B1B68009A55
:10DF100002F10801009A5268019898470590059B04
:10DF2000002B3ED1019B9B68002B33D0009B083314
:10DF30001846E4F75AFA03460493019B2033184627
:10DF4000E4F753FA034601330393049A039B134403
:10DF5000FF2B03DD6FF02303059325E0049B0833BB
:10DF6000009AD018049BC3F58071019B2033114A9D
:10DF7000E2F7B3FC019B9B6800991846FFF7BEFFD0
:10DF80000590009A049B1344083300221A70059BE5
:10DF9000002B08D1019B5B680193019B002BB4D13E
:10DFA00002E000BF00E000BF059B184607B05DF827
:10DFB00004FB00BF34F9040800B585B0019000915E
:10DFC0004FF48470E4F7FEFC03460393039B002B9D
:10DFD00002D16FF00B0318E0039B019A1A60039BB8
:10DFE000009A5A60039B00221A72FAF773F8094BE1
:10DFF0001B689B6803991846FFF780FF0290FAF7A9
:10E0000079F80398E4F7CEFC029B184605B05DF85A
:10E0100004FB00BF384F002400B583B000F03EF889
:10E020000346019300BF03B05DF804FB00B589B05F
:10E0300003900291019200932F21029806F0D5FDE2
:10E040000790079B002B02D0079B01330293029895
:10E0500003F0CBFF0690069B002B01DA069B18E02D
:10E06000069803F0E1FF0590059B002B02D16FF0AD
:10E0700001030EE0059BDA68039B1A60059B9B6811
:10E080001A46039B1A61059B5B68DAB2039B1A73FD
:10E090000023184609B05DF804FB000000B583B00A
:10E0A000044800F009F80190019B184603B05DF8A0
:10E0B00004FB00BFB803002482B00190019B002B39
:10E0C00008D0074B1A68019B1A60054A019B136030
:10E0D000002301E06FF01503184602B0704700BF3F
:10E0E000404F002400B583B00023019309E0094AA2
:10E0F000019B52F823301846D3F7F4F9019B013302
:10E100000193019B022BF2D90323184603B05DF85B
:10E1100004FB00BF38F9040800B583B001900B463A
:10E120008DF80330019B022B09D8074A019B52F856
:10E1300023309DF8032011461846D3F77DFB00BF1E
:10E1400003B05DF804FB00BF38F9040800B585B0E2
:10E1500001900023039316E00F4A039B52F82320FB
:10E160000121039B01FA03F31946019B0B40002B8D
:10E1700014BF01230023DBB219461046D3F75CFB22
:10E18000039B01330393039B022BE5D900BF00BF20
:10E1900005B05DF804FB00BF38F9040884B00190B5
:10E1A000019B03F00F030393039B0F2B42D801A2A3
:10E1B00052F823F0F5E10208F9E10208FDE1020856
:10E1C00001E2020805E2020809E202080DE2020883
:10E1D00011E2020815E2020819E202081DE2020833
:10E1E00021E2020825E2020829E202082DE20208E3
:10E1F00031E2020800231FE001231DE002231BE09F
:10E20000032319E0042317E0052315E0062313E098
:10E21000072311E008230FE009230DE00A230BE098
:10E220000B2309E00C2307E00D2305E00E2303E098
:10E230000F2301E04FF0FF33184604B0704700BFD2
:10E2400084B00190019B03F0F0030393039B702BB8
:10E2500035D0039B702B34D8039B602B2DD0039BB0
:10E26000602B2ED8039B502B25D0039B502B28D8F6
:10E27000039B402B1DD0039B402B22D8039B302BAC
:10E2800015D0039B302B1CD8039B202B0DD0039B58
:10E29000202B16D8039B002B03D0039B102B02D0FE
:10E2A0000FE041230EE042230CE043230AE0442325
:10E2B00008E0452306E0462304E0472302E0482324
:10E2C00000E03F23184604B07047000000B58BB053
:10E2D00001900091009B00221A60019B002B08D145
:10E2E000009B6FF015021A600023E8E0019B0133E8
:10E2F0000193019B1B78202BF8D0019B1B78092BE5
:10E30000F4D00198E4F771F80790079B022B02D92B
:10E31000079B042B05D9009B6FF015021A600023A0
:10E32000CDE0019B1B78502B05D0009B6FF01502B0
:10E330001A600023C3E0019B01331B788DF81B306A
:10E340009DF81B30402B03D99DF81B30482B05D975
:10E35000009B6FF015021A600023B0E0019B0233AE
:10E36000059303AB0A2219460598E2F7EFFA0490E9
:10E37000039B1B78002B05D1049B002B02DB049B25
:10E380000F2B05DD009B6FF015021A60002396E04D
:10E390009DF81B30413B072B2AD801A252F823F0ED
:10E3A000C1E30208C7E30208CDE30208D3E3020891
:10E3B000D9E30208DFE30208E5E30208EBE3020821
:10E3C000002309931AE01023099317E020230993EF
:10E3D00014E03023099311E0402309930EE0502309
:10E3E00009930BE06023099308E07023099305E08B
:10E3F000009B6FF015021A60002360E0049B0F2B56
:10E4000052D801A252F823F049E402084FE402086E
:10E4100055E402085BE4020861E4020867E40208CC
:10E420006DE4020873E4020879E402087FE402085C
:10E4300085E402088BE4020891E4020897E40208EC
:10E440009DE40208A3E402080023089332E00123BC
:10E4500008932FE0022308932CE00323089329E07C
:10E460000423089326E00523089323E0062308935A
:10E4700020E0072308931DE0082308931AE00923EE
:10E48000089317E00A23089314E00B23089311E084
:10E490000C2308930EE00D2308930BE00E23089342
:10E4A00008E00F23089305E0009B6FF015021A6047
:10E4B000002304E0099A089B1A43034B13431846B0
:10E4C0000BB05DF804FB00BF0001020000B595B081
:10E4D00009900891079206938A4A099B52F82330C3
:10E4E0001846FFF7ADFE03468DF83F300698FFF75C
:10E4F000A7FE03468DF83E30824A099B52F823302E
:10E500001846FFF74BFE0E900698FFF747FE0D905A
:10E510007D490320E3F7C0FF7C490320E3F7BCFFFC
:10E520007B490320E3F7B8FF78490320E3F7B4FF02
:10E5300075490320E3F7B0FF9DF83F109DF83E308A
:10E54000169A05920D9A04920393079B0293089BD7
:10E5500001930E9B00930B46099A6E490320E3F743
:10E560009BFF69490320E3F797FF6B490320E3F71B
:10E5700093FF6A490320E3F78FFF69490320E3F71C
:10E580008BFF68490320E3F787FF5F490320E3F728
:10E5900083FF65490320E3F77FFF9DF83E200D9B35
:10E5A00062490320E3F778FF9DF83F200E9B604906
:10E5B0000320E3F771FF5F490320E3F76DFF524942
:10E5C0000320E3F769FF5C490320E3F765FF5B493C
:10E5D0000320E3F761FF4C490320E3F75DFF58494F
:10E5E0000320E3F759FF002313933AE0139A169B95
:10E5F0009A4232D000238DF84B300023119311E062
:10E60000404A119B52F823301846FFF7C7FD0246D7
:10E61000139B934203D101238DF84B3006E0119BED
:10E6200001331193119A089B9A42E9DB9DF84B3014
:10E6300083F00103DBB2002B10D09DF83E109DF853
:10E640003E30139A0292139A019200930D9B0A4650
:10E650003C490320E3F720FF06E000BF139B013392
:10E660001393139B0F2BC1DD27490320E3F714FFFE
:10E6700035490320E3F710FF0023109328E0214AD7
:10E68000109B52F823301846FFF788FD0C901D4A66
:10E69000109B52F823301846FFF7D2FD03468DF841
:10E6A0002F309DF82F10109A099B9A4201D1274BC9
:10E6B00000E0274B02930C9B01930C9B00930B46AD
:10E6C000109A24490320E3F7E7FE109B01331093CF
:10E6D000109A089B9A42D2DB9DF83E30169A02921D
:10E6E0000D9A01920093079B089A1B490320E3F7B8
:10E6F000D3FE05490320E3F7CFFE00BF15B05DF858
:10E7000004FB00BF444F002444F9040848F90408FE
:10E7100084F90408B4F90408F4F9040804FA0408B4
:10E7200038FA040874FA0408A8FA0408D0FA0408AD
:10E73000F4FA04082CFB040858FB040864FB0408E2
:10E74000A4FB0408B8FB0408E4FB040804FC040868
:10E7500014FC040818FC040838FC040800B5ADF5E6
:10E760001B7D9D4B00221A609C490620E3F794FE16
:10E77000002398930AE09AABA3F51873989A4FF088
:10E78000FF3143F82210989B01339893989B0F2BED
:10E79000F1DD914B1B68924A924942F8231091484F
:10E7A000FFF7FCFC9790979B002B0EDB8A4B1968B8
:10E7B0009AABA3F51873979A43F82210864B1A6800
:10E7C000979B89490620E3F767FE834B1B6801335B
:10E7D000814A136001239693969A84490620E3F7B1
:10E7E0005BFE969B002B08D17B4B1B681A46804929
:10E7F0000620E3F751FE0023E8E07E4B9593959BBE
:10E80000002B03D0959B1B78002B0FD17A49032056
:10E81000E3F742FE969A79490320E3F73DFE7849F3
:10E820000320E3F739FE6FF01503CFE09598E3F787
:10E83000DCFD9490949BB3F5007F09D340F2FF1365
:10E84000949A70490320E3F727FE6FF01503BDE0AB
:10E8500013AB40F2FF129599184606F0D3F89AAB25
:10E86000A3F50773002283F8FF2113AB664918460E
:10E8700005F054FF999083E012AB19469998FFF781
:10E8800025FD93909AABA3F508731B68002B0FD05E
:10E89000999A5E490320E3F7FFFD5D490320E3F702
:10E8A000FBFD5C490320E3F7F7FD6FF015038DE0F6
:10E8B0000023989316E04A4A989B52F82330939A83
:10E8C0009A420CD1999A54490320E3F7E5FD989AAE
:10E8D00052490320E3F7E0FD6FF0150376E0989BC3
:10E8E000013398933C4B1B68989A9A42E3DB9398C8
:10E8F000FFF754FC9790979B002B07DA999A4849A9
:10E900000320E3F7C9FD6FF015035FE09AABA3F5B1
:10E910001873979A53F82230002B10DB9AABA3F5AB
:10E920001873979A53F822002B4B1968979B009302
:10E93000939B999AFFF7CAFD6FF0150346E0264BAB
:10E9400019689AABA3F51873979A43F82210224BD3
:10E950001B682349939A41F823201F4B1A68979B01
:10E960000093999B2F490620E3F796FD1A4B1B68ED
:10E970000133194A13602449002005F0CFFE999015
:10E98000999B002B04D0144B1B68012B7FF774AFAD
:10E99000114B1B68022B0DD023490320E3F77CFDAC
:10E9A0000D4B1B68022221490320E3F775FD6FF030
:10E9B00015030BE01E490620E3F76EFD064B1B68AE
:10E9C0001A461C490620E3F767FD002318460DF59B
:10E9D0001B7D5DF804FB00BF4C4F002468FC04085D
:10E9E000444F00242D01020094FC0408B8FC0408E4
:10E9F000E8FC040814FD04081CFD040840FD04089C
:10EA000070FD0408A8FD0408E0FD0408E8FD040802
:10EA100008FE040834FE04085CFE040880FE0408B6
:10EA2000A8FE0408D8FE040808FF040828FF04080C
:10EA300040FF040870FF040800B583B0FFF78EFEA6
:10EA40000090009B002B1DDA24490320E3F724FDEE
:10EA500023490320E3F720FD22490320E3F71CFDAF
:10EA60001F490320E3F718FD1C490320E3F714FDB9
:10EA70001D490320E3F710FD18490320E3F70CFDBF
:10EA8000002326E00023019315E0184A019B52F869
:10EA900023301846D2F726FD0090009B002B07DAA2
:10EAA000009B019A12490320E3F7F6FC002310E0D3
:10EAB000019B013301930F4B1B68019A9A42E4DBDF
:10EAC0000C4B1B681A460C490620E3F7E5FC094B82
:10EAD0001B68184603B05DF804FB00BF44F9040846
:10EAE00048F9040884FF0408A4FF0408444F0024E4
:10EAF000D0FF04084C4F00240800050800B585B07D
:10EB0000002303930023029318E0114A029B52F85A
:10EB100023301846D2F7C4FE03468DF807309DF81F
:10EB20000730002B07D00122029B02FA03F31A469A
:10EB3000039B13430393029B01330293054B1B6812
:10EB4000029A9A42E1DB039B184605B05DF804FB8C
:10EB5000444F00244C4F002400B589B00590049127
:10EB600003926FF015030793059B002B04DB184BF2
:10EB70001B68059A9A4209DB154B1B68013B059AF5
:10EB800014490320E3F788FC079B1DE0124A059B0C
:10EB900052F82300039B0193049B0093012301225D
:10EBA0000121E5F74DFA0790079B002B05DB059A3D
:10EBB0000A490620E3F770FC05E0079B059A08491F
:10EBC0000320E3F769FC079B184609B05DF804FBD6
:10EBD0004C4F002438000508444F00245C00050811
:10EBE0008400050853B94AB9002908BF00281CBF92
:10EBF0004FF0FF314FF0FF3000F0AAB9ADF1080C33
:10EC00006DE904CE00F028F8DDF804E0DDE9022328
:10EC100004B07047000000009FED0B6B41EC170B38
:10EC20009FED0B5B27EE066BBCEEC66BB8EE464B5A
:10EC3000A4EE457BFCEEC77B16EE101A17EE900A89
:10EC4000704700BFAFF30080000000000000F03DFF
:10EC5000000000000000F0412DE9F047089D0F463C
:10EC600004468C46002B48D18A42164661D9B2FA36
:10EC700082F34BB1C3F1200201FA03FC20FA02F245
:10EC80009E4042EA0C0C9C404FEA164EB7B2BCFBC9
:10EC9000FEF1220C0EFB11CC42EA0C4201FB07F004
:10ECA000904209D9B21801F1FF3C80F0EE80904209
:10ECB00040F2EB8002393244121AA4B2B2FBFEF0E9
:10ECC0000EFB102244EA024400FB07F7A74209D9D1
:10ECD000341900F1FF3280F0DA80A74240F2D78089
:10ECE0003444023840EA0140E41B00211DB1DC40FD
:10ECF0000023C5E90043BDE8F0878B4206D90DB17A
:10ED0000C5E9000100210846BDE8F087B3FA83F1A8
:10ED1000002948D1BB4202D3824200F20781841A03
:10ED200067EB030201209446002DE4D0C5E9004CB6
:10ED3000E1E7002A00F09280B2FA82F3002B40F063
:10ED4000A8808A1A4FEA164E1FFA86FC0121200C71
:10ED5000B2FBFEF70EFB172240EA02420CFB07F063
:10ED6000904207D9B21807F1FF3802D2904200F260
:10ED7000E2804746121AA4B2B2FBFEF00EFB10224C
:10ED800044EA02440CFB00FCA44507D9341900F105
:10ED9000FF3202D2A44500F2CB801046A4EB0C0453
:10EDA00040EA0740A2E7C1F120068B4022FA06FCA8
:10EDB0004CEA030C07FA01F420FA06F3F7404FEA95
:10EDC0001C49234300FA01F81FFA8CFEB7FBF9F047
:10EDD0001C0C09FB107744EA074400FB0EF7A7421E
:10EDE00002FA01F20AD91CEB040400F1FF3A80F0A8
:10EDF0009B80A74240F2988002386444E41B9FB293
:10EE0000B4FBF9F309FB134447EA044403FB0EFE89
:10EE1000A64509D91CEB040403F1FF3780F082807A
:10EE2000A6457FD9023B644443EA0040A4EB0E04AC
:10EE3000A0FB02E7BC427346B94663D360D05DB124
:10EE4000B8EB030264EB090404FA06F622FA01F3B4
:10EE50001E43CC40C5E9006400214CE76208480825
:10EE600042EAC1710B0C43EA00438AB242EA034210
:10EE7000B3FBF6F1E407B4463746B6461F23B0FBB2
:10EE8000F6F0D21B41EA004161E7614614E7104603
:10EE900028E7C3F1200120FA01F29E4027FA01F190
:10EEA0009F403A434FEA164E1FFA86FCB1FBFEF72D
:10EEB0000EFB1710110C41EA004107FB0CF88845C6
:10EEC00004FA03F43AD9711807F1FF3001D28845EA
:10EED0001FD8A1EB0801B1FBFEF808FB0CF70EFBF5
:10EEE000181192B242EA0142BA422FD2B21808F186
:10EEF000FF31C6D2BA42C4D2A8F102013244C0E7FF
:10EF0000F0459CD2BEEB020367EB0C070138B94613
:10EF100095E7A6EB08084144B81EB1FBFEF808FBD4
:10EF20000CF7DCE73B467FE7504667E70846FBE621
:10EF30003444023832E7023F32441BE7A1EB0801B8
:10EF40003846B1FBFEF808FB0CF7C8E7414698E7E6
:10EF5000704700BF08B5D7F740FD0346184608BD07
:10EF600082B0EFF311830193019BDBB2184602B02C
:10EF7000704782B00190019B83F3118800BF02B0FB
:10EF8000704700B583B0FFF7EBFF03468DF80730FD
:10EF90008020FFF7EEFF9DF80730184603B05DF8BC
:10EFA00004FB00B583B003468DF807309DF80730A9
:10EFB0001846FFF7DEFF00BF03B05DF804FB00005A
:10EFC00000B589B00190009103AB184600F00AF932
:10EFD000FFF7D7FF03468DF81730009B1A68039B95
:10EFE000D31A0793009B5A68049BD31A0693069B77
:10EFF000002B06DA069A0E4B13440693079B013B3F
:10F000000793079B002B03DA002307930023069343
:10F01000084A079B1360074A069B53609DF8173008
:10F020001846FFF7BEFF00BF09B05DF804FB00BF44
:10F0300000CA9A3B041C002400B583B001900091E3
:10F04000019B002B0BD1009B002B08D0009B5B6821
:10F05000002B04DB009B5B68094A934207DDE0F765
:10F0600049FF034616221A604FF0FF3304E000996F
:10F070000198FFF7A5FF0023184603B05DF804FBD5
:10F08000FFC99A3B82B0EFF311830193019BDBB27E
:10F09000184602B0704782B00190019B83F311883B
:10F0A00000BF02B0704700B583B0FFF7EBFF034627
:10F0B0008DF807308020FFF7EEFF9DF807301846E7
:10F0C00003B05DF804FB00B583B003468DF807304C
:10F0D0009DF807301846FFF7DEFF00BF03B05DF86C
:10F0E00004FB000000B589B001900091019B012B49
:10F0F00019D1D7F78DFC0490049B264AA2FB032369
:10F100005A09009B1A60009B1B68642202FB03F3F0
:10F11000049AD31A0493049B1F4A02FB03F31A4672
:10F12000009B5A6032E0019B042B03D1009800F051
:10F1300059F82BE0019B002B28D102AB184600F0B8
:10F1400051F8FFF7B0FF03468DF81730134B1A68DC
:10F15000029B13440793114B5A68039B1344069375
:10F16000069B0F4A934206D9069A0E4B1344069308
:10F17000079B01330793009B079A1A60009B069A2E
:10F180005A609DF817301846FFF79DFF00BF09B081
:10F190005DF804FB1F85EB5180969800041C002449
:10F1A000FFC99A3B003665C400B583B00190009159
:10F1B000009B002B05D0019B002B02DB019B042B45
:10F1C00007DDE0F797FE034616221A604FF0FF3383
:10F1D00004E000990198FFF785FF0023184603B06B
:10F1E0005DF804FB00B585B00190D7F711FC0390E2
:10F1F000039B0C4AA2FB03235A09019B1A60019B43
:10F200001B68642202FB03F3039AD31A0393039B44
:10F21000054A02FB03F31A46019B5A6000BF05B082
:10F220005DF804FB1F85EB518096980082B0EFF3E8
:10F2300011830193019BDBB2184602B0704782B084
:10F240000190019B83F3118800BF02B0704700B5A5
:10F2500083B0FFF7EBFF03468DF807308020FFF700
:10F26000EEFF9DF80730184603B05DF804FB00B5CB
:10F2700083B003468DF807309DF807301846FFF736
:10F28000DEFF00BF03B05DF804FB000000B589B0ED
:10F2900001900023069300230793FFF7D8FF03464E
:10F2A0008DF81730019B002B03D16FF015030793E6
:10F2B0002EE01F4B1B680493049B9B680393039BE6
:10F2C000002B24D001990398D9F7ABFD0790079B39
:10F2D000002B1CDB039BD3F81822079B9B001344D5
:10F2E0001B683D211846E2F7E0FF0690069B002BC5
:10F2F00003D16FF0150307930AE0069B01330693D1
:10F300009DF817301846FFF7B2FF069B0CE000BFD0
:10F310009DF817301846FFF7AAFFE0F7EBFD02460D
:10F32000079B5B4213600023184609B05DF804FB9D
:10F33000A80C002400B587B003900291019200232D
:10F340000593039BD3F81832002B01D1059B20E0D5
:10F350000023049311E0039BD3F81822049B9B0025
:10F3600013441A68029B1146019898470590059B23
:10F37000002B0CD1049B01330493039BD3F8182278
:10F38000049B9B0013441B68002BE4D100E000BFEA
:10F39000059B184607B05DF804FB82B0EFF31183BC
:10F3A0000193019BDBB2184602B0704782B0019016
:10F3B000019B83F3118800BF02B0704700B583B092
:10F3C000FFF7EBFF03468DF807308020FFF7EEFFD5
:10F3D0009DF80730184603B05DF804FB00B587B010
:10F3E0000190154B1B68059302AB1846E1F7D3F962
:10F3F00002AB00221946032001F018F801F082FE4A
:10F40000034601991846D8F7D3F80490049B002BC3
:10F4100002D00120D6F76CFDFFF7D0FF059B5B6C97
:10F4200043F48072059B5A6404990598D8F7AFFF9E
:10F430000020E6F75FFE00BFA80C002400B589B0ED
:10F44000019000913F4B1B680693069B9B680593B8
:10F4500000230793059B03F526731846E0F7D6FEB5
:10F460000198D5F721FD0490049B002B05D0049B47
:10F470005B6C03F48043002B19D002AA002301998E
:10F480000598D8F780F90790079B002B0CD1009BBB
:10F49000002B03D0029B9A68009B1A60029B1946BE
:10F4A0000598D8F725F942E0032307933FE0049A33
:10F4B000069B9A4202D12323079338E0049B9B6862
:10F4C000059A9A4205D1049B5B6C03F48053002B90
:10F4D00002D0162307932AE0069B18330393049B5C
:10F4E0001A69039B1A60049B1B69002B02D1049BC1
:10F4F000039A5A61049B039A1A61059B03F52673CC
:10F500001846E0F7C3FE069B1C331846D8F706FEE4
:10F51000059B03F526731846E0F778FE009B002B49
:10F5200004D0069BDA6A009B1A6000E000BF059BCE
:10F5300003F526731846E0F7A9FE079B184609B0A5
:10F540005DF804FBA80C002400B585B00190019B78
:10F55000002B03D10C4B1B68039303E00198D5F7F4
:10F56000A3FC0390039B002B02D16FF0020307E082
:10F57000039B5B6CDB0803F003030293029B0133E4
:10F58000184605B05DF804FBA80C002400B585B052
:10F5900001900198FFF7D8FF0390039B002B08DA36
:10F5A000E0F7A8FC0246039B5B4213604FF0FF3379
:10F5B0000393039B184605B05DF804FB82B0094B2A
:10F5C0001B680193019B002B07D0019B1B6B002B39
:10F5D000D4BF01230023DBB200E00123184602B0B0
:10F5E000704700BFA80C002400B585B001900091C1
:10F5F000194B1B680293019B002B02D1029B0393C2
:10F6000018E00198D5F750FC0390039B002B02D122
:10F610006FF001031BE0029B5B6C03F00303022B02
:10F6200008D0029B9A68039B9B689A4202D06FF0B5
:10F630000C030CE0039B5A6E009B1A60039B9A6EAE
:10F64000009B5A60039BDA6E009B9A600023184669
:10F6500005B05DF804FB00BFA80C002400B58BB01A
:10F660000190019B002B07D1E0F744FC03461622D2
:10F670001A604FF0FF3325E0382200210198E2F7AD
:10F680004DFD03AB184608F0D3F9019B1B69039AA3
:10F690001A44019B1A61019B5B69089A1A44019BF9
:10F6A0005A61D7F79AF903463233084AA2FB03237B
:10F6B0005A09019B1A60019B01221A85019B0122B4
:10F6C0005A63002318460BB05DF804FB1F85EB510D
:10F6D00082B0EFF311830193019BDBB2184602B0B5
:10F6E000704782B00190019B83F3118800BF02B084
:10F6F000704700B583B0FFF7EBFF03468DF8073086
:10F700008020FFF7EEFF9DF80730184603B05DF844
:10F7100004FB00B583B003468DF807309DF8073031
:10F720001846FFF7DEFF00BF03B05DF804FB82B0B0
:10F73000EFF305830193019B184602B0704708B5AB
:10F74000FFF7F5FF0346002B14BF01230023DBB2B4
:10F75000184608BD00B589B00190019B0793FFF7DB
:10F76000C8FF03468DF81B30079B93F84030062BEB
:10F7700034D11F4B1B680293079B0593059B5B6865
:10F780000493059B1B680393049B002B03D1194A28
:10F79000039B136002E0049B039A1A60039B002BF7
:10F7A00003D1144A049B536002E0039B049A5A60FD
:10F7B000059B00221A60059B00225A600798D8F723
:10F7C000DDF80346002B09D0FFF7B9FF034683F0AD
:10F7D0000103DBB2002B01D0022000DF9DF81B30BB
:10F7E0001846FFF796FF00BF09B05DF804FB00BFA5
:10F7F000A80C0024BC0C002400B587B00190019B2C
:10F80000002B02D1DBF752F846E0FFF772FF034608
:10F810008DF81730224B1B680393039B03F15000B4
:10F82000039B204A0199D9F774FA039B1846D9F72C
:10F83000E7FC039B062283F84020039B0493049B70
:10F8400000221A60184B5A68049B5A60164B1B68BA
:10F85000002B06D1144A049B1360134A049B536087
:10F8600006E0114B5B68049A1A600F4A049B5360D0
:10F87000FFF765FF034683F00103DBB2002B01D0E5
:10F88000022000DF039B50331846D6F7B1FE9DF8E7
:10F8900017301846FFF73DFF07B05DF804FB00BFC7
:10F8A000A80C002455F70208BC0C002400B583B056
:10F8B0000190019A42F20F731344054AA2FB0323FD
:10F8C0005B0B1846FFF798FF00BF03B05DF804FB21
:10F8D0005917B7D182B0EFF311830193019BDBB2CB
:10F8E000184602B0704782B00190019B83F31188E3
:10F8F00000BF02B0704700B583B0FFF7EBFF0346CF
:10F900008DF807308020FFF7EEFF9DF8073018468E
:10F9100003B05DF804FB00B583B003468DF80730F3
:10F920009DF807301846FFF7DEFF00BF03B05DF813
:10F9300004FB00B58BB003900291019200238DF877
:10F940002730FFF7D8FF03468DF81F300398D5F70F
:10F95000ABFA0690069B002B03D16FF009030893C6
:10F960004AE0069B9B680593059B002B03D16FF033
:10F970000903089340E0059802F020F9059B5B7DA0
:10F98000002B0CD1019BDBB263F07F03DAB2059B45
:10F990005A75059B029A9A6201238DF82730019BC4
:10F9A00003F00203002B06D0059B18331846E0F73E
:10F9B000E7FD089005E0059B18331846E0F780FD49
:10F9C0000890059802F005F9089B002B10DA9DF8C5
:10F9D0002730002B05D0059B00229A62059B002250
:10F9E0005A75019B03F00203002B04D000230393FC
:10F9F000039B089300E000BF9DF81F301846FFF7F7
:10FA00008AFF089B18460BB05DF804FB00B587B071
:10FA1000039002910192019A02990398FFF789FFDE
:10FA20000590059B002B08DAE0F764FA0246059B77
:10FA30005B4213604FF0FF330593059B184607B0F8
:10FA40005DF804FB82B0EFF311830193019BDBB2FD
:10FA5000184602B0704782B00190019B83F3118871
:10FA600000BF02B0704700B583B0FFF7EBFF03465D
:10FA70008DF807308020FFF7EEFF9DF8073018461D
:10FA800003B05DF804FB00B583B003468DF8073082
:10FA90009DF807301846FFF7DEFF00BF03B05DF8A2
:10FAA00004FB000000B585B00190094B1B6803936F
:10FAB000039B5B6C03F01803082B04D10022012187
:10FAC000039802F041F900BF05B05DF804FB00BFE8
:10FAD000A80C002400B583B0FFF7C5FF03468DF8DE
:10FAE00003300023019305E00198FFF7DBFF019B42
:10FAF00001330193019B002BF6DD9DF8033018467E
:10FB0000FFF7C1FF00BF03B05DF804FB08B501209B
:10FB1000D6F76AFFFFF7DEFFD6F75FFF034618460A
:10FB2000D9F714F900BF08BD82B0EFF31183019338
:10FB3000019BDBB2184602B0704782B00190019B76
:10FB400083F3118800BF02B0704700B583B0FFF7A0
:10FB5000EBFF03468DF807308020FFF7EEFF9DF89E
:10FB60000730184603B05DF804FB00B583B00346C8
:10FB70008DF807309DF807301846FFF7DEFF00BF0D
:10FB800003B05DF804FB000010B58EB001906FF07B
:10FB90000A030D93019B1B7903F00403002B14BF90
:10FBA000012300238DF82F309DF82F30002B01D03A
:10FBB000019B00E0019B0A93FFF7C7FF03468DF806
:10FBC00027309DF82F30002B02D001F09BFA0C90CB
:10FBD0000A9B0893089B1B680493049B05939DF85C
:10FBE0002F30002B07D0059B1A462D4B13402C4A73
:10FBF000934206D04BE0059B002B45DD059B013B66
:10FC00000C930A9B07930C9B0393039C079A05ABE9
:10FC1000186852E8001F814205D142E8004CBCF14F
:10FC2000000FBFF35B8F0CBF01220022002A00D11E
:10FC30001960134683F00103DBB2002BCFD1002300
:10FC40000D930D9B002B21DA9DF82F30002B08D04F
:10FC5000019B0693124B0293029B1A46069B1A6065
:10FC60000CE0019BBFF35B8F53E8001F01F1010122
:10FC700043E80012002AF7D1BFF35B8F9DF82730CD
:10FC80001846FFF772FF02E000BF00E000BF9DF8DA
:10FC900027301846FFF769FF0D9B18460EB010BDC0
:10FCA000FEFFFF7F82B0EFF311830193019BDBB274
:10FCB000184602B0704782B00190019B83F311880F
:10FCC00000BF02B0704700B583B0FFF7EBFF0346FB
:10FCD0008DF807308020FFF7EEFF9DF807301846BB
:10FCE00003B05DF804FB00B583B003468DF8073020
:10FCF0009DF807301846FFF7DEFF00BF03B05DF840
:10FD000004FB000000B587B001900091FFF7DBFF16
:10FD100003468DF813300198E0F732FC0590059BFF
:10FD2000002B1BD0009B002B03D16FF06D030593BC
:10FD300015E0104B1B680393039B03F15000039BDA
:10FD40000D4A0099D8F7E5FF0198E0F7B9FB059057
:10FD5000039B50331846D6F74BFC00E000BF9DF8DC
:10FD600013301846FFF7BFFF059B184607B05DF834
:10FD700004FB00BFA80C002427FE020800B585B0D4
:10FD800001900091D6F729FE0246009B13440133EF
:10FD9000039300990198FFF7B5FF0290029B13F1BE
:10FDA000040F0BD1D6F719FE0246039B9B1A009352
:10FDB000009B002BEDDA00230093EAE700BF029BD3
:10FDC000184605B05DF804FB82B0EFF31183019390
:10FDD000019BDBB2184602B0704782B00190019BD4
:10FDE00083F3118800BF02B0704700B583B0FFF7FE
:10FDF000EBFF03468DF807308020FFF7EEFF9DF8FC
:10FE00000730184603B05DF804FB00B583B0034625
:10FE10008DF807309DF807301846FFF7DEFF00BF6A
:10FE200003B05DF804FB00B585B00190019B03931E
:10FE3000FFF7DBFF03468DF80B30039B93F8403050
:10FE4000052B03D16E21039800F050F99DF80B307B
:10FE50001846FFF7DAFF00BF05B05DF804FB82B07B
:10FE6000EFF311830193019BDBB2184602B0704798
:10FE700082B00190019B83F3118800BF02B07047EC
:10FE800000B583B0FFF7EBFF03468DF80730802005
:10FE9000FFF7EEFF9DF80730184603B05DF804FB4E
:10FEA00000B583B003468DF807309DF8073018463B
:10FEB000FFF7DEFF00BF03B05DF804FB82B0EFF395
:10FEC00005830193019B184602B0704708B5FFF700
:10FED000F5FF0346002B14BF01230023DBB21846B5
:10FEE00008BD84B00190019B1B680393039B002B0A
:10FEF00018D0039B1B680293029B002B06D1019B29
:10FF000000221A60019B00225A6005E0019B029AC0
:10FF10001A60029B00225A60039B00221A60039B16
:10FF200000225A60039B184604B0704710B592B087
:10FF3000019000230F9300238DF84730019B1B791C
:10FF400003F00403002B14BF012300238DF83B3082
:10FF50005A4B1093FFF794FF03468DF83A309DF803
:10FF60003B30002B28D0019BBFF35B8F53E8002F61
:10FF700042F0004143E800100028F7D1BFF35B8F47
:10FF80001092109BDB0F8DF847309DF8473083F0BF
:10FF90000103DBB2002B46D0109B6FF0004293426E
:10FFA00001D0464B1093019B0B93109B0893089B29
:10FFB0001A460B9B1A6036E0019B0D930D9B1B6844
:10FFC0000693069B0793079B6FF00042934207D16D
:10FFD0009DF83A301846FFF763FF6FF04A0369E077
:10FFE000019B0C93079B01330593059C0C9A07AB6F
:10FFF0001868BFF35B8F52E8001F814203D142E8CB
:020000040803EF
:10000000004CBCF1000F0CBF01220022002A00D1DD
:100010001960134683F00103DBB2002BD3D1079B99
:10002000DB0F8DF847309DF84730002B3CD0019B0B
:1000300008331846FFF755FF0F900F9B002B33D066
:100040001F4B1B6804939DF83B30002B14D0019B81
:100050009B68002B01D1002301E04FF000430A937D
:10006000019B09930F9B1B6B1A460A9B1343039337
:10007000039B1A46099B1A600F9B50331846D6F70C
:10008000B7FA0F9B00221A670F98D7F777FC034641
:10009000002B09D0FFF71AFF034683F00103DBB200
:1000A000002B01D0022000DF9DF83A301846FFF700
:1000B000F7FE0023184612B010BD00BFFEFFFF7F01
:1000C000A80C002482B0EFF305830193019B18462E
:1000D00002B0704708B5FFF7F5FF0346002B14BFC9
:1000E00001230023DBB2184608BD000000B589B02B
:1000F00001900091364B1B680293019B1B6F079385
:10010000079B1B7903F00403002B14BF012300237A
:100110008DF81B309DF81B30002B05D0009B042B65
:1001200051D0009B7D2B4ED0019B0593059B5B68B6
:100130000493059B1B680393049B002B03D1079B2F
:10014000039A9A6002E0049B039A1A60039B002BB7
:1001500003D1079B049ADA6002E0039B049A5A6079
:10016000059B00221A60059B00225A609DF81B30F7
:1001700083F00103DBB2002B0CD0079BBFF35B8F36
:1001800053E8001F01F1010143E80012002AF7D1F2
:10019000BFF35B8F019B00221A67009B1AB2019B81
:1001A000A3F84A200198D7F7E9FB0346002B0BD0B0
:1001B000FFF790FF034683F00103DBB2002B03D06F
:1001C000022000DF00E000BF09B05DF804FB00BFC3
:1001D000A80C002400B585B00190019B1846E0F7FB
:1001E0006FF90390039B184605B05DF804FB00B55A
:1001F00083B00190019B1846E0F724FA03461846A5
:1002000003B05DF804FB00B585B0019000230393B3
:1002100007E0019B10331846E0F714FA039B013303
:100220000393019B5B6A039A9A42F2DB00BF00BF13
:1002300005B05DF804FB10B582B00190019B184633
:10024000FFF7C8FF019B1C6A00F05CFF03469C425D
:100250001CD1019B9B6A5A1C019B9A621FE0019B67
:100260005B6A5A1C019B5A62019B1846FFF7BFFF4D
:10027000019B10331846E0F723F9019B1846FFF75E
:10028000A9FF019B5B6A5A1E019B5A62019B9B6AF4
:10029000002BE4DC019BDB6A5A1C019BDA62019BA8
:1002A0001846FFF7A4FF00BF02B010BD10B582B022
:1002B0000190019B1846FFF78DFF019B1C6A00F01F
:1002C00021FF03469C420DD1019B9B6A5A1E019B54
:1002D0009A62019B9B6A002B11DC019B4FF0FF325D
:1002E0001A620CE0019BDB6A5A1E019BDA62019BD9
:1002F0005B6A002B05DD0198FFF785FF02E000BF78
:1003000000E000BF019B1846FFF771FF00BF02B07D
:1003100010BD00B585B0019000F0F4FE0390019B84
:100320001846FFF757FF16E0019B5B6A5A1C019BBA
:100330005A62019B1846FFF75AFF019B103318467B
:10034000E0F7BEF8019B1846FFF744FF019B5B6A8C
:100350005A1E019B5A62019BDB6A002BE4DC019B65
:100360009B6A002B04DD019B1B6A039A9A42DBD136
:10037000019B9B6A5A1C019B9A62019B039A1A6219
:10038000019B1846FFF733FF00BF05B05DF804FB83
:1003900000B583B00190019B1846FFF71BFF019B3E
:1003A0009B6A5A1E019B9A62019B9B6A002B03DC8D
:1003B000019B4FF0FF321A620198FFF724FF019B67
:1003C0001846FFF714FF00BF03B05DF804FB82B0CE
:1003D000EFF311830193019BDBB2184602B0704723
:1003E00082B00190019B83F3118800BF02B0704777
:1003F00000B583B0FFF7EBFF03468DF80730802090
:10040000FFF7EEFF9DF80730184603B05DF804FBD8
:1004100000B583B003468DF807309DF807301846C5
:10042000FFF7DEFF00BF03B05DF804FB00B589B045
:10043000039002910192284B1B68069300230793B7
:10044000019B002B06D0019A069B743393E80300AE
:1004500082E80300029B002B38D0FFF7C9FF034658
:100460008DF81730039B032B1DD0039B032B22DC3D
:10047000039B012B03D0039B022B0AD01BE0069B9E
:1004800003F17400069B7433029A194602F059F97D
:1004900015E0069B03F17400069B7433029A19461B
:1004A00002F02FF90BE0069B029A743392E80300E6
:1004B00083E8030003E06FF01503079300BF9DF886
:1004C00017301846FFF7A4FF00F04AF8079B1846BC
:1004D00009B05DF804FB00BFA80C002400B587B08C
:1004E00001900091019B002B02DA6FF0250318E0C8
:1004F000009B3F2B02D96FF0150312E0009BDBB28B
:100500008DF80C3000238DF80D3004238DF80E305B
:100510000023049303AB00221946019800F0F2FB7C
:100520000346184607B05DF804FB00B585B001909E
:10053000009100990198FFF7D1FF0390039B002BD6
:1005400008DADFF7D7FC0246039B5B4213604FF0EB
:10055000FF330393039B184605B05DF804FB0000CE
:1005600000B589B02B4B1B680793D4F757FD6B463A
:1005700007991846DAF7E4F903AB6A4692E80300F4
:1005800083E80300079B03F1740203A903AB184639
:1005900002F0B7F803AB1846E0F731F90346002B39
:1005A00003D0D4F79DFD002330E003AB1846DAF703
:1005B00021F90690069BB3F1FF3F1DD003AB0699CE
:1005C000184602F07FF806990798DAF73EF805908A
:1005D000059B002B10D0059B03F10801059B5B6870
:1005E000002B0CBF01230023DBB21A46079800F052
:1005F00053FA0598DAF7A0F803AB1846E0F7FFF8CE
:100600000346002BD1D0D4F76BFD0123184609B067
:100610005DF804FBA80C002400B589B0039002919A
:1006200001920093029B1B7803F00103002B28D05A
:1006300000238DF81F30029B5B788DF81030019BF2
:10064000DBB28DF8113000238DF8123000230693B1
:10065000029B04331B680593029B1B7803F0040381
:10066000002B05D001238DF81F30029B9B6803935C
:100670009DF81F2004AB1946039800F043FB034686
:1006800007E0029B1B78002B01D1002301E06FF0F3
:100690002503184609B05DF804FB84B00190019B66
:1006A0001B680393039B002B0DD0039B1A68019BCF
:1006B0001A60019B1B68002B02D1019B00225A602B
:1006C000039B00221A60039B184604B0704782B057
:1006D000EFF311830193019BDBB2184602B0704720
:1006E00082B00190019B83F3118800BF02B0704774
:1006F00000B583B0FFF7EBFF03468DF8073080208D
:10070000FFF7EEFF9DF80730184603B05DF804FBD5
:1007100000B583B003468DF807309DF807301846C2
:10072000FFF7DEFF00BF03B05DF804FB82B0EFF31C
:1007300005830193019B184602B0704708B5FFF787
:10074000F5FF0346002B14BF01230023DBB218463C
:1007500008BD000000B589B003900291019200230A
:100760000793029B002B5BD0029B5B68002B57D04A
:1007700001F0A0FB0690069B002B03D16FF00B034A
:1007800007934DE0029B5A68069B5A60069B029AAB
:100790000833083292E8030083E80300029B1B69D8
:1007A00003F02003002B08D1069B03F10802019BF4
:1007B0001B7819461046DFF7C1FF069B10330C2249
:1007C00001991846E1F70FFD029B5A69069B9A6151
:1007D000069B0593059B00221A60039BD3F8843087
:1007E000002B08D1039B059AC3F88420039B059A2C
:1007F000C3F8882008E0039BD3F88830059A1A6074
:10080000039B059AC3F88820039BD3F8A430002BE0
:1008100006D1039B054AC3F8A4200398D1F7D0FB67
:10082000079B184609B05DF804FB00BF3D0E0308A6
:1008300000B583B00A48FFF730FF0190019B002B01
:1008400008D1FFF77BFF0346002B03D00548FFF7D5
:1008500024FF0190019B184603B05DF804FB00BF24
:10086000501800245818002484B0019000910023EF
:100870000393009B1F2B04DD009B3F2B01DC039B9C
:1008800011E0019BD3F81032039302E0039B1B6835
:100890000393039B002B05D0039B1B7A1A46009BF6
:1008A0009342F3D1039B184604B0704700B585B05E
:1008B00001900091019B9B680393009B1B78194654
:1008C0000398D9F79EFD0290029B002B11D0029B4A
:1008D0001B6903F08003002B0BD0029B5A69009B1D
:1008E0009A60029B5B68009A127810460022009979
:1008F000984700BF05B05DF804FB00B589B00390D0
:10090000029113468DF80730039B9B680693029B68
:100910001B7819460698FFF7A7FF0790079B002B47
:1009200007D0079B08330C2202991846E1F75BFCBD
:1009300031E0FFF77DFF0790079B002B2BD0079B33
:1009400008330C2202991846E1F74DFC9DF8073058
:10095000002B01D0002300E0039B079A5360079B04
:100960000593059B00221A60069BD3F81032002BDA
:1009700008D1069B059AC3F81022069B059AC3F876
:10098000142208E0069BD3F81432059A1A60069BDD
:10099000059AC3F81422079B184609B05DF804FBBA
:1009A00000B589B003468DF80730FFF7C7FE034650
:1009B00083F00103DBB2002B63D0354B1B68002BA7
:1009C0000CBF012300238DF81730324B1B68002B1E
:1009D0000CBF012300238DF816309DF81730002B33
:1009E00003D19DF81630002B4BD000230793002332
:1009F00006939DF807301846FFF78AFE9DF81730DA
:100A0000002B04D01820E1F7DDFF034607939DF883
:100A10001630002B04D02020E1F7D4FF03460693C4
:100A2000FFF766FE03468DF80730079B002B12D0B8
:100A3000079B01221A75079B0493154B1A68049BA8
:100A40001A60134B1B68002B02D1114A049B5360A0
:100A50000F4A049B1360069B002B12D0069B0122B9
:100A60001A77069B03930B4B1A68039B1A60094B7A
:100A70001B68002B02D1074A039B5360054A039B66
:100A800013609DF80730184609B05DF804FB00BFFD
:100A9000501800244018002400B591B00390029132
:100AA00013468DF80730954B1B68049300230F9372
:100AB00000230E93039B5B6C03F48073002B02D026
:100AC0006FF0020315E1029B1B78002B01D100237C
:100AD0000FE1039B9A68029B1B7819461046D9F7D1
:100AE00090FC0D90FFF704FE03468DF833309DF81F
:100AF00033301846FFF754FF03468DF83330039B1D
:100B000003F17402029B1B7819461046DFF78EFE34
:100B10000B900B9B012B66D1039B93F84030062B67
:100B200058D10B9B002B0BD0039B03F17C02029B43
:100B30001B7819461046DFF779FE0346002B49D093
:100B4000039BD3F89430002B07D0039BD3F8943049
:100B50000C2202991846E1F746FB039B7C331846AA
:100B6000DFF705FE039B50331846D5F741FD039B85
:100B70000793079B5B680693079B1B680593069B7F
:100B8000002B03D15E4A059B136002E0069B059A89
:100B90001A60059B002B03D1594A069B536002E063
:100BA000059B069A5A60079B00221A60079B002249
:100BB0005A600398D6F7E2FE0346002B68D0FFF791
:100BC000BDFD034683F00103DBB2002B60D00220A1
:100BD00000DF5DE09DF807301A4602990398FFF7A1
:100BE0008CFE0E9055E0029A0D990398FFF7B2FD26
:100BF0000F90039B93F84030062B4AD1039BD3F808
:100C00009430002B07D0039BD3F894300C22029928
:100C10001846E1F7E8FA039B7C331846DFF7A7FD97
:100C2000039B50331846D5F7E3FC039B0A930A9BBA
:100C30005B6809930A9B1B680893099B002B03D1EF
:100C40002F4A089B136002E0099B089A1A60089BD0
:100C5000002B03D12A4A099B536002E0089B099AA2
:100C60005A600A9B00221A600A9B00225A6003986D
:100C7000D6F784FE0346002B0BD0FFF75FFD03463B
:100C800083F00103DBB2002B03D0022000DF00E081
:100C900000BF0B9B002B17D1039B93F84030052B13
:100CA00004D104210398FFF721FA0DE0039B93F888
:100CB0004030072B04D0039B93F84030082B03D11E
:100CC0000421039800F0A8FF9DF833301846FFF781
:100CD0001FFD0E9B002B05D00E9B08331946039871
:100CE000FFF7E4FD0B9B002B02DA6FF015030F9367
:100CF0000F9B184611B05DF804FB00BFA80C002440
:100D0000BC0C002400B587B00390029113468DF807
:100D100007309DF8073083F00103DBB2002B0CD0C5
:100D2000039800F0C5F90490049B002B13D002999E
:100D3000049800F0FFFE03460FE00398D4F7B4F8E0
:100D40000590059B002B06D0002202990598FFF71D
:100D5000A3FE034601E06FF00203184607B05DF8FA
:100D600004FB84B001900091019B1B680393009BDE
:100D70001B68002B15D0039B002B12D0009B5B68D7
:100D8000039A9A4206D1009B019A5A60019B002265
:100D90001A6003E0039B1A68019B1A60039B002200
:100DA0001A60039B184604B0704784B00190019B01
:100DB0001B680393039B002B0DD0039B1A68019BB8
:100DC0001A60019B1B68002B02D1019B00225A6014
:100DD000039B00221A60039B184604B0704782B040
:100DE000EFF311830193019BDBB2184602B0704709
:100DF00082B00190019B83F3118800BF02B070475D
:100E000000B583B0FFF7EBFF03468DF80730802075
:100E1000FFF7EEFF9DF80730184603B05DF804FBBE
:100E200000B583B003468DF807309DF807301846AB
:100E3000FFF7DEFF00BF03B05DF804FB00B591B023
:100E40000190DFF757F803461B680E93019BB3F838
:100E50004A30ADF83630FFF7D3FF03468DF8353012
:100E6000019B5B6C03F04003002B05D09DF83530EF
:100E70001846FFF7D5FFCAE0019B84331846FFF7F9
:100E800094FF0C900C9B002B05D19DF83530184633
:100E9000FFF7C6FFBBE0019B5B6C43F04002019B88
:100EA0005A640C9B0B930B9B00221A60019BD3F896
:100EB0008C30002B08D1019B0B9AC3F88C20019B2E
:100EC0000B9AC3F8902008E0019BD3F890300B9A5E
:100ED0001A60019B0B9AC3F89020019A08AB7432F8
:100EE00092E8030083E803000C9B03F1080208A9C1
:100EF00006AB184601F025FC0C9B1B7C1A4606AB82
:100F000011461846DFF7FCFB019B743306AA92E8F2
:100F1000030083E803009DF835301846FFF780FF93
:100F20000C9B5B680C9A127C10460C9A02F1100123
:100F300000229847FFF764FF03468DF83530019B88
:100F40005B6C23F04002019B5A64019B03F1740126
:100F500006AA04AB184601F013FC019B03F17401CF
:100F600004AA02AB1846DFF72BFC04AA08A904ABBD
:100F7000184601F0C6FB019B743302AA04A9184667
:100F800001F0DFFB0C9B0A93019BD3F88C30002B04
:100F900032D00A9B002B2FD0019BD3F88C300A9AB9
:100FA0009A4213D10A9B1A68019BC3F88C20019BBB
:100FB000D3F890300A9A9A4204D1019B0022C3F8D8
:100FC000902019E00A9B00221A6015E0019BD3F8DB
:100FD0008C300F930DE00F9B1B680A9A9A4205D143
:100FE000019B8C3319460F98FFF7BBFE0F9B1B68C4
:100FF0000F930F9B002BEED19DF835301846FFF76D
:101000000FFFFFF7ADFA0C98D9F754FA23E7DEF794
:1010100071FF02460E9B1360019BBDF83620A3F8BA
:101020004A2000BF11B05DF804FB000000B585B098
:101030001E4B1B6803930398D8F7E2F81B4B1B6801
:10104000029302990398D4F731F9029BB3F948301F
:101050009BB201339BB21AB2029BA3F84820029BB9
:10106000022283F84020039B042283F84020039B44
:101070005B6CDBB203F00303DBB219460398D6F7CF
:1010800081FD0190029B032283F84020029BB3F96B
:1010900048309BB2013B9BB21AB2029BA3F8482096
:1010A000019B184605B05DF804FB00BFA80C0024A6
:1010B00000B585B001900198D3F7F6FE0390039B2D
:1010C000002B02D0039B9B6800E00023184605B06C
:1010D0005DF804FB82B0074B1B680193019B002B5A
:1010E00003D0019B9B681B6800E00023184602B0F8
:1010F000704700BFA80C002408B5FFF7EBFF0346BC
:10110000184608BD82B00A4B1B680193019B002B57
:101110000AD0019B93F84030032B02D1019B1B6B3B
:1011200003E06FF0020300E00023184602B07047AE
:10113000A80C002482B0EFF311830193019BDBB272
:10114000184602B0704782B00190019B83F311886A
:1011500000BF02B0704700B583B0FFF7EBFF034656
:101160008DF807308020FFF7EEFF9DF80730184616
:1011700003B05DF804FB00B583B003468DF807307B
:101180009DF807301846FFF7DEFF00BF03B05DF89B
:1011900004FB000082B00190019B002B01D1034BA6
:1011A00000E00023184602B0704700BFB8000024DA
:1011B00086B001900091019BDB680493019BDB6882
:1011C000059309E0009B9A68059B9B68D31A002B46
:1011D00008DB059B5B680593059A019B08339A42DF
:1011E000F0D100E000BF059B0393009B0293039B9B
:1011F0001A68029B1A60029B039A5A60039B1B6841
:10120000029A5A60039B029A1A60059A049B9A42BA
:101210000CBF01230023DBB2184606B0704784B030
:1012200001900091019BDB680393009B0022DA6030
:10123000009B0293029B5B68029A12681A60029BF1
:101240001B68029A52685A60029B00225A60029BF5
:101250005A68029B1A60039A009B9A420CBF0123B2
:101260000023DBB2184604B07047000000B585B01B
:101270000190019BDA68019B08339A420CD0019BD4
:10128000DB680393019B03F13400039B9968019B86
:10129000064AD7F7FDFC04E0019B34331846D5F726
:1012A000A7F900BF05B05DF804FB00BF896900081D
:1012B00000B58BB00390029101920093039B002B29
:1012C00009D0029B002B06D0019B002B03D00C9B66
:1012D000B3F1804F02D36FF0150362E0D5F77DFBC9
:1012E00002460C9B134401330893FFF734FF034677
:1012F0008DF81F30029BDB68002B08D00299039801
:10130000FFF78DFF0346002B01D0012300E00023EF
:101310008DF82730029B019ADA60029B009A1A61CD
:10132000029B089A9A600C9B002B13D00299039899
:10133000FFF73EFF0346002B1ED000238DF8273019
:10134000039B03F13400029B9968039B174AD7F76C
:101350009FFC11E0039B0693029B0593069B1A6872
:10136000059B1A60059B069A5A60069B1B68059AA6
:101370005A60069B059A1A609DF82730002B02D010
:101380000398FFF773FF9DF81F301846FFF7F3FE31
:101390000C9B002B04D1039B10331846DFF752F946
:1013A000002318460BB05DF804FB00BF89690008F4
:1013B00000B587B005900491039202930598FFF75A
:1013C000E9FE089B0093029B039A0499FFF770FFC4
:1013D0000346184607B05DF804FB82B0EFF31183B3
:1013E0000193019BDBB2184602B0704782B00190B6
:1013F000019B83F3118800BF02B0704700B583B032
:10140000FFF7EBFF03468DF807308020FFF7EEFF74
:101410009DF80730184603B05DF804FB00B583B0B3
:1014200003468DF807309DF807301846FFF7DEFFBA
:1014300000BF03B05DF804FB82B00190019B002B5C
:1014400001D1034B00E00023184602B0704700BFF3
:10145000B800002484B001900091019BDB680393E5
:10146000009B0022DA60009B0293029B5B68029A59
:1014700012681A60029B1B68029A52685A60029BAB
:1014800000225A60029B5A68029B1A60039A009BD2
:101490009A420CBF01230023DBB2184604B0704708
:1014A00000B585B00190019BDA68019B08339A4230
:1014B0000CD0019BDB680393019B03F13400039B79
:1014C0009968019B064AD7F7E3FB04E0019B34339C
:1014D0001846D5F78DF800BF05B05DF804FB00BFD6
:1014E0008969000800B58BB003900B4601928DF816
:1014F0000B3000230993039B002B02D0019B002B90
:1015000002D16FF0150367E0FFF778FF03468DF80F
:101510001F30019BDB68002B09D001990398FFF76E
:1015200099FF0346002B02D00398FFF7B9FF9DF8FF
:101530000B30002B44D0FFF7E5FD0690039B4833AA
:1015400005930023089334E0089A1346DB009B1AA6
:101550009B001A46059B13445B68019A9A4225D169
:10156000089A1346DB009B1A9B001A46059B1344FE
:101570001B68069A9A4219D0089A1346DB009B1AF8
:101580009B001A46059B1344B3F9182092B201320E
:1015900092B212B21A83089A1346DB009B1A9B0080
:1015A0001A46059B13440833099309E0089B01334D
:1015B0000893039B93F831301A46089B9342C3DB90
:1015C0009DF81F301846FFF729FF099B002B02D01A
:1015D0000998D6F7A3FD002318460BB05DF804FB6D
:1015E00000B583B0019000910198FFF725FF0346F5
:1015F000009A00211846FFF775FF0346184603B00E
:101600005DF804FB00B583B0019000910198FFF7ED
:1016100013FF0346009A01211846FFF763FF0346B4
:10162000184603B05DF804FB84B00190019B1B6871
:101630000393039B002B18D0039B1B680293029B10
:10164000002B06D1019B00221A60019B00225A60E8
:1016500005E0019B029A1A60029B00225A60039BDC
:1016600000221A60039B00225A60039B184604B0B4
:10167000704782B0EFF311830193019BDBB21846F0
:1016800002B0704782B00190019B83F3118800BFC4
:1016900002B0704700B583B0FFF7EBFF03468DF84B
:1016A00007308020FFF7EEFF9DF80730184603B0A3
:1016B0005DF804FB00B583B003468DF807309DF854
:1016C00007301846FFF7DEFF00BF03B05DF804FBEC
:1016D00084B001900B4B1B6803930BE0039B0293B8
:1016E000029BDB6A019A9A4201D1029B06E0039BAE
:1016F0001B680393039B002BF0D10023184604B012
:10170000704700BF584F0024074B1B680133064A3F
:101710001360054B1B68002B02DC034B01221A608F
:10172000014B1B6818467047604F002400B589B014
:101730000190019B0793079B9B6A079A526A104688
:101740009847FFF7A7FF03468DF81B30079BDB6A1E
:101750001846FFF7BDFF0790079B002B3CD0079B67
:101760000593059B5B680493059B1B680393049B8F
:10177000002B03D11D4A039B136002E0049B039AD4
:101780001A60039B002B03D1184A049B536002E0AC
:10179000039B049A5A60059B00221A60059B002255
:1017A0005A60079B0293029B00221A60104B5A68F2
:1017B000029B5A600E4B1B68002B06D10C4A029B01
:1017C00013600B4A029B536006E0094B5B68029A68
:1017D0001A60074A029B53609DF81B301846FFF7BA
:1017E00069FF00BF09B05DF804FB00BF584F00243B
:1017F000504F002400B587B00190FFF74BFF034620
:101800008DF80F302B48FFF70FFF05909DF80F3034
:101810001846FFF74FFF059B002B04D13020E1F75E
:10182000D1F803460593059B002B03D16FF00B0302
:1018300004933AE0059B0833142200211846E0F790
:101840006DFC059B1C33102201991846E0F7CBFC78
:10185000FFF720FF03468DF80F30FFF755FF0246D4
:10186000059BDA62059B0293029B00221A60124BD1
:101870005A68029B5A60104B1B68002B06D10E4A17
:10188000029B13600C4A029B536006E00A4B5B68A4
:10189000029A1A60084A029B5360059BDB6A049314
:1018A0009DF80F301846FFF705FF049B184607B058
:1018B0005DF804FB504F0024584F002400B589B058
:1018C0000190FFF7E7FE03468DF81F300198FFF700
:1018D000FFFE0690069B002B4FD0069B0593059BB1
:1018E0005B680493059B1B680393049B002B03D147
:1018F000264A039B136002E0049B039A1A60039B31
:10190000002B03D1214A049B536002E0039B049AFD
:101910005A60059B00221A60059B00225A609DF8C0
:101920001F301846FFF7C6FE069B5B7F1A46069BD4
:10193000083319461046FFF765FEFFF7ABFE034676
:101940008DF81F30069B0293029B00221A60104BF9
:101950005A68029B5A600E4B1B68002B06D10C4A3A
:10196000029B13600A4A029B536006E0084B5B68C7
:10197000029A1A60064A029B53609DF81F3018466F
:10198000FFF798FE00BF09B05DF804FB584F002434
:10199000504F002400B58BB0034602918DF80F30F4
:1019A000FFF778FE03468DF82330D3F737FB1B4B48
:1019B0001B68099323E0099B1B680793099B069307
:1019C000069B1C330593059B1B789DF80F209A42BC
:1019D00013D1059B5B68029A9A420ED1059B0022A7
:1019E0005A60059B5B781846069B03F108010023AB
:1019F0000093099B0A4AFFF7DBFC079B0993099BAD
:101A0000002BD8D19DF823301846FFF753FED3F7AB
:101A100067FB00BF0BB05DF804FB00BF584F00240C
:101A20002D17030800B587B001900091009B059326
:101A30000198D3F739FA0490059B5B68002B02D11B
:101A4000059B049A5A60049B03F17C02059B1B686A
:101A50001B7819461046DEF7E9FE0390039B012B25
:101A600023D1059BDB68002B04D0059B1B681B78EA
:101A7000112B1AD1059B1B68012219460498FFF708
:101A80000BF80390039B002B01DA039B4EE0059BB0
:101A9000049ADA60059B1B69002B06D0059B1B6826
:101AA0001B78112B01D0012340E0049B03F1740249
:101AB000059B1B681B7819461046DEF7B7FE0346E8
:101AC000002B32D1059B1B69002B2ED1059BDB68B7
:101AD000049A9A4229D0059B9B68002B02D1059B52
:101AE000049A9A60049B9A68059B1B681B781946A8
:101AF0001046D8F786FC0290029B002B15D0059B60
:101B00001B68012219460498FEF7C6FF0390039B49
:101B1000002B01DA039B09E0059B049A1A61059BDF
:101B2000DB68002B01D0012300E00023184607B03A
:101B30005DF804FB00B58BB001900091009B03930E
:101B400000230493002305930023069300230793A7
:101B5000D3F764FA03AB1A4617490198D7F707FA87
:101B60000890089B002B1CDB069B002B1BD1079BBE
:101B7000002B18D1059B002B02D0059B099309E08F
:101B8000049B002B02D0049B099303E06FF0090330
:101B9000089309E0012200990998FEF77DFF08905B
:101BA00002E000BF00E000BFD3F79AFA089B184696
:101BB0000BB05DF804FB00BF251A030882B001904A
:101BC000019B1B7D0133DAB2019B1A7500BF02B085
:101BD000704700B583B00190019B1B7D013BDAB2D9
:101BE000019B1A750198D5F77EFB00BF03B05DF825
:101BF00004FB82B0EFF305830193019B184602B00A
:101C0000704708B5FFF7F5FF0346002B14BF01230B
:101C10000023DBB2184608BD00B58BB001900091DF
:101C20003E4B1B680293019B1B6F0993019B93F82A
:101C30004030072B2BD1099BB3F912309BB2013BEB
:101C40009BB21AB2099B5A82019B0593059B5B6864
:101C50000493059B1B680393049B002B03D1099BF2
:101C6000039A1A6002E0049B039A1A60039B002BFC
:101C700003D1099B049A5A6002E0039B049A5A60BC
:101C8000059B00221A60059B00225A602AE0099BEE
:101C9000B3F910309BB2013B9BB21AB2099B1A8276
:101CA000019B0893089B5B680793089B1B6806933E
:101CB000079B002B03D1099B069A9A6002E0079BC1
:101CC000069A1A60069B002B03D1099B079ADA60DB
:101CD00002E0069B079A5A60089B00221A60089B44
:101CE00000225A60019B00221A67009B1AB2019BD6
:101CF000A3F84A200198D5F741FE0346002B09D0EE
:101D0000FFF77FFF034683F00103DBB2002B01D016
:101D1000022000DF00BF0BB05DF804FBA80C00241C
:101D200082B0EFF305830193019B184602B0704720
:101D300008B5FFF7F5FF0346002B14BF012300236E
:101D4000DBB2184608BD000000B589B003900291CF
:101D500013468DF80730039BDB6C1A46029B9342B7
:101D600028BF13460693039BDA6C069BD21A039B8B
:101D7000DA64039BDB6C0793039BDB6C002B35DC85
:101D8000039BB3F94830002B30DC9DF80730002B63
:101D900002D00123079329E0039B1422DA64039BFA
:101DA000DB6C0793039B1B68002B1FD0039B1B68F6
:101DB00093F83420039B93F834309A4216D30E4B99
:101DC0001B680593039B93F8343019460398D7F7A3
:101DD000CDFC0346002B09D0FFF7AAFF034683F092
:101DE0000103DBB2002B01D0022000DF079B184665
:101DF00009B05DF804FB00BFA80C002482B0EFF32B
:101E000011830193019BDBB2184602B0704782B088
:101E10000190019B83F3118800BF02B0704700B5A9
:101E200083B0FFF7EBFF03468DF807308020FFF704
:101E3000EEFF9DF80730184603B05DF804FB00B5CF
:101E400083B003468DF807309DF807301846FFF73A
:101E5000DEFF00BF03B05DF804FB82B0EFF3058343
:101E60000193019B184602B0704708B5FFF7F5FFD4
:101E70000346002B14BF01230023DBB2184608BD24
:101E800084B00190019B1B680393039B002B0DD032
:101E9000039B1A68019B1A60019B1B68002B02D1EF
:101EA000019B00225A60039B00221A60039B184684
:101EB00004B0704700B583B0FFF7D7FF0346002B8F
:101EC0000BD00F48FFF7DCFF0190019B002B12D1D4
:101ED0000C48FFF7D5FF01900DE0FFF7A0FF034688
:101EE0008DF803300648FFF7CBFF01909DF80330D3
:101EF0001846FFF7A4FF019B184603B05DF804FBEA
:101F0000401800244818002400B58BB003900291BB
:101F100001920023099304AB184601F0A7FA019B34
:101F200004A81A680299DFF7D1FE0246099B134400
:101F30000993089B0A2B07D0059B04AA0A21104687
:101F40009847099B01330993099B18460BB05DF82C
:101F500004FB00B585B00190009100230393019B21
:101F60004FF60B7293422ED0019B4FF60B729342A9
:101F700025D8019B4FF60172934205D0019B4FF685
:101F80000772934205D01AE0009814F01DFB0390ED
:101F90001AE0009B0293029B002B03D16FF0150304
:101FA000039311E0029B1B781846029B5968029B21
:101FB0001A89029B9B7A14F0EAFC039004E06FF00C
:101FC0001803039300E000BF039B002B08DADDF742
:101FD00091FF0246039B5B4213604FF0FF3300E02A
:101FE000039B184605B05DF804FB00B585B0019071
:101FF000002303930BE00199029802F0BCFC034616
:10200000002B01D1039B0BE0039B01330393039847
:1020100003F05EFF0290029B002BECD16FF00103F6
:10202000184605B05DF804FB82B00190064B1B68B2
:10203000019A9A4204DA019B1B01044A134400E00E
:102040000023184602B0704768080508780705089D
:1020500082B00190019B2F2B02DD019B392B0BDD00
:10206000019B602B02DD019B662B05DD019B402B54
:1020700004DD019B462B01DC012300E00023184610
:1020800002B0704782B00190019B402B05DD019B9F
:102090005A2B02DC019B203300E0019B184602B062
:1020A000704700B585B001902820E0F78BFC03460F
:1020B0000393039B002B06D1DDF71CFF03460C2284
:1020C0001A60002311E040F601410198F6F7A0FEE6
:1020D0000290029B002B04DA0398E0F763FC0023D4
:1020E00003E0039B029A1A60039B184605B05DF853
:1020F00004FB00B585B00190019B002B07D1DDF7F3
:10210000F9FE034609221A604FF0FF3309E0019BF4
:102110001B681846F6F75AFA03900198E0F742FC5C
:10212000039B184605B05DF804FB00B585B001902F
:10213000019B002B06D1DDF7DDFE034609221A6064
:1021400000230FE0019B1868019B043322221946EB
:10215000F7F716FA0390039B002B01DC002301E044
:10216000019B0433184605B05DF804FB00B585B04B
:102170000190019B002B03D0019B1B78002B01D108
:10218000164B26E00198E0F730F903900EE0039B30
:10219000012B09D9039B013B019A134400221A70B9
:1021A000039B013B039301E0019B12E0039B013B76
:1021B000019A13441B782F2BE9D02F21019802F0AC
:1021C00014FD0290029B002B02D0029B013300E021
:1021D000019B184605B05DF804FB00BFB40005087C
:1021E00000B585B00190019B002B03D0019B1B78AB
:1021F000002B01D11D4B35E00198E0F7F6F80346BE
:1022000002930EE0029B012B09DD029B013B019A28
:10221000134400221A70029B013B029301E0144B0D
:1022200020E0029B013B019A13441B782F2BE9D03D
:102230002F21019802F0D9FC0390039B002B10D0B2
:10224000039A019B9A4201D1094B0BE0039B5A1E52
:10225000039200221A70039B1B782F2BF0D0019B56
:1022600000E0024B184605B05DF804FBB800050815
:10227000BC00050800B583B0E0F775FB0190019B39
:102280009B6A184603B05DF804FB000010B58AB0E5
:102290000190019BB3F5807F46D8274B0993099B9A
:1022A0001B680493049B0593059B93FAA3F2B2FA6F
:1022B00082F2002B01D14FF0FF32531C013B0893F7
:1022C000089B002B30DB089B012B2DDC0122089B97
:1022D00002FA03F3DB43059A13400793164B069368
:1022E000079B0393039C069A05AB1868BFF35B8FAB
:1022F00052E8001F814208D142E8004CBCF1000FB7
:10230000BCF1000FF4D1BFF35B8F0CBF01220022A0
:10231000002A00D119601346002BBED0089B1B0277
:10232000054A1344043303E00198E0F74BFB0346EE
:1023300018460AB010BD00BFC403002400B585B024
:102340000190019B114A9B1A002B00DAFF331B12EC
:102350000393039B002B12DB039B012B0FDC012259
:10236000039B02FA03F30A4A52E8000F40EA030013
:1023700042E800010029F7D1BFF35B8F02E001982A
:10238000E0F710FB05B05DF804FB00BFC8030024B4
:10239000C403002400B589B0039002910192009318
:1023A000039B0793AFE0079B1B783F2B04D1019B56
:1023B0001B78002B40F09E80079B1B785B2B5BD12A
:1023C000019B1B78002B57D00023069343E0079B0B
:1023D00001330793019B1A78079B1B789A420ED111
:1023E0000123069302E0079B01330793079B1B78A9
:1023F0005D2B39D0079B1B78002BF4D134E0079B71
:102400001B78002B27D0079B5A1C07921B788DF84E
:102410001730079B1B782D2B1DD1079B013307938A
:10242000019B1B789DF817209A4214D8019B1A78BB
:10243000079B1B789A420ED80123069302E0079B64
:1024400001330793079B1B785D2B0FD0079B1B78ED
:10245000002BF4D10AE0079B1B785D2B07D0079B6C
:102460001B78002BB3D102E000BF00E000BF069B49
:10247000002B41D1012354E0079B1B782A2B31D13B
:10248000079B01330793079B1B782A2B08D1079BD7
:10249000013307930198DFF7A8FF0346069305E091
:1024A0002249019802F0BAF803460693079A039B63
:1024B000D31A029AD31A04930FE0069B019A1A4486
:1024C000009B04990798FFF765FF0346002B01D195
:1024D000002326E0069B013B0693069B002BECDACB
:1024E00001231EE0079B1A78019B1B789A4204D0B7
:1024F000012316E000BF00E000BF079B01330793F4
:10250000019B01330193079A039BD31A029A9A42C3
:102510003FF749AF019B1B78002B01D1002300E05E
:102520000123184609B05DF804FB00BFC000050890
:1025300000B587B00390029101927C210398DFF7E8
:10254000B4FE0590059B002B0BD10398DFF74DFFE0
:1025500003461946019B029A0398FFF71BFF0346A7
:1025600010E0059A039BD11A019B029A0398FFF78A
:1025700011FF0346002B01D1002303E0059B01332B
:102580000393DAE7184607B05DF804FB82B00190C8
:10259000019B1BBA184602B0704782B00190019BA4
:1025A0001BBA184602B0704700B58BB003904FF0CD
:1025B000FF33099307A908AA05AB019306AB009363
:1025C0000B462C49039800F0D6FA0346013B032B37
:1025D0004AD801A252F823F0E9250308EF250308A1
:1025E000092603082F260308089B09933CE0089B53
:1025F000FF2B34D8079BB3F1807F30D2089B1A069B
:10260000079B134309932AE0089BFF2B29D8079BBC
:10261000FF2B26D8069BB3F5803F22D2089B1A06D3
:10262000079B1B041A43069B1343099319E0089B5D
:10263000FF2B18D8079BFF2B15D8069BFF2B12D812
:10264000059BFF2B0FD8089B1A06079B1B041A43F8
:10265000069B1B021A43059B1343099303E000BF2B
:1026600002E000BF00E000BF099B1BBA18460BB098
:102670005DF804FBC400050830B587B005900491EF
:10268000059B1B781C46059B5B781D46059B9B782C
:102690001A46059BDB781946059B1B791846059B56
:1026A0005B7903930290019100922B4622460449E4
:1026B000049800F00AF9049B184607B030BD00BF2B
:1026C000D000050882B001900091009B3F2B02D9F9
:1026D0006FF0150312E0009B5A11019B53F8221072
:1026E000009B03F01F03012202FA03F3DB43009A6D
:1026F00052111940019B43F822100023184602B0E2
:10270000704786B00390029101920023059311E077
:10271000029B059A53F82220019B059953F821301A
:10272000DB4302EA0301039B059A43F82210059B51
:1027300001330593059B012BEADD0023184606B003
:10274000704786B00390029101920023059310E038
:10275000029B059A53F82220019B059953F82130DA
:1027600042EA0301039B059A43F82210059B0133BB
:102770000593059B012BEBDD0023184606B070473F
:1027800086B00390029101920023059310E0029B12
:10279000059A53F82220019B059953F8213082EACB
:1027A0000301039B059A43F82210059B013305930F
:1027B000059B012BEBDD0023184606B0704700B5E2
:1027C00089B003900291019200930198DFF70DFE0A
:1027D0000790079B183306930698E0F729F90590B0
:1027E000059B002B01D10C2319E0059B03221A71D4
:1027F000059B029A9A60059B009ADA60059B0A9AEB
:102800001A61059B03F11400079B01331A460199D5
:10281000DFF79AFC0599039803F07BFB0023184629
:1028200009B05DF804FB00B585B00190019B1B6801
:10283000039307E0039B1B6802930398E0F7B2F849
:10284000029B0393039B002BF4D1019B00221A608F
:102850000023184605B05DF804FB82B00190019B8F
:1028600000221A600023184602B0704782B001901F
:102870000B46ADF80230BDF80230DAB2019B1A7097
:102880000023184602B0704782B001900091009B6F
:102890001B68DAB2019B5A700023184602B07047D9
:1028A00082B001900091009BDAB2019B9A700023E4
:1028B000184602B0704782B001900091019B009AC7
:1028C000DA600023184602B070470EB400B58AB033
:1028D000019003AB6FF0004201991846DEF7F0F962
:1028E0000CAB029303AB029A0B991846DFF7DCF9A5
:1028F0000990099B18460AB05DF804EB03B07047D5
:102900000EB400B584B0019006AB0293029A05990B
:10291000019800F01BF80390039B184604B05DF883
:1029200004EB03B070470EB400B584B0019006AB61
:102930000293029A0599019800F046F80390039BD0
:10294000184604B05DF804EB03B0704700B593B0CF
:10295000039002910192019B05930CAB1846DEF7A0
:10296000EFF90CAB019A02991846DFF79DF90C9B21
:1029700001331846E0F726F803461193119B002B0C
:1029800002D14FF0FF331BE00C9B01331A4606AB1C
:1029900011991846DEF794F906AB059A0299184684
:1029A000DFF782F91090109B002B05DA1198DFF702
:1029B000F9FF4FF0FF3303E0039B119A1A60109B5D
:1029C000184613B05DF804FB00B593B00390029174
:1029D0000192019B05930CAB1846DEF7B1F90CABE5
:1029E000019A02991846DFF75FF90C9B01331846EC
:1029F000DFF7E8FF03461193119B002B02D14FF044
:102A0000FF331BE00C9B01331A4606AB11991846A5
:102A1000DEF756F906AB059A02991846DFF744F936
:102A20001090109B002B05DA1198DFF7BBFF4FF0D9
:102A3000FF3303E0039B119A1A60109B184613B0F2
:102A40005DF804FB00B58DB00390029101920093F4
:102A5000029B002B08D004AB029A03991846DEF7BC
:102A60002FF904AB0B9305E004AB1846DEF768F9C9
:102A700004AB0B93009A01990B98DFF715F90A90B4
:102A80000A9B18460DB05DF804FB0EB400B584B087
:102A9000019006AB0293029A0599019800F008F89C
:102AA0000390039B184604B05DF804EB03B0704735
:102AB00000B5A1B00390029101921AAB0399184698
:102AC00000F064FC1AAA04AB1146184600F050FD51
:102AD00004AB019A02991846DFF7E6F81F90079BAE
:102AE00004AA104698471F9B184621B05DF804FBC6
:102AF00000B589B001900120DFF724FF06904FF068
:102B0000FF3307930698DFF7FAFE0699019800F065
:102B100084F90590059B002B21DB0A238DF80F30EB
:102B20000DF10F03069A0121184600F051F80490A8
:102B3000049B002B13DD059B01330793069B93F841
:102B40007E3003F00403002B09D00698DFF74AFE1D
:102B50000490049B002B02DA4FF0FF33079301200F
:102B6000DFF7F0FE03461846DFF7D5FE079B184651
:102B700009B05DF804FB0EB400B584B0019006AB5B
:102B80000293029A0599019800F008F80390039BBC
:102B9000184604B05DF804EB03B0704700B58BB085
:102BA0000390029101920398DFF71FFC024604ABE9
:102BB0000399184600F092FB04A8019B029A002199
:102BC00001F016FD0990099B18460BB05DF804FB57
:102BD00000B58BB0039002910192039B0693039B77
:102BE00009934FF0FF330893019B002B06D1DDF7CB
:102BF00081F9034609221A60089BB6E0019BB3F8ED
:102C00007C3003F00203002B05D1DDF773F9034696
:102C100009221A609CE0019BDB6A002B1BD1019BFF
:102C2000DB69002B08D0019BDB69019A906A029A4C
:102C300003999847089007E0019B9B6A029A0399C1
:102C40001846F7F724FB0890089B002B7BDA4FF01F
:102C5000FF33089377E0019800F08BF80346002BD0
:102C600073DB019B1A6B019B5B6BD31A0793079B6A
:102C7000402B03D1029A079B9A4227D2079A029BC4
:102C80009A4201D9029B0793029A079BD31A029397
:102C9000019B5B6B079A09991846DFF7A4FA019B21
:102CA0005A6B079B1A44019B5A63099A079B13446A
:102CB0000993019B5A6B019B1B6B9A4206D30198A7
:102CC000DFF790FD0590059B002B40DB029B3F2B1F
:102CD00020D9019BDB69002B08D0019BDB69019A9D
:102CE000906A029A09999847089007E0019B9B6AAD
:102CF000029A09991846F7F7CAFA0890089B002B20
:102D000003DA4FF0FF33089322E0089B099A13443B
:102D1000099313E0029B002B10D0019B5B6B029A7E
:102D200009991846DFF75FFA019B5A6B029B1A4418
:102D3000019B5A63099A029B13440993099A069BC3
:102D4000D31A089304E000BF02E000BF00E000BF18
:102D5000089B002B08DA019B93F87E3043F00203B6
:102D6000DAB2019B83F87E20089B18460BB05DF811
:102D700004FB00B585B00190019B002B07D1DDF766
:102D8000B9F8034609221A604FF0FF3341E0019B76
:102D9000DB6A002B01D100233BE0019B9A6B019B76
:102DA000DB6A9A4234D0019B9A6B019B5B6BD31A0E
:102DB000019A92F87F2013440293019BDA6A019BE7
:102DC0009A63019B9A6B019B5A63019B002283F8D3
:102DD0007F20029B5B420293019B1B6A002B08D061
:102DE000019B1B6A019A906A02A9012298470390ED
:102DF00008E0019B9B6A1846029B01221946F5F7E1
:102E0000F9FD0390039B002B02DA4FF0FF3300E043
:102E10000023184605B05DF804FB00B587B00190AB
:102E20000091009B93F87E3003F00403002B27D021
:102E3000002305931FE0009A01210198FFF7C8FEC7
:102E40000390039B002B02DC4FF0FF3330E0019B2B
:102E50001B780A2B09D10098DFF7C4FC0390039B71
:102E6000002B02DA4FF0FF3322E0059B013305937C
:102E7000019B01330193019B1B78002BDBD116E0F2
:102E80000198DFF7B2FA03460493049B002B01D1AB
:102E900000230DE0049B009A19460198FFF798FE65
:102EA0000590059B002B02DA4FF0FF3300E0059BF5
:102EB000184607B05DF804FB00B585B0019000919D
:102EC0000098DFF71CFD00990198FFF7A6FF03901B
:102ED0000098DFF720FD039B184605B05DF804FB62
:102EE00000B583B001900A2200210198DDF72EFD84
:102EF0000346184603B05DF804FB00008AB0039057
:102F000002910192039B002BB8BF5B420993029B85
:102F10000793019B012B51DD019B242B4EDC099B68
:102F2000019A93FBF2F2019901FB02F29B1A0693BC
:102F3000099A019B92FBF3F30993244B1A68069BB1
:102F40001A44079B591C079112781A70099B002B91
:102F5000E5DC039B002B04DA079B5A1C07922D2209
:102F60001A7000230893079A029BD31A05931CE05A
:102F7000059A089BD31A013B029A13441B788DF8DB
:102F80001330089B029A1A440599089BCB1A013BFF
:102F900002990B4412781A70089B029A13449DF808
:102FA00013201A70089B01330893059B002B00DA4D
:102FB00001335B101A46089B9342D9DB079B002222
:102FC0001A70029B18460AB0704700BFC80500245B
:102FD00000B599B00390029113468DF80730002395
:102FE0001693039B002B06D1DCF784FF03461622C1
:102FF0001A600023E8E0039B1B78002B06D1DCF766
:1030000079FF034602221A600023DDE0029B002BB9
:1030100011D14FF48070DFF7D5FC03460293029B79
:103020001693029B002B06D1DCF764FF03460C22AB
:103030001A600023C8E0029B1593039B1B782F2B7B
:1030400014D04FF48071029802F0F0FD0346002B7B
:1030500000F0B3800298DFF7C8F91490149B012B9D
:1030600004D9159A149B1344159305E000BF03E09F
:1030700002E0039B01330393039B1B782F2BF8D0B3
:10308000039B1B78002B0DD1159A029B9A4204D109
:10309000159B5A1C15922F221A70159B00221A702C
:1030A000029B91E0039B1793179B01331793179B88
:1030B0001B782F2B03D0179B1B78002BF4D1039B7D
:1030C0001B782E2B21D1179A039BD31A012B02D1E7
:1030D000179B0393CCE7039B01331B782E2B14D152
:1030E000179A039BD31A022B0FD1159A029B9A426F
:1030F00008D000E000BF159B013B1593159B1B7882
:103100002F2BF7D1179B0393B2E7159A029BD31A83
:103110000133179A1A44039BD31AFF2B05DDDCF702
:10312000E9FE034624221A604AE0159B2F221A70FA
:10313000159B581C179A039BD31A1A460399DFF75D
:1031400052F8179B5A1C039BD31A1A46159B13441B
:1031500000221A709DF80730002B0AD0179B5A1CCA
:10316000039BD31A1A46159B13441593179B03937D
:103170007EE704AB19460298F6F7F1FC0346B3F17B
:10318000FF3F1CD0179B1B782F2B0BD1069B03F402
:103190007043B3F5804F05D0DCF7ACFE0346142234
:1031A0001A600DE0179B5A1C039BD31A1A46159BF5
:1031B00013441593179B03935AE700BF00E000BF29
:1031C0001698DFF7EFFB0023184619B05DF804FBF3
:1031D00000B583B001900091002200990198FFF79B
:1031E000F7FE0346184603B05DF804FB00B585B052
:1031F000019000911BE0FBF7ADFE0246009BD31A45
:103200000F4A02FB03F30293009B042B28BF042305
:10321000039302AB039A19460198DEF7E4FF009A84
:10322000039BD31A0093019A039B13440193009BC1
:10323000002BE0D100BF00BF05B05DF804FB00BF6C
:103240004786C86184B00190019B02936FF015031B
:103250000393019B1B681A46029B1B699A420BD27F
:10326000029BDB68019A126813441B780393019B4D
:103270001B685A1C019B1A60039B184604B07047D8
:1032800000B587B0039002910192039B04936FF005
:1032900015030593039B1B681A46049B1B699A42FE
:1032A00016D2049B1B69039A12689A1A019B9342D7
:1032B00028BF13460593039B1A68059B1A44039B7A
:1032C0001A60049BDB68059A19460298DEF78BFFAB
:1032D000059B184607B05DF804FB000084B003901E
:1032E00002910192039B084A5A60039B074A9A6025
:1032F000039B00221A60039B029ADA60039B019AE7
:103300001A6100BF04B070474532030881320308D8
:1033100000B587B0039002910192039B05930023AF
:103320000493059B1B69019A02991846F6F7AFFFB3
:103330000490049B002B07DB039B1A68049B1A4430
:10334000039B1A60049B0AE0DCF7D4FD03461B686C
:103350005B420493049B13F1040FE2D0049B1846D4
:1033600007B05DF804FB00B585B001900091009BAB
:10337000DBB28DF80F300DF10F03012219460198D1
:10338000FFF7C6FF00BF05B05DF804FB82B00190F7
:103390000091019B084A5A60019B084A9A60019B70
:1033A000074ADA60019B00221A60019B009A1A61A9
:1033B00000BF02B0704700BF673303081133030832
:1033C000710D010800B587B001900091019B059334
:1033D000059B009A1A61009B0D2B17D0009BDBB256
:1033E0008DF80F300DF10F030121184613F016FC74
:1033F0000490049B002B05DB019B1B685A1C019B5E
:103400001A6003E0049B13F1040FE7D007B05DF8E6
:1034100004FB00B587B0039002910192039B0593D2
:10342000019B002B01D100231CE0019B013B029A70
:1034300013441B781A46059B1A610199029813F0F0
:10344000EDFB0490049B002B07DB039B1A68049B95
:103450001A44039B1A60049B04E0049B13F1040FBD
:10346000EBD0049B184607B05DF804FB82B00190D6
:10347000019B084A5A60019B074A9A60019B0022FF
:103480001A60019B00221A61019B044ADA6000BFA6
:1034900002B07047C533030813340308710D0108E7
:1034A00000B585B00190019B039300230293039B19
:1034B0001B699B68039A1069039A02F11801039A29
:1034C000526998470290029B002B02DB039B00226B
:1034D0005A61029B184605B05DF804FB00B587B041
:1034E000039002910192039B0493019B0593049B1B
:1034F0005A69019B1344402B11D8049B03F1180215
:10350000049B5B691344019A02991846DEF76BFE2F
:10351000049B5A69019B1A44049B5A610FE0039B68
:10352000DB680398984703460593049B1B699B68D7
:10353000049A1069019A0299984703460593059BDE
:10354000184607B05DF804FB00B585B00190009106
:10355000009BDBB28DF80F300DF10F0301221946ED
:103560000198FFF7BBFF00BF05B05DF804FB00004A
:1035700082B001900091019B094A5A60019B094A5F
:103580009A60019B084ADA60019B00221A60019B45
:10359000009A1A61019B00225A6100BF02B0704775
:1035A00049350308DD340308A134030870B5C8B0F9
:1035B00048AEA6F58A76306048A8A0F58C70016008
:1035C00048A9A1F58E710A601A4648ABA3F21D13F3
:1035D0001A700A23409300233F9300233E93002355
:1035E0003D9300233C9300233B930023449300230B
:1035F00043930023429300238DF8163100238DF866
:1036000017310023469348ABA3F58A731B681B68E8
:103610002B9348ABA3F58C731B68002B04D148ABEC
:10362000A3F58C7327AA1A6048ABA3F58A731B68AD
:103630005B6848AAA2F58A721068984703462793E8
:1036400000F0B1BF48ABA3F58E731B681B7818461A
:10365000DFF706F80346002B1DD00BE048ABA3F5BF
:103660008A731B685B6848AAA2F58A72106898473B
:1036700003462793279B1846DEF7F2FF0346002BED
:10368000ECD108E048ABA3F58E7348AAA2F58E7280
:10369000126801321A6048ABA3F58E731B681B7861
:1036A0001846DEF7DDFF0346002BEBD148ABA3F550
:1036B0008E731B681B78252B40F0548748ABA3F50D
:1036C0008E7348AAA2F58E72126801321A60DEE08B
:1036D00048ABA3F58E731B681B7819469248DEF73A
:1036E000E4FD0346002B0BD048ABA3F58E731B689B
:1036F0001B78252B00F0D48001238DF81631CFE004
:1037000048ABA3F58E731B681B782A2B03D10123CA
:103710008DF81731B2E048ABA3F58E731B681B78A8
:103720006C2B06D048ABA3F58E731B681B784C2B13
:103730001ED10123469348ABA3F58E731B6801335A
:103740001B786C2B08D048ABA3F58E731B68013334
:103750001B784C2B40F08F800223469348ABA3F597
:103760008E7348AAA2F58E72126801321A6082E046
:1037700048ABA3F58E731B681B787A2B02D101230B
:1037800046937BE048ABA3F58E731B681B786A2BCE
:1037900002D10223469371E048ABA3F58E731B68F8
:1037A0001B78682B06D048ABA3F58E731B681B787B
:1037B000482B1FD14FF0FF33469348ABA3F58E73D0
:1037C0001B6801331B78682B07D048ABA3F58E73B9
:1037D0001B6801331B78482B4FD16FF001034693D0
:1037E00048ABA3F58E7348AAA2F58E721268013217
:1037F0001A6042E048ABA3F58E731B681B78302B30
:103800003CD948ABA3F58E731B681B78392B35D890
:1038100048ABA3F58E731B682A9308E048ABA3F569
:103820008E7348AAA2F58E72126801321A6048ABF4
:10383000A3F58E731B681B78303B092BEED948AB80
:10384000A3F58E731A682A9BD31A01331A4607AB65
:103850002A991846DEF778FC07AB1846FFF740FBBD
:10386000429048ABA3F58E7348AAA2F58E721268F7
:10387000013A1A6002E000BF00E000BF48ABA3F5C8
:103880008E7348AAA2F58E72126801321A6048AB94
:10389000A3F58E731B681B78002B7FF419AF00E033
:1038A00000BF48ABA3F58E731B681B78732B7ED1CA
:1038B000002347939DF8173183F00103DBB2002BFF
:1038C00023D048ABA3F21D131B78002B04D04C9BD4
:1038D0001A1D4C921B6807E04C9A429B13444C9370
:1038E0004C9A429B5B4213444793479B00221A70B9
:1038F0000BE048ABA3F58A731B685B6848AAA2F586
:103900008A721068984703462793279B1846DEF76C
:10391000A7FE0346002BECD1279B002B40F311861A
:10392000002341931EE000BF180105089DF81731E0
:1039300083F00103DBB2002B05D02799419B479A06
:103940001344CAB21A70419B0133419348ABA3F5AB
:103950008A731B685B6848AAA2F58A721068984748
:1039600003462793429B002B03D0419A429B9A42E5
:1039700009DA279B002B06DD279B1846DEF770FE31
:103980000346002BD2D09DF8173183F00103DBB240
:10399000002B07D0419B479A134400221A70449B86
:1039A00001334493439B0133439300F0CABD48ABBA
:1039B000A3F58E731B681B78632B6AD10023479392
:1039C0009DF8173183F00103DBB2002B16D048AB12
:1039D000A3F21D131B78002B04D04C9B1A1D4C9294
:1039E0001B6807E04C9A429B13444C934C9A429BB1
:1039F0005B4213444793479B00221A70279B002B7E
:103A000040F39F85429B002B01D101234293002369
:103A100041931BE09DF8173183F00103DBB2002BCB
:103A200005D02799419B479A1344CAB21A70419B0B
:103A30000133419348ABA3F58A731B685B6848AABE
:103A4000A2F58A721068984703462793419A429BD1
:103A50009A4202DA279B002BDCDC419A429B9A4275
:103A600008D0279A48ABA3F58C731B681A60449B57
:103A700000F0BBBD9DF8173183F00103DBB2002BD2
:103A800002D0449B01334493439B0133439300F0A2
:103A900058BD48ABA3F58E731B681B781946A84820
:103AA000DEF703FC0346002B00F049839DF8173135
:103AB00083F00103DBB2002B00F08C80469B0233C5
:103AC000042B4CD801A252F823F000BFE13A0308BE
:103AD0000B3B0308353B03085F3B0308893B0308A6
:103AE00048ABA3F21D131B78002B04D04C9B1A1D6E
:103AF0004C921B6804E04C9B01334C934C9B013B64
:103B00003B933B9B00221A7057E048ABA3F21D1376
:103B10001B78002B04D04C9B1A1D4C921B6804E0B0
:103B20004C9B02334C934C9B023B3C933C9B0022AE
:103B30001A8042E048ABA3F21D131B78002B04D07F
:103B40004C9B1A1D4C921B6804E04C9B04334C9315
:103B50004C9B043B3D933D9B00221A602DE048ABFB
:103B6000A3F21D131B78002B04D04C9B1A1D4C9202
:103B70001B6804E04C9B04334C934C9B043B3E93EA
:103B80003E9B00221A6018E048ABA3F21D131B787D
:103B9000002B04D04C9B1A1D4C921B6804E04C9BDC
:103BA00008334C934C9B083B3F933F994FF00002E6
:103BB0004FF00003C1E9002300BF0BE048ABA3F5C1
:103BC0008A731B685B6848AAA2F58A7210689847D6
:103BD00003462793279B1846DEF742FD0346002B3A
:103BE000ECD1279B002B40F3AC84002337934FF09C
:103BF00000024FF00003CDE93423429B002B02D09A
:103C0000429B7F2B01D97F234293002341930023C2
:103C1000399300238DF8E33000238DF8EB3048AB67
:103C2000A3F58E731B681B78583B202B44D801A248
:103C300052F823F0F93D0308B93C0308B93C0308E6
:103C4000B93C0308B93C0308B93C0308B93C030874
:103C5000B93C0308B93C0308B93C0308F93E030822
:103C6000B93C0308B93C0308B93C0308B93C030854
:103C7000B93C0308B93C0308153F0308B93C0308E5
:103C8000B93C0308B93C0308B93C0308B93C030834
:103C9000793E0308F93D0308B93C0308B93C030821
:103CA000B93C0308B93C0308253D0308B93C0308A7
:103CB000B93C0308F93D030801238DF8EB3031E0EE
:103CC000279B2D2B02D0279B2B2B06D1419B002B12
:103CD0000CD001238DF8E33008E0279B2F2B02DD69
:103CE000279B392B02DD01238DF8E3309DF8E3306B
:103CF00083F00103DBB2002B14D02799419B5A1C9F
:103D00004192C9B248AAA2F58272D15448ABA3F538
:103D10008A731B685B6848AAA2F58A721068984784
:103D200003462793419A429B9A4206DA9DF8E33074
:103D300083F00103DBB2002BC2D10A2340936BE175
:103D400030010508279B2D2B02D0279B2B2B06D15A
:103D5000419B002B34D001238DF8E33030E0279BCA
:103D6000302B05D1399B002B2AD10123399327E031
:103D7000279B782B02D0279B582B09D1399B012BED
:103D800002D1022339931BE001238DF8E33017E0C1
:103D9000279B2F2B02DD279B392B0FDD279B602BC9
:103DA00002DD279B662B09DD279B402B02DD279B2D
:103DB000462B03DD01238DF8E33001E00223399324
:103DC0009DF8E33083F00103DBB2002B14D0279978
:103DD000419B5A1C4192C9B248AAA2F58272D154A1
:103DE00048ABA3F58A731B685B6848AAA2F58A7280
:103DF0001068984703462793419A429B9A4206DAF5
:103E00009DF8E33083F00103DBB2002B9AD110233D
:103E1000409301E1279B2D2B02D0279B2B2B06D112
:103E2000419B002B0CD001238DF8E33008E0279B49
:103E30002F2B02DD279B372B02DD01238DF8E3308A
:103E40009DF8E33083F00103DBB2002B14D02799F7
:103E5000419B5A1C4192C9B248AAA2F58272D15420
:103E600048ABA3F58A731B685B6848AAA2F58A72FF
:103E70001068984703462793419A429B9A4206DA74
:103E80009DF8E33083F00103DBB2002BC2D108239D
:103E90004093C1E0279B2D2B02D0279B2B2B06D1D3
:103EA000419B002B0CD001238DF8E33008E0279BC9
:103EB0002F2B02DD279B312B02DD01238DF8E33010
:103EC0009DF8E33083F00103DBB2002B14D0279977
:103ED000419B5A1C4192C9B248AAA2F58272D154A0
:103EE00048ABA3F58A731B685B6848AAA2F58A727F
:103EF0001068984703462793419A429B9A4206DAF4
:103F00009DF8E33083F00103DBB2002BC2D1022322
:103F1000409381E001238DF8EB300A2340936FE05A
:103F2000279B2D2B02D0279B2B2B06D1419B002BAF
:103F30004AD001238DF8E33046E0279B302B07D190
:103F4000399B002B40D101233993082340933BE058
:103F5000279B782B02D0279B582B0BD1399B012B09
:103F600004D102233993102340932DE001238DF8CF
:103F7000E33029E0279B2F2B05DD279B372B02DC25
:103F8000409B072B1EDC279B372B05DD279B392BFE
:103F900002DC409B092B15DC279B602B05DD279B52
:103FA000662B02DC409B102B0CD0279B402B05DDA1
:103FB000279B462B02DC409B102B03D001238DF85E
:103FC000E33001E0022339939DF8E33083F00103ED
:103FD000DBB2002B14D02799419B5A1C4192C9B2E5
:103FE00048AAA2F58272D15448ABA3F58A731B6824
:103FF0005B6848AAA2F58A7210689847034627931F
:10400000419A429B9A4206DA9DF8E33083F001031D
:10401000DBB2002B84D100BF48ABA3F58272419B79
:10402000134400221A70DBF765FF03461B682893D0
:10403000DBF760FF034600221A60469B022B14D078
:104040009DF8EB30002B08D006A907AB409A184624
:10405000DCF77CFC034637931FE006A907AB409AC8
:104060001846DCF7E2FC379017E09DF8EB30002BA8
:104070000AD006A907AB409A184601F06BFF02462A
:104080000B46CDE9342307E006A907AB409A184652
:1040900001F0F2FFCDE9340100BF48ABA3F5847312
:1040A0001A6807AB9A4205D0DBF724FF03461B686A
:1040B000222B07D1279A48ABA3F58C731B681A6093
:1040C000449B92E2DBF716FF0246289B13609DF8A3
:1040D000173183F00103DBB2002B2CD0469B023357
:1040E000042B1BD801A252F823F000BF01410308A2
:1040F0000B410308154103081D410308254103082E
:10410000379BDAB23B9B1A7012E0379B9AB23C9B0A
:104110001A800DE03D9B379A1A6009E03E9B379A62
:104120001A6005E03F99DDE93423C1E9002300BFAF
:10413000449B01334493439B0133439301E248ABD7
:10414000A3F58E731B681B781946A048DEF7ADF8FF
:104150000346002B00F03C8100233393002332936D
:104160009DF8173183F00103DBB2002B3DD0469B55
:10417000002B18DD48ABA3F21D131B78002B04D0D5
:104180004C9B1A1D4C921B6804E04C9B08334C93CB
:104190004C9B083B339333994FF000024FF00003E0
:1041A000C1E9002321E048ABA3F21D131B78002BCB
:1041B00004D04C9B1A1D4C921B6804E04C9B0433AA
:1041C0004C934C9B043B3293329B4FF000021A609D
:1041D0000BE048ABA3F58A731B685B6848AAA2F59D
:1041E0008A721068984703462793279B1846DEF784
:1041F00037FA0346002BECD1279B002B40F3A1811B
:10420000429B002B02D0429B7F2B01D97F234293FC
:104210000023419300238DF8C73000238DF8C5306B
:1042200000238DF8C63000238DF8C4306AE0279B48
:104230002D2B02D0279B2B2B0ED19DF8C53083F060
:104240000103DBB2002B03D001238DF8C5303DE024
:1042500001238DF8C43039E0279B2E2B11D19DF816
:10426000C63083F00103DBB2002B06D001238DF8AA
:10427000C63001238DF8C53028E001238DF8C43005
:1042800024E0279B652B02D0279B452B11D19DF85D
:10429000C73083F00103DBB2002B06D001238DF879
:1042A000C73000238DF8C53010E001238DF8C430ED
:1042B0000CE0279B2F2B02DD279B392B03DD0123ED
:1042C0008DF8C43002E001238DF8C5309DF8C4306C
:1042D00083F00103DBB2002B14D02799419B5A1CB9
:1042E0004192C9B248AAA2F58272D15448ABA3F553
:1042F0008A731B685B6848AAA2F58A72106898479F
:1043000003462793419A429B9A4206DA9DF8C430AD
:1043100083F00103DBB2002B89D148ABA3F5827295
:10432000419B134400221A70DBF7E4FD03461B682F
:104330002993DBF7DFFD034600221A60469B002B22
:1043400008DD05AA07AB1146184602F0C7FD8DED42
:104350002E0B07E005AA07AB1146184602F0ACFD8C
:104360008DED2D0A48ABA3F586731A6807AB9A4208
:1043700005D0DBF7BFFD03461B68222B07D1279A28
:1043800048ABA3F58C731B681A60449B2DE1DBF7E7
:10439000B1FD0246299B13609DF8173183F001039C
:1043A000DBB2002B0ED0469B002B05DD3399DDE9F7
:1043B0002E23C1E9002302E0329B2D9A1A60449B10
:1043C00001334493439B01334393BAE03C01050816
:1043D00048ABA3F58E731B681B786E2B40F09B8057
:1043E0009DF8173183F00103DBB2002B00F08F80C2
:1043F00048ABA3F58A731B681A682B9BD31A2C93BE
:10440000279B002B02DD2C9B013B2C93469B023308
:10441000042B4ED801A252F823F000BF3144030808
:104420005D44030889440308B3440308DD440308DA
:1044300048ABA3F21D131B78002B04D04C9B1A1D14
:104440004C921B6804E04C9B01334C934C9B013B0A
:104450003B932C9BDAB23B9B1A7058E048ABA3F21B
:104460001D131B78002B04D04C9B1A1D4C921B680B
:1044700004E04C9B02334C934C9B023B3C932C9BA3
:104480009AB23C9B1A8042E048ABA3F21D131B7802
:10449000002B04D04C9B1A1D4C921B6804E04C9BD3
:1044A00004334C934C9B043B3D933D9B2C9A1A60E8
:1044B0002DE048ABA3F21D131B78002B04D04C9BBE
:1044C0001A1D4C921B6804E04C9B04334C934C9B8C
:1044D000043B3E933E9B2C9A1A6018E048ABA3F233
:1044E0001D131B78002B04D04C9B1A1D4C921B688B
:1044F00004E04C9B08334C934C9B083B3F932C9B14
:1045000000221C4615463F9BC3E9004500BF439B64
:104510000133439315E048ABA3F58E731B681B78FA
:10452000252B0ED1279B252B46D148ABA3F58A73AB
:104530001B685B6848AAA2F58A7210689847034610
:1045400027930023429300238DF8173100234693CD
:1045500048ABA3F58E7348AAA2F58E721268013299
:104560001A6020E0279B002B28DD48ABA3F58E7353
:104570001B681B781A46279B9A4221D148ABA3F5AA
:104580008E7348AAA2F58E72126801321A6048AB87
:10459000A3F58A731B685B6848AAA2F58A72106843
:1045A00098470346279348ABA3F58E731B681B7887
:1045B000002B7FF447A804E000BF02E000BF00E04A
:1045C00000BF279A48ABA3F58C731B681A60439B06
:1045D000002B06D19DF8163183F00103DBB2002BCE
:1045E00001D0449B01E04FF0FF33184648B070BD46
:1045F00000B589B00590049103920293029B069343
:10460000069B00930123039A04990598FEF7CEFFB9
:104610000790079B184609B05DF804FB00B585B00C
:10462000019000910023039302E0039B0133039365
:10463000019A039B13441B78002B0AD0019A039B19
:1046400013441B7819460098DDF72FFE0346002B14
:10465000EBD0039B184605B05DF804FB00B585B0B0
:1046600001900198DDF7C1FE0346013303930398DF
:10467000DEF7A8F903460293029B002B04D0039AAD
:1046800001990298DDF7AFFD029B184605B05DF871
:1046900004FB00B585B001900198DDF7A6FE034646
:1046A000013303930398DEF78DF903460293029BCF
:1046B000002B04D0039A01990298DDF745FD029B77
:1046C000184605B05DF804FB10B584B00390029164
:1046D000019200241BE0039B1B78184601F00AFCA2
:1046E0000446029B1B78184601F004FC0346E41ABA
:1046F000002C0FD1039B1B78002B0BD0039B0133A5
:104700000393029B01330293019B013B0193019BA5
:10471000002BE0D12346184604B010BD00B583B08D
:1047200001900091044A0099019800F007F80346AF
:10473000184603B05DF804FB644F002400B587B051
:1047400003900291019200230493039B002B02D05B
:10475000039B059310E0019B002B07D0019B1B6876
:10476000002B03D0019B1B68059301E000233AE076
:1047700002E0059B01330593059B1B78002B08D0B5
:10478000059B1B7819460298DDF78FFD0346002B29
:10479000EFD1059B1B78002B01D1002323E0059B63
:1047A0000133049302E0049B01330493049B1B78C0
:1047B000002B08D0049B1B7819460298DDF775FD85
:1047C0000346002BEFD0049B1B78002B04D0049BE6
:1047D0005A1C049200221A70019B002B02D0019BEC
:1047E000049A1A60059B184607B05DF804FB00B5F3
:1047F00087B0039002910192039A029B9A4205D8D6
:10480000019A02990398DDF7EEFC17E0039A019BE9
:1048100013440593029A019B1344049309E0049BFB
:10482000013B0493059B013B0593049B1A78059B70
:104830001A70019B5A1E0192002BF0D1039B18465F
:1048400007B05DF804FB00B589B0039002910192B6
:10485000039B0693029B0593019B079302E0039B36
:1048600001330393079B5A1E0792002B03D0039B2F
:104870001B78002BF3D1039A069BD31A0493019A59
:10488000049BD31A0793079B5A1E0792002B15D13E
:104890000298DDF7AAFD0246049B13441BE0079B28
:1048A000002B08D0039B5A1C0392029A12781A70AC
:1048B000079B013B0793029B01330293029B1B78EA
:1048C000002BECD1039B00221A70029A059BD31A8D
:1048D0001A46049B1344184609B05DF804FB88B0DF
:1048E000039002910192039B0793029B0693019B05
:1048F000032B37D9079A069B134303F00303002BBE
:1049000030D1079B0593069B04930EE0059B1A6824
:10491000049B1B689A420CD1059B04330593049BAE
:1049200004330493019B043B0193019B032BEDD8BB
:1049300000E000BF059B0793049B069312E0079BD2
:104940001A78069B1B789A4206D0079B1B781A465A
:10495000069B1B78D31A0BE0079B01330793069B3A
:1049600001330693019B5A1E0192002BE7D10023CD
:10497000184608B0704784B001900091019A009BDE
:10498000134303F00303002B29D1019B0393009BE6
:10499000029313E0039B1B68A3F10132039B1B6886
:1049A000DB43134003F08033002B01D0002326E0CB
:1049B000039B04330393029B04330293039B1A6803
:1049C000029B1B689A42E5D0039B0193029B0093D4
:1049D00005E0019B01330193009B01330093019B90
:1049E0001B78002B05D0019B1A78009B1B789A42FC
:1049F000EFD0019B1B781A46009B1B78D31A1846F0
:104A000004B0704788B0039002910192039B079312
:104A1000029B0693069A079B134303F00303002BA4
:104A200034D1019B032B31D9079B0593069B04933B
:104A30000AE0019B043B0193049A131D0493059B18
:104A4000191D059112681A60019B032B0BD9049B59
:104A50001B68A3F10132049B1B68DB43134003F086
:104A60008033002BE5D0059B0793049B06930DE054
:104A7000019B013B0193069A531C0693079B591C0B
:104A8000079112781A701B78002B03D0019B002B22
:104A9000EED106E000BF04E0079B5A1C07920022FB
:104AA0001A70019B5A1E0192002BF5D1039B1846E8
:104AB00008B0704786B001900091019B0593009B60
:104AC0000493049A059B134303F00303002B1CD1AA
:104AD000059B0393049B029307E0029A131D029324
:104AE000039B191D039112681A60029B1B68A3F1B6
:104AF0000132029B1B68DB43134003F08033002B21
:104B0000EBD0039B0593029B049300BF049A531CB4
:104B10000493059B591C059112781A701B78002B81
:104B2000F4D1019B184606B0704786B003900291FD
:104B30000192019B002B01D1002353E0039A029BB9
:104B4000134303F00303002B3BD1039B0593029B0C
:104B5000049319E0019B043B0193019B002B0BD0B4
:104B6000059B1B68A3F10132059B1B68DB431340C7
:104B700003F08033002B01D0002333E0059B043386
:104B80000593049B04330493019B032B05D9059BD8
:104B90001A68049B1B689A42DCD0059B0393049B14
:104BA00002930EE0019B002B03D0039B1B78002B8C
:104BB00001D1002316E0039B01330393029B0133D1
:104BC0000293019B5A1E0192002B05D0039B1A7879
:104BD000029B1B789A42E5D0039B1B781A46029BE6
:104BE0001B78D31A184606B0704700B585B00190FF
:104BF000009100230393009B002B0ED004E0019B47
:104C00000393019B0133019300990198DDF74DFB5C
:104C10000190019B002BF2D104E000990198DDF78F
:104C200044FB0390039B184605B05DF804FB00B5F8
:104C30008BB0019002AB1946019800F008F80346CA
:104C4000DB43DB0FDBB218460BB05DF804FB00B5AD
:104C500083B001900091009B1A4640F20111019827
:104C6000F3F740FE0346184603B05DF804FB00B5B9
:104C700085B0039002910192029B002B02D0039811
:104C800002F04CF9029B022B03D10021039802F0A1
:104C900035F9019B1A464FF481710398F3F722FE10
:104CA0000346184605B05DF804FB000082B0019091
:104CB000019B03F00303002B1CD1019A114B83FBD2
:104CC00002135911D317CB1A642101FB03F3D31A32
:104CD000002B0DD1019A0B4B83FB0213D911D31773
:104CE000CB1A4FF4C87101FB03F3D31A002B01D187
:104CF000012300E0002303F00103DBB2184602B0F9
:104D0000704700BF1F85EB5100B587B00190019B34
:104D1000DB69D81D019B9B699A1D484B83FB0213DD
:104D200013449910D317C91A0B46DB005B1AD11A2A
:104D3000431A424A82FB03121A449210DB17D31A19
:104D40000593019B9B6903F27312019BDB69D31AE4
:104D50009A1E3A4B83FB021313449910D317C91AB6
:104D60000B46DB005B1AD11A022902DC059B0133DA
:104D70000593059B002B32D134230593019B9B693E
:104D8000DA1D019BDB69D31A5A1E2C4B83FB0213DD
:104D900013449910D317C91A0B46DB005B1AD31AB8
:104DA0000393039B042B16D0039B052B40D1019B3F
:104DB0005A69234B83FB0213D911D317CB1A4FF433
:104DC000C87101FB03F3D31A013B1846FFF76EFFCE
:104DD0000346002B2CD0059B0133059328E0059B4F
:104DE000352B25D1019B9B6903F27312019BDB6973
:104DF000D21A124B83FB021313449910D317C91A0A
:104E00000B46DB005B1AD31A0493049B042B0FD0D0
:104E1000049B032B0AD1019B5B691846FFF746FFF1
:104E2000034683F00103DBB2002B01D0012305937D
:104E3000059B184607B05DF804FB00BF9324499218
:104E40001F85EB5100B585B001900198FFF75CFF1D
:104E50000290019B5B6903F26C730393019BDB6916
:104E6000022B06DC029B012B03D0039B013B039327
:104E70000AE0019BDB69B3F5B47F05DD029B012BE2
:104E800002D1039B01330393039B184605B05DF8E1
:104E900004FB0000F0B59DB00790069105920493C5
:104EA000079B1A93069B1993C7E3059B1B78252B39
:104EB0000BD0059A531C05931A9B591C1A91127812
:104EC0001A70199B013B1993B7E3059B01330593B6
:104ED00000231893059B5A1C05921B78253B552BE4
:104EE00000F2A38301A252F823F000BF0D5603087D
:104EF0002B5603082B5603082B5603082B56030882
:104F00002B5603082B5603082B5603082B56030871
:104F10002B5603082B5603082B5603082B56030861
:104F20002B5603082B5603082B5603082B56030851
:104F30002B5603082B5603082B5603082B56030841
:104F40002B5603082B5603082B5603082B56030831
:104F50002B5603082B5603082B5603086B500308E7
:104F6000B7500308DD5003082B560308D54E03083D
:104F70001F510308735103088B5103089D51030807
:104F80002B5603082B5603082B560308A55203087B
:104F90002B560308D54E0308195303082B56030854
:104FA000A5530308F9530308175403085954030879
:104FB00085540308AF54030817550308995503088F
:104FC0002B5603082B5603082B5603082B560308B1
:104FD0002B5603082B5603082B560308455003088D
:104FE000915003082B560308FB5003080D5103088A
:104FF0002B56030845510308915003082B5603080C
:10500000EB5103083152030843520308915203083D
:10501000B75203082B560308C35203082B56030844
:105020003B530308BF5303080B54030837540308CA
:105030002B5603089D540308F354030837550308FF
:10504000AF550308049B9B69062B00F3E582049B84
:105050009B699F4A52F823301B9319991B9B9D4AC9
:105060001A98DBF73AFC1890D6E2049B9B69062B52
:1050700000F3D482049B9B69974A52F823301B9318
:1050800019991B9B934A1A98DBF727FC1890C5E2E5
:10509000049B1B690B2B00F3C382049B1B698F4A83
:1050A00052F823301B9319991B9B8A4A1A98DBF7F5
:1050B00014FC1890B4E2049B1B690B2B00F3B28222
:1050C000049B1B69864A52F823301B9319991B9B3A
:1050D000804A1A98DBF701FC1890A3E21999049B07
:1050E0005B69804A82FB03025211DB17D31A7E4AA6
:1050F0001A98DBF7F2FB189097E21999049BDB688A
:10510000794A1A98DBF7E9FB18908EE21999049B0B
:10511000DB68764A1A98DBF7E0FB189085E219996C
:10512000049B5B6903F26C70049B1B690133049A56
:10513000D2680192009303466D4A1A98DBF7CDFBC3
:10514000189072E20498FFF77DFE0346654A82FBE1
:1051500003125111DA178A1A642101FB02F29B1A19
:1051600014931999149B604A1A98DBF7B6FB1890B0
:105170005BE2199C0498FFF765FE03465D4A2146F1
:105180001A98DBF7AAFB18904FE21999049B9B68C9
:10519000554A1A98DBF7A1FB189046E21998049B30
:1051A0009968554B83FB01235A10CB17D21A13462B
:1051B0005B0013449B00CA1A002A0DD0049B996817
:1051C0004D4B83FB01235A10CB17D21A13465B00B9
:1051D00013449B00CA1A00E00C221346424A0146BF
:1051E0001A98DBF77AFB18901FE2049B1B690B2BC4
:1051F00000F31A82049B1C69049B5B691846DDF767
:10520000A7F90346002B14BF01230023DBB2194684
:105210002046DDF783F90246049BDB6813441493B0
:105220001999149B354A1A98DBF757FB1890FBE144
:105230001999049B9B682D4A1A98DBF74EFB18902E
:10524000F3E11998049B99682B4B83FB01235A10B7
:10525000CB17D21A13465B0013449B00CA1A002ACC
:105260000DD0049B9968244B83FB01235A10CB1764
:10527000D21A13465B0013449B00CA1A00E00C22AA
:1052800013461A4A01461A98DBF727FB1890CCE11F
:105290001999049B1B690133134A1A98DBF71DFB0C
:1052A0001890C2E11999049B5B680F4A1A98DBF7C2
:1052B00014FB1890B9E11A9B0A221A700123189363
:1052C000B3E1049B9B680B2B1CDD0D4B1B931BE078
:1052D000D002050840020508EC020508080305088D
:1052E000380305081F85EB51440205084C020508E8
:1052F0005002050860020508ABAAAA2A6802050840
:1053000070020508964B1B9319991B9B954A1A9896
:10531000DBF7E3FA189088E1049B9B680B2B02DD16
:10532000914B1B9301E0914B1B9319991B9B8D4A49
:105330001A98DBF7D2FA189077E1049B9B680B2B45
:1053400002DD894B1B9301E0884B1B93049B9B68F8
:105350000C2B08D1049B9B680C2B0CBF0123002352
:10536000DBB21A460CE0049B9968814B83FB012356
:105370005A10CB17D21A13465B0013449B00CA1A6B
:1053800014921998049B5B68049A12681B99029105
:1053900001920093149B774A01461A98DBF79DFA15
:1053A000189042E11999049B9A68049B5B680093EA
:1053B0001346714A1A98DBF790FA189035E1049B6E
:1053C00009AC1D460FCD0FC40FCD0FC495E80700E3
:1053D00084E80700199C09AB184600F0CEFA034692
:1053E00000221E461746CDE90067644A21461A98F6
:1053F000DBF773FA189018E11999049B1B68604A4F
:105400001A98DBF76AFA18900FE11A9B09221A70B2
:105410000123189309E11999049B9868049B5B6820
:10542000049A1268019200930346564A1A98DBF7D1
:1054300054FA1890F9E0049B9B69002B02D0049B5E
:105440009B6900E0072314931999149B4E4A1A98FC
:10545000DBF743FA1890E8E0049BDB69DA1D049B54
:105460009B69D31A494A82FB03121A449210DB1734
:10547000D31A14931999149B414A1A98DBF72DFA01
:105480001890D2E00498FFF73FFC14901999149BF0
:105490003B4A1A98DBF721FA1890C6E01999049B49
:1054A0009B69394A1A98DBF718FA1890BDE0049BFB
:1054B000DB69D81D049B9B699A1D344B83FB021347
:1054C00013449910D317C91A0B46DB005B1AD11A83
:1054D000431A2E4A82FB03121A449210DB17D31A86
:1054E00014931999149B264A1A98DBF7F6F9189029
:1054F0009BE01999049B1869049BDB68049A526924
:1055000002F26C72019200930346214A1A98DBF76B
:10551000E4F9189089E01999049B9868049B5B68EA
:10552000049A1268019200930346164A1A98DBF710
:10553000D4F9189079E01998049B5B69154A82FBAD
:1055400003125111DA178A1A642101FB02F29A1A26
:1055500013460B4A01461A98DBF7BFF9189064E02E
:105560007402050840020508780205087C02050857
:10557000ABAAAA2A8002050894020508A002050821
:1055800044020508A4020508B402050893244992C0
:10559000B80205081F85EB511999049B5B6903F25A
:1055A0006C73314A1A98DBF798F918903DE0049B28
:1055B0005B6A2E4A82FB03121A44D212DB17D31AFB
:1055C0001793049B5A6A294B83FB02131344D91285
:1055D000D317CB1A4FF4616101FB03F3D31A244AAA
:1055E00082FB03121A445211DB17D31A1693179B2E
:1055F000642202FB03F3169A134415931999159B21
:105600001C4A1A98DBF769F918900EE01A9B2522BC
:105610001A700123189308E000BF06E000BF04E001
:1056200000BF02E000BF00E000BF189B1A9A1344BD
:105630001A93199A189BD31A1993059B1B78002B60
:1056400003D0199B002B3FF730AC199B002B06DDD4
:105650001A9B00221A70199B069AD31A00E00023A5
:1056600018461DB0F0BD00BF60020508C5B3A29189
:1056700089888888C802050800B587B0019003AB07
:1056800019460020F9F790FD0590059B002B07D1E6
:10569000019B002B02D0039A019B1A60039B01E03F
:1056A0004FF0FF33184607B05DF804FB84B0039059
:1056B000029101920AE0029B1A68019B1A44029B24
:1056C0001A60039B1B685A1E039B1A60029B1B688F
:1056D000002BF0DB0AE0029B1A68019BD21A029BA6
:1056E0001A60039B1B685A1C039B1A60029B1B6871
:1056F000019A9A42EFDD00BF00BF04B0704700007E
:1057000010B584B0019000238DF80F30019B03F198
:105710001400019B10330C221946FFF7C7FF019BB1
:105720005B6903F26C7302930298DCF711FF034686
:10573000002B14BF012300238DF80F3029E0019BBB
:105740001B695A1E019B1A61019B1B69002B0FDA12
:10575000019BD9689DF80F206E4813465B001344E7
:105760001B0103442C331B68CA18019BDA6014E048
:10577000019BD9689DF80F20019B1869654C134661
:105780005B0013449B00034454F82330CA18019B68
:10579000DA60019BDB68002BD1DD019B1B69002BCC
:1057A000C0F28E8019E0019BD9689DF80F20019B03
:1057B0001869584C13465B0013449B00034454F88B
:1057C0002330CA1A019BDA60019B1B695A1C019B9A
:1057D0001A61019B1B690B2B10DC019BD9689DF89A
:1057E0000F20019B18694B4C13465B0013449B0030
:1057F000034454F823309942D5DC00E000BF019BFC
:105800001B690B2B5EDC019B043301993C2218467B
:10581000FFF74CFF019B03F10800019B04333C227E
:105820001946FFF743FF0EE0019B9B6803F1180246
:10583000019B9A60019BDB685A1E019BDA60019B09
:10584000DB68002B04DD019B9B68002BECDB00E098
:1058500000BF019BDB68002B36DD1AE0019B9B68D3
:10586000A3F11802019B9A60019BDB685A1C019B03
:10587000DA60019BD9689DF80F20019B1869254CBF
:1058800013465B0013449B00034454F823309942B1
:1058900004DC019B9B68172BE0DC00E000BF019B50
:1058A000D9689DF80F20019B18691A4C13465B00BC
:1058B00013449B00034454F82330994206DD04E06E
:1058C00000BF23E700BF21E700BF1FE700BF029B27
:1058D000A3F26C72019B5A61019BDB685C1E019B09
:1058E0001B699DF80F2011461846DCF717FE03468A
:1058F000E218019BDA61019BD868019B1B690133A7
:10590000029A194601F018FB0246019B9A6100BFFA
:1059100004B010BD6803050800B585B0019001987A
:10592000FFF7EEFE019B5B6903F26C70019B196946
:10593000019BDB681A46DCF7C0FD0390039A13460F
:105940005B001344DB001A46019B9B681A44134614
:105950001B019B1A9B001A46019B5B681A44134665
:105960001B019B1A9B001A46019B1B681344029360
:10597000029B184605B05DF804FB00B583B00190AA
:105980000198FFF7C9FF0346184603B05DF804FB12
:1059900000B583B001900449019800F0B5F80346C2
:1059A000184603B05DF804FB684F002400B583B0CF
:1059B00001900198FFF7ECFF0346184603B05DF82D
:1059C00004FB000000B58BB003900291019200939C
:1059D000039B4C4AA2FB0323DB090993099B40F27A
:1059E000B55202FB03F31A46039B9B1A0393099BD0
:1059F0009B000993099B03F2B2731846DCF7A8FDDC
:105A00000346002B14BF012300238DF817309DF8A7
:105A10001730002B02D04FF4B77301E040F26D1342
:105A200006931DE0099B01330993069B039AD31A41
:105A30000393099B03F2B2731846DCF789FD034612
:105A4000002B14BF012300238DF817309DF8173069
:105A5000002B02D04FF4B77301E040F26D130693B0
:105A6000069B039A9A42DDD2099B03F2B272029B13
:105A70001A60002308930B230793089A079B13448B
:105A80005B100993099B01339DF8172011461846B6
:105A9000DCF744FD0690069B039A9A420ED29DF8CD
:105AA000173019460998DCF739FD0690069B039AD2
:105AB0009A420DD2099B013B079302E0099B0133F7
:105AC0000893089B0993089A079B9A42D5DB00E04C
:105AD00000BF9DF8173019460998DCF71FFD0346F3
:105AE0001A46039B9B1A0393099B5A1C019B1A603D
:105AF000039B01331A46009B1A6000BF0BB05DF890
:105B000004FB00BF73B06D1630B58BB001900091EF
:105B1000019B1B680993099B394AA2FB03231B0CB9
:105B20000893089B374A02FB03F3099AD31A099397
:105B3000099B354AA2FB0323DB0A0793079B4FF41B
:105B4000616202FB03F31A46099B9B1A0993099BA6
:105B50002E4AA2FB03235B090693069A13461B01F8
:105B60009B1A9B001A46099B9B1A0993099B059354
:105B700002AB03AA04A90898FFF724FF049BA3F231
:105B80006C72009B5A61039B5A1E009B1A61029A19
:105B9000009BDA60009B079A9A60009B069A5A6005
:105BA000009B059A1A60029B0399049A184601F01B
:105BB000C3F90246009B9A61029B5C1E009B1D6913
:105BC000049B1846DCF7C4FC0346002B14BF0123DA
:105BD0000023DBB219462846DCF7A0FC0346E21896
:105BE000009BDA61009B00221A62009B00225A622D
:105BF000009B00229A62009B18460BB030BD00BF8C
:105C000007452EC280510100C5B3A29189888888BA
:105C100000B583B00190009100990198FFF774FFDF
:105C20000346184603B05DF804FB000000B585B0DC
:105C300001900091019B002B09D0009B002B06D105
:105C4000DAF758F9034616221A60002335E0009B64
:105C5000002B02D140F2011300931A48F9F716FB0A
:105C60000390039B002B01D1174B03930398DCF7A0
:105C7000BCFB03460133009A9A4206D2DAF73AF99E
:105C8000034622221A60002317E0019B002B0ED14D
:105C90000098DCF797FE03460193019B002B06D189
:105CA000DAF728F903460C221A60002305E0009A6F
:105CB00003990198DCF748FA019B184605B05DF896
:105CC00004FB00BFC8030508CC03050800B587B076
:105CD0000590049103920023019300230093002375
:105CE000039A0499059801F07EFA0346184607B016
:105CF0005DF804FB00B583B001F0EFFB0190019B60
:105D0000184603B05DF804FB00B583B001F0E5FB75
:105D10000190019B0833184603B05DF804FB00B501
:105D200083B001F0DAFB0190019B0C33184603B0FD
:105D30005DF804FB00B589B0019000230793019B37
:105D4000002B1CD0019B04930023059302AB04AAF3
:105D500000210020D2F771FA0690069B002B0CDA86
:105D6000029B0793079A019B9A4206D2039B064A1D
:105D7000934202DD079B01330793079B00E000235A
:105D8000184609B05DF804FBFF64CD1D00B587B06F
:105D9000019000230593019B002B19D0019B0F4A12
:105DA000A2FB03239B0C0493049B0293049B0C4AC9
:105DB00002FB03F3019AD31A4FF47A7202FB03F346
:105DC000039302AA002300210020D2F736FA05909F
:105DD000059B184607B05DF804FB00BF83DE1B433C
:105DE00040420F0000B597B001900023159303AB1C
:105DF00019460198F3F798FE1490149B002B01DAD2
:105E0000149B3EE0059B03F47043B3F5804F07D02D
:105E1000DAF770F8034614221A604FF0FF3330E0CF
:105E20004FF48070FCF732FA1390139B002B04D0D0
:105E300013990198FDF7CCF91590139B002B02D014
:105E4000159B002B05D11398FCF778FA4FF0FF3320
:105E500017E00E48F9F71AFA1590159B002B01D19F
:105E60000B4B1593012215990A48D0F74BFF0122DD
:105E700013990648D0F746FF14901398FCF75EFA82
:105E8000149B184617B05DF804FB00BFD00305084B
:105E9000D4030508D803050800B585B0019000912A
:105EA00002210198F2F7B4FF0390039B002B02DA62
:105EB0004FF0FF3308E000990398F4F73BFD0290A0
:105EC0000398F2F783FB029B184605B05DF804FBCC
:105ED00000B585B001900198FCF7A6F80390039BEC
:105EE000002B02D0039B1B6800E00023184605B07E
:105EF0005DF804FB82B00190019B602B05DD019BE6
:105F00007A2B02DC019B203B00E0019B184602B08B
:105F1000704784B00190009100230393019B1B689C
:105F2000029304E0029B0393029B1B680293029B73
:105F3000002BF7D1039B002B03D0039B009A1A6020
:105F400002E0019B009A1A60009B00221A6000BFC9
:105F500004B0704730B58DB00390029101924FF0BC
:105F600000024FF00003CDE906234FF000024FF08E
:105F70000003CDE90A2300238DF82730039B002B73
:105F800060D003AB1846DCF7B0F8039B1B782D2BD1
:105F900003D0039B1B782B2B06D1039B1B788DF81A
:105FA0002730039B01330393039B019A0299184600
:105FB00000F062F8CDE906019DF827302D2B2FD196
:105FC0004FF000024FF00043CDE90423DDE9062342
:105FD000DDE90401904271EB03030BD2D9F78AFF8C
:105FE000034622221A604FF000024FF00043CDE931
:105FF0000A2327E0DDE90601DDE90423994208BF11
:10600000904206D0DDE906230021544261EB0305EE
:1060100003E04FF000044FF00045CDE90A4511E0E0
:10602000DDE90623002B09DAD9F764FF03462222B3
:106030001A604FF0FF326FF0004319E0DDE90623EC
:10604000CDE90A23029B002B10D09DF82730002BAE
:106050000CD0029B1B68013B1B789DF827209A42BD
:1060600004D1029B1B685A1E029B1A60DDE90A23B9
:10607000104619460DB030BD2DE9F04F93B0099090
:10608000089107924FF000024FF00003CDE9102372
:1060900000238DF83F30099B002B00F0AF8009AB47
:1060A0001846DCF722F8099B1B782D2B03D0099B9F
:1060B0001B782B2B06D1099B1B788DF83F30099B51
:1060C0000133099309AB19460798DAF751FD079098
:1060D000079B002B0BDAD9F70DFF034616221A6037
:1060E0004FF000024FF00003CDE9102386E0079B3C
:1060F000DA1700930192DDE900234FF0FF304FF0F3
:10610000FF31F8F76FFD02460B46CDE90C23079BE4
:10611000DA17029303924FF0FF304FF0FF31DDE9C1
:106120000223F8F75FFD13460B9340E0DDE91023EF
:10613000DDE90C01904271EB03030BD3DDE91001A3
:10614000DDE90C23994208BF90420FD10A9B0B9ABC
:106150009A420BDAD9F7CEFE034622221A604FF09C
:10616000FF324FF0FF33CDE910232BE0079BDA1706
:106170001E461746109B07FB03F2119B06FB03F319
:106180001344109AA2FB06452B441D460A9BDA17BE
:106190009846914614EB0803049345EB09030593D5
:1061A000DDE90423CDE91023099B01330993099B01
:1061B0001B7818460AAB1A460799DBF73FFF0346E0
:1061C000002BB3D102E0099B01330993099B1B7893
:1061D00018460AAB1A460799DBF730FF0346002B37
:1061E000F1D19DF83F302D2B08D1DDE9102300219E
:1061F000D2F1000A61EB030BCDE910AB089B002B39
:1062000010D09DF83F30002B09D0099B013B1B7833
:106210009DF83F209A4202D1099B013B0993099ABC
:10622000089B1A60DDE910231046194613B0BDE83B
:10623000F08F2DE9F00F8EB007900B468DF81B30D4
:10624000079B1B680D934FF000024FF00003CDE950
:106250000A2300238DF827300D9B5A1C0D921B78C2
:106260000C930C9B2B2B02D00C9B2D2B46D10D9B02
:106270001B78303B092B41D80C9B2D2B0CBF0123E5
:1062800000238DF827300D9B5A1C0D921B780C9320
:1062900034E0DDE90A6732463B464FF000004FF03C
:1062A0000001990041EA9271900002460B46941950
:1062B00043EB07052319029345EB05030393DDE93F
:1062C000024522462B460C99C81700910190DDE942
:1062D0000067314612EB0108394643EB0109B8F17A
:1062E0003003049349F1FF330593DDE90423CDE93D
:1062F0000A230D9B5A1C0D921B780C930C9B303B70
:10630000092BC6D90D9B013B0D939DF81B30002B2B
:1063100005D0079B002B02D0079B0D9A1A609DF8B1
:106320002730002B07D0DDE90A230021D2F1000A33
:1063300061EB030B01E0DDE90AAB52465B46104618
:1063400019460EB0BDE8F00F704784B001900B46BF
:106350008DF80330019B1B680393039B5A1C039227
:106360001B78029304E0039B5A1C03921B78029350
:10637000029B302BF7D0039B013B03939DF8033026
:10638000002B02D0019B039A1A60029B303B092B21
:106390008CBF01230023DBB2184604B0704786B0DF
:1063A0000346029101928DF80F30029B05939DF8F0
:1063B0000F30303B092B04D89DF80F30303B05934C
:1063C00018E09DF80F30602B08D99DF80F30662B30
:1063D00004D89DF80F30573B05930BE09DF80F3024
:1063E000402B07D99DF80F30462B03D89DF80F306E
:1063F000373B0593059A029B9A4201DB002309E093
:10640000019B1B68029A03FB02F2059B1A44019B45
:106410001A600123184606B07047F0B488B08DEDBD
:10642000040B8DED021BCDE90001DDE90023CDE970
:106430000623DDE90623002B37DADDE900230021FE
:10644000564261EB0307CDE900672EE0DDE900234A
:1064500002F00104002554EA050314D0DDE9062307
:10646000002B08DA9DED045B9DED026B85EE067B4B
:106470008DED047B07E09DED046B9DED027B26EE28
:10648000077B8DED047BDDE900014FF000024FF04A
:106490000003420842EAC1724B10CDE900239DED92
:1064A000027B27EE077B8DED027BDDE900231343A2
:1064B000CCD1DDE9042343EC172BB0EE470B08B039
:1064C000F0BC7047000000002DE9F04FA3B0099028
:1064D00008914FF000024FF00003CDE91623A04BC6
:1064E0000BAD1C460FCC0FC594E80F0085E80F00DC
:1064F000099B15934FF000024FF00003CDE91A23DA
:106500004FF000024FF00003CDE9182315AB012135
:106510001846FFF71AFF159A531C15931378219309
:106520000CE0DDE91A2312F1010A43F1000BCDE979
:106530001AAB159A531C159313782193219B303B6A
:10654000092BEED9219B2E2B41D1159B149315AB12
:1065500001211846FFF7F9FE0346002B10D0159BCA
:106560005A1C15921B782193DDE91A23511C0091C6
:1065700043F100030193DDE90034CDE91A3426E04C
:10658000149B1593159B5A1C15921B7821931AE0A6
:10659000DDE91A23511C029143F100030393DDE965
:1065A0000234CDE91A34DDE91823511E049143F178
:1065B000FF330593DDE90434CDE91834159B5A1CEB
:1065C00015921B782193219B303B092BE0D9219B0D
:1065D00043F02003652B31D1159B1B78303B092BF1
:1065E0000DD9159B1B782B2B03D0159B1B782D2BBE
:1065F00024D1159B01331B78303B092B1ED815ABDA
:1066000001211846FFF715FEDDE91823141806943A
:106610004B410793DDE90634CDE91834DDE9182351
:1066200050498A4250498B410BDA089B002B02D01B
:10663000159A089B1A609DED167BE5E0159B013BC2
:106640001593089B002B02D0159A089B1A60DDE970
:106650001A23134302D19DED167BD5E0099B1593B8
:1066600000232093002313934FF000024FF0000308
:10667000CDE91C2300231F9337E0159B1B782E2B9D
:1066800017D11F9B002B3FD1159B5A1C15921B78CD
:106690002193159B149314AB01211846FFF755FE67
:1066A0000346002B02D0149B15932EE001231F9369
:1066B0001BE0159B01331593209B01332093209BF6
:1066C000092B12D1002320939DED1C7B9FED226BA3
:1066D00027EE066B139B07EE903AB8EE677B36EE1B
:1066E000077B8DED1C7B00231393159B1B7813AA4E
:1066F0000A211846FFF753FE0346002BBDD1159B18
:106700001B782E2BB9D000E000BFDDE91A23092A3F
:1067100073F1000309DADDE91823134305D1139B54
:1067200007EE903AB8EE677B6EE0DDE91A01DDE92D
:10673000182310EB020841EB030940F2351398458A
:1067400079F1000312DBD9F7D5FB034622221A6048
:106750001EE000BFAFF300800000000065CDCD411A
:10676000E003050853B81E85EB51B8FEDDE91A01B8
:10677000DDE91823861841EB03076FF499739E42F5
:1067800077F1FF3304DAD9F7B5FB034622221A600A
:106790002099204B83FB01235A10CB17D21A1346A2
:1067A000DB001344CA1A002A22D02099194B83FB1C
:1067B00001235A10CB17D21A1346DB001344CA1A0E
:1067C000531E9B00683320336B4453F85C3C07EE48
:1067D000903AB8EEE76B9DED1C7B26EE076B139BA2
:1067E00007EE903AB8EE677B36EE077B8DED1C7BAB
:1067F000DDE91801B2EE041B9DED1C0BFFF70DFE49
:106800008DED1C0B9DED1C7BB0EE470B23B0BDE85E
:10681000F08F00BF398EE3382DE9F04FADB0159001
:10682000149113921293159B17930023299300231D
:10683000289300232793002326934FF000024FF064
:106840000003CDE924234FF00002AD4BCDE9222314
:106850004FF000024FF00003CDE920234FF000027B
:106860004FF00003CDE91E234FF000024FF000036C
:10687000CDE91C234FF000024FF00003CDE91A23AD
:106880004FF000024FF00003CDE91823179A531C74
:10689000179313782A9306E001232793179A531C22
:1068A000179313782A932A9B302BF5D02A9B2E2BF3
:1068B00040F0898001232893179A531C179313786B
:1068C0002A934FF000024FF00003CDE91E230DE0A4
:1068D00001232793179A531C179313782A93DDE902
:1068E0001E23541E43F1FF35CDE91E452A9B302B54
:1068F000EED068E02A9B2E2B09D1289B002B6CD16F
:10690000DDE91C23CDE91E230123289356E0012352
:1069100027932A9B392B05DD2A9B43F02003573B05
:106920002B9302E02A9B303B2B93DDE91C23082AA2
:1069300073F1000305DA269B1A012B9B134426935F
:1069400031E0DDE91C230E2A73F1000317DA2B9BDB
:1069500007EE903AB8EEE76B9DED225BB3EE004B8D
:1069600085EE047B8DED227B9DED227B26EE077B61
:106970009DED246B36EE077B8DED247B13E02B9B86
:10698000002B10D0299B002B0DD19DED227BB6EE64
:10699000006B27EE067B9DED246B36EE077B8DEDBD
:1069A000247B01232993DDE91C23511C0A9143F127
:1069B00000030B93DDE90A34CDE91C34179A531C0C
:1069C000179313782A932A98FBF742FB0346002B70
:1069D00090D12A9B2E2B8DD000E000BF279B002B4F
:1069E00011D1179B013B1793289B002B02D0179BBB
:1069F000013B1793149B002B02D0179A149B1A602B
:106A00009DED187B45E1289B002B12D1DDE91C236D
:106A1000CDE91E230DE0269B1B012693DDE91C23F7
:106A2000511C0C9143F100030D93DDE90C34CDE9C9
:106A30001C34DDE91C23082A73F10003EBDB2A9BDD
:106A400043F02003702B17D117AB01211846FFF735
:106A5000F0FBCDE91A01DDE91A2303F1004152EA06
:106A600001030CD1179B013B17934FF000024FF02D
:106A70000003CDE91A2302E0179B013B1793149BF7
:106A8000002B02D0179A149B1A60DDE91E23B2F185
:106A9000080643F1FF374FF000004FF00001B90046
:106AA00041EA9671B000DDE91A2314180E944B41A7
:106AB0000F93DDE90E34CDE91A34269B002B02D169
:106AC0009DED187BE5E0129B5B42DA170093019283
:106AD000DDE91A23DDE90045214691422946994125
:106AE00010DAD9F707FA034622221A609FED027BDB
:106AF00027EE077BCDE000BFFFFFFFFFFFFFEF7F2B
:106B00000000F03F129B6A3BDA1702930392DDE923
:106B10001A23DDE9024521468A4229468B4135DAAE
:106B2000D9F7E8F9034622221A609FED5D7BB0E0B9
:106B30009DED247BB6EE006BB4EEC67BF1EE10FA51
:106B400010DB269B5B00013326939DED247BB7EE83
:106B5000006B37EE467B9DED246B36EE077B8DEDAB
:106B6000247B08E0269B5B0026939DED247B37EE7B
:106B7000077B8DED247BDDE91A23511E109143F133
:106B8000FF331193DDE91034CDE91A34269B002B35
:106B9000CEDA139BDA1704930592DDE91A2312F17A
:106BA000200A43F1000B129BDA1706930792DDE9E6
:106BB00006120B46BAEB030813466BEB0309DDE93B
:106BC00004120B469845134679EB030309DA1A9A27
:106BD000129BD31A20331393139B002B01DA00234B
:106BE0001393139B342B0FDC139BC3F15403DA175D
:106BF00008930992DDE90801B0EE001BB7EE000B27
:106C0000FFF70BFC8DED200B139B1F2B14DC9DED70
:106C1000247BB5EE407BF1EE10FA0DD0269B03F0FD
:106C20000103002B08D1269B013326934FF000026D
:106C30004FF00003CDE92423269B07EE903AB8EEEF
:106C4000676B9DED207B36EE077B9DED246B36EE6A
:106C5000077B8DED247B9DED246B9DED207B36EE37
:106C6000477B8DED247B9DED247BB5EE407BF1EEE3
:106C700010FA04D1D9F73EF9034622221A60DDE961
:106C80001A01B0EE001B9DED240BFFF7C6FBB0EE22
:106C9000407BB0EE470B2DB0BDE8F08FAFF3008026
:106CA000000000000000000000B58DB003900291CC
:106CB0000192039B0B9300238DF82B304FF00002C1
:106CC0004FF00003CDE9082300230793019B032B1A
:106CD00019D0019B032B1EDC019B012B03D0019BD0
:106CE000022B08D017E018230693069A6FF07C0356
:106CF0009B1A059312E035230693069A6FF47F736F
:106D00009B1A05930AE035230693069A6FF47F7366
:106D10009B1A059302E09FED5E7BB4E002E00B9BC3
:106D200001330B930B9B1B781846DBF799FC03464A
:106D3000002BF4D10B9B1B782B2B04D02D2B05D1D2
:106D400001238DF82B300B9B01330B9300BF0023E5
:106D5000079305E00B9B01330B93079B01330793CC
:106D6000079B072B0ADC0B9B1B7843F02003DAB24E
:106D70004F49079B0B441B789A42EBD0079B032B90
:106D800002D0079B082B0FD1029B002B02D0029B45
:106D90000B9A1A609DF82B30002B02D09FED3E7BA2
:106DA00071E09FED3F7B6EE0079B5B420B9A1344C3
:106DB0000B930023079305E00B9B01330B93079B79
:106DC00001330793079B022B0ADC0B9B1B7843F0D4
:106DD0002003DAB23749079B0B441B789A42EBD069
:106DE000079B032B08D1029B002B02D0029B0B9A1E
:106DF0001A609FED2D7B46E0079B5B420B9A134484
:106E00000B930B9B1B78302B13D10B9B01331B78FF
:106E100043F02003DBB2782B0BD10B9B02330B9397
:106E2000059B069A02990B98FFF7F6FC8DED080B6F
:106E30001EE00B9B1B78303B092B09D90B9B1B7861
:106E40002E2B0CD10B9B01331B78303B092B06D822
:106E500002990B98FFF738FB8DED080B08E0029BB9
:106E6000002B02D0029B039A1A609FED097B0AE077
:106E70009DF82B30002B04D09DED087BB1EE477BB5
:106E800001E09DED087BB0EE470B0DB05DF804FB13
:106E90000000000000000000000000000000F0FF03
:106EA000000000000000F07F000000000000F87FFC
:106EB000000405080C04050800B583B0019000919A
:106EC000012200990198FFF7EFFEB0EE407BF7EE4C
:106ED000C77BB0EE670A03B05DF804FB00B583B072
:106EE00001900091022200990198FFF7DDFEB0EEBB
:106EF000407BB0EE470B03B05DF804FB00B583B0F8
:106F000001900091009B1A464FF48A710198F1F7A5
:106F1000E9FC0346184603B05DF804FB00B583B0F6
:106F20000190002240F215110198F1F7DBFC0346B5
:106F3000184603B05DF804FB84B0039002910192FF
:106F4000029B022B05DC019B013B0193029B0C334E
:106F50000293029B023B0293039A019B1A44019BFA
:106F6000002B00DA03339B101A44019B144981FB68
:106F700003014911DB175B1A1A44019B104981FB7D
:106F80000301C911DB17CB1AD118029A13465B0112
:106F90009B1A0C4A82FB03025210DB17D31ACA1841
:106FA000094B83FB021313449910D317C91A0B46DC
:106FB000DB005B1AD11A0B46184604B0704700BFBD
:106FC0001F85EB51ABAAAA2A9324499288B003905B
:106FD00002910192019B00221A60039B5A1C0392AA
:106FE0001B780693029B5A1C02921B780593069B02
:106FF0000793079B3D2B01D100230793079A059B1D
:10700000D31A0493049B002B02D1079B002BE4D1DD
:10701000069B3D2B02D1019B039A1A6000BF049B83
:10702000184608B0704700B589B0039002910192EC
:107030000093019B002B00F0C88000230793B4E06D
:1070400000230493039B1869079B1B01019A1344B7
:107050001B6804AA1946FFF7B9FF0346002B40F04E
:10706000A180049B002B1FD0039B00221A61039B6D
:107070009B685A1C039B9A60079B1B01019A13444F
:107080005B68002B07D0002BC0F2A180013B012BD5
:1070900000F29D8004E0039B00221A603F239EE0E3
:1070A000049A039B1A605AE0079B1B01019A134440
:1070B0005B68022B10D0022B00F38B80002B02D0D8
:1070C000012B24D085E0039B00221A61039B9B685F
:1070D0005A1C039B9A6042E0039B9B6801339B0010
:1070E000029A13441B680593059B002B03D0059B54
:1070F0001B782D2B0BD1039B00221A61039B0022CE
:107100001A60039B9B685A1C039B9A6027E0039BB1
:107110009B6801339B00029A13441B680593059BEF
:10712000002B03D0059B1B782D2B0CD1039B002239
:107130001A61039B00221A60039B9B685A1C039BE5
:107140009A603F234BE0039B00221A61039B059A40
:107150001A60039B9B689A1C039B9A6000BF079B65
:107160001B01019A13449B68002B0DD0079B1B0148
:10717000019A1A44079B1B0101990B449B68D26832
:107180001A600023069305E0079B1B01019A134434
:10719000DB680693009B002B02D0009B079A1A60C5
:1071A000069B1CE0079B01330793079B1B01019A79
:1071B00013441B68002B7FF443AF039B1B691B78B0
:1071C0001A46039BDA603F2309E000BF02E000BFDC
:1071D00000E000BF039B00221A754FF0FF331846F2
:1071E00009B05DF804FB00B589B0039002910192EB
:1071F000009300F072F90690069B002B01D13F230B
:1072000067E1029B002B00F05F813F230793069B01
:107210009B68002B06DD069B1B7D83F00103DBB220
:10722000002B41D0069B00221A60069B01229A6027
:10723000069B3F22DA60069B00221A61069B012210
:107240001A7531E0069B1B69002B04D0069B9B68D6
:107250005A1C069B9A60069B9B68039A9A4206DD1D
:10726000069B9B689B00029A13441B6800E0002366
:10727000069A1361069B1B69002B05D1069B002211
:107280001A754FF0FF3324E1069B1B691B782D2BE9
:1072900005D0069B00221A754FF0FF3319E1069BBB
:1072A0001B695A1C069B1A61069B1B69002BC9D0DF
:1072B000069B1B691B78002BC4D0069B1B691B789F
:1072C000002B04D1069B0022DA603F2301E1069BDC
:1072D0001B691B783A2B09D1069B3A22DA60069B80
:1072E0001B695A1C069B1A613F23F2E09DF82C3063
:1072F00003F00103002B43D0069B1B691B782D2B49
:1073000018D1069B1B695A1C069B1A610A9B009A9E
:1073100002990698FFF787FE0590059B3F2B07D142
:10732000069B9B685A1C069B9A60069B00221A616A
:10733000059BCEE09DF82C3003F00203002B1FD0FC
:107340000A9B009A02990698FFF76DFE0590059B2F
:107350003F2B01D0059BBCE0069B1B69002B05D091
:10736000069B1B6901331B78002B09D0069B9B6889
:107370005A1C069B9A60069B00221A61059BA8E096
:10738000019B002B1BD19DF82C3003F00103002B37
:107390000FD0069B1B691B781A46069BDA60069B7A
:1073A00000221A61069B9B685A1C069B9A603F2329
:1073B0008FE0069B00221A754FF0FF3389E0019B96
:1073C0001B783A2B04D13A230793019B0133019395
:1073D000069B1B691B7819460198DAF766FF049033
:1073E000049B002B0CD1069B1B691B781A46069B3D
:1073F000DA60069B1B695A1C069B1A613F2368E0F2
:10740000049B01331B783A2B07D0069B1B695A1C3F
:10741000069B1A61049B1B785BE0069B1B6901338A
:107420001B78002B0FD0069B1B695A1C069B1A6009
:10743000069B9B685A1C069B9A60069B00221A6159
:10744000049B1B7845E0069B9B6801339B00029AD6
:1074500013441B68002B1DD0069B9B6801339B00C7
:10746000029A13441B681B782D2B13D0069B9B6834
:1074700001339B00029A13441A68069B1A60069B0C
:107480009B689A1C069B9A60069B00221A61049BCB
:107490001B781EE0069B00221A61069B00221A60E0
:1074A000049B1B781A46069BDA60069B9B685A1C55
:1074B000069B9A60049B02331B783A2B02D1049BF3
:1074C0001B7806E0079B04E0069B00221A754FF02C
:1074D000FF33184609B05DF804FB00B583B0DBF755
:1074E00042FA0190019B1033184603B05DF804FB8B
:1074F00086B001900091009B0593019B5B6823F08F
:1075000003030493019B5B6803F00103002B0DD080
:10751000059B9B685A1C059B9A60059B1B691A4634
:10752000049B13441A46059B1A6117E0019B0393C1
:10753000059B5B685A1C059B5A60059B5B691A4654
:10754000049B13441A46059B5A61019B5B68059A8C
:10755000D268934202D9049A059BDA6000BF06B054
:107560007047000030B58BB00190009103AB1C2236
:1075700000211846DAF7D2FD03AB1A460F490098EE
:1075800000F01EF8009B1B690393039B03F5C07377
:107590000393079B03F5C0730793009B5B6903F597
:1075A000C0730993019B1D4603AC0FCC0FC594E833
:1075B000070085E8070001980BB030BDF17403089F
:1075C00000B589B00390029101920023079331E046
:1075D000002305930398DBF714FE0346002B2FDBF3
:1075E000039A079B06339B0013445B6806930EE0E7
:1075F000069B5B6823F003030493029B01990698A2
:107600009847069B0593069A049B13440693039A96
:10761000079B0A339B0013445B68069A9A42E7D3A0
:10762000029B0199069898470398DBF710FE079B89
:1076300001330793039BDB6B079A9A42C8DB00E098
:1076400000BF09B05DF804FB00B587B00390039B51
:107650005B6823F00303059308230493039B08331B
:1076600001930B230093049B059A04490620DAF743
:1076700013FF00BF07B05DF804FB00BF100405084E
:1076800086B001900091019B1B680593009B1B68CD
:107690000493059B5B6823F003030393049B5B68DF
:1076A00023F003030293039A029B9A4201D9012318
:1076B00001E04FF0FF33184606B0704700B583B0C5
:1076C00001900091019BD3F884301D2B10D8019BB1
:1076D000D3F88430019A02339B001344009A5A6015
:1076E000019BD3F884305A1C019BC3F884200DE021
:1076F000009B5B6823F00302019BDB685B6823F05F
:1077000003039A4212D9019B009ADA60019BD3F8D5
:107710008430012B0BD9019B03F10C00019BD3F8A2
:107720008410044B042210F0D5FB00E000BF03B02E
:107730005DF804FB8176030800B585B00190002355
:1077400003931BE0019B9B681946019A039B02333C
:107750009B0013445B685B6823F003030B441A46E9
:10776000019B9A60019A039B02339B0013445B6860
:107770001846FFF769FF039B01330393019BD3F87E
:107780008430039A9A42DDD3019BD3F884301A46A1
:10779000019B5A6000BF05B05DF804FB00B58BB0DB
:1077A00003900291029B0993099B1B680893039B1A
:1077B0005B6823F003030793039B5B6803F00103FB
:1077C000002B45D0089B1B6813F1030F10D1099BB8
:1077D0005B685A1C099B5A60099B9B681A46079B69
:1077E00013441A46099B9A600398FFF72DFF4EE059
:1077F000089B1B6813F1060F20D1039A079B1344C3
:107800000593039B5B6803F00203002B05D1059BE6
:107810005B6803F00103002B39D1099B5B685A1C9C
:10782000099B5A60099B9B681A46079B13441A469A
:10783000099B9A600398FFF707FF28E0089B1B68E5
:1078400013F1050F23D103990998FFF737FF1EE0C5
:10785000089B1B6813F1040F19D1039B0693099B26
:107860005B685A1C099B5A60099B9B681A46079BD8
:1078700013441A46099B9A60039B083301930B2318
:1078800000930423079A04490620DAF705FE00BF97
:107890000BB05DF804FB00BF1004050800B5ABB0E9
:1078A00003900291029B1B68279305AB882200215D
:1078B0001846DAF733FC029B0593279BB3F1FF3F91
:1078C00004D13F490620DAF7E7FD50E0279B13F18A
:1078D000020F04D13B490620DAF7DEFD47E0279B83
:1078E00013F1030F02D0279B002B25DB00232993E4
:1078F000279B13F1030F02D1334B289305E0334B41
:1079000028932798CDF7D0FA2990299B002B05D1F1
:10791000289A2F490620DAF7BFFD28E02D4B28933F
:10792000299B9A6E299B596E289B00930B462A49E6
:107930000620DAF7B1FD1AE0279B13F1040F04D1FA
:1079400026490620DAF7A8FD11E0279B13F1050F61
:1079500005D11E2222490620DAF79EFD07E0279B6B
:1079600013F1060F03D11F490620DAF795FD1E4BD0
:1079700001930B2300931D4B1D4A1E490620DAF785
:107980008BFD05AB1A461C490398FFF719FE279B90
:1079900013F1050F03D105AB1846FFF7CDFE174BCA
:1079A000174A18490620DAF777FD069A079B164909
:1079B0000620DAF771FD00BF2BB05DF804FB00BFB5
:1079C0002004050834040508440405084804050893
:1079D000500405086404050870040508B40405088B
:1079E000D4040508F8040508380505081805050835
:1079F000240505082C0505089D77030840050508A2
:107A00004C050508580505086405050800B583B050
:107A100001900091054B1B68009A01991846DBF70D
:107A2000ADFA00BF03B05DF804FB00BF1C340024B6
:107A300000B583B00190054B1A68019B11461846AA
:107A4000FFF790FD019803B05DF804FB1C3400249F
:107A500084B0039002910192019B039A5A60019BAA
:107A600000221A60029B1B68002B06D1029B019A20
:107A70001A60029B019A5A6006E0029B5B68019AB9
:107A80001A60029B019A5A600023184604B070479E
:107A900000B585B00190009100F0BAF90390039B06
:107AA000002B02D16FF00B0305E0039A00990198B7
:107AB000FFF7CEFF0346184605B05DF804FB82B021
:107AC000EFF311830193019BDBB2184602B07047BC
:107AD00082B00190019B83F3118800BF02B0704710
:107AE00000B583B0FFF7EBFF03468DF80730802029
:107AF000FFF7EEFF9DF80730184603B05DF804FB72
:107B000000B583B003468DF807309DF8073018465E
:107B1000FFF7DEFF00BF03B05DF804FB82B0EFF3B8
:107B200005830193019B184602B0704708B5FFF723
:107B3000F5FF0346002B14BF01230023DBB21846D8
:107B400008BD000000B585B001900091CEF745FF5B
:107B50000246019BD31A0393009B09330B4AA2FBF5
:107B60000323DA08039B9A4202D80023039308E018
:107B7000009B0933054AA2FB0323DA08039BD31AAF
:107B80000393039B184605B05DF804FBCDCCCCCC29
:107B900000B583B000230193FFF7A2FF03468DF8E1
:107BA0000330104B1B680193019B002B0FD0019BEE
:107BB0001B680C4A1360019B00221A60019B002283
:107BC0001A71019B00225A71019B00229A609DF854
:107BD00003301846FFF794FF019B184603B05DF889
:107BE00004FB00BFEC33002484B003468DF807305B
:107BF000124B1B680393039B002B1AD0039B1B683B
:107C00000E4A13600E4BB3F900309BB2013B9BB29E
:107C10001AB20B4B1A80039B00221A60039B0022AE
:107C20001A71039B00225A71039B00229A60039BE6
:107C300000E00023184604B0704700BFE83300247A
:107C40004C01002400B589B0034600918DF807303F
:107C500000230693224B0593FFF742FF03468DF85E
:107C600013309DF807301846FFF7BEFF0790079BBB
:107C7000002B2BD11B4BB3F900309BB2013B9BB2C5
:107C80001AB2184B1A809DF813301846FFF738FFC8
:107C9000009BB3F1FF3F04D10598D0F73FFA06905F
:107CA0000CE0CEF79AFE039000990398FFF74AFF85
:107CB000034619460598F8F761F80690069B002BD5
:107CC00002DBFFF765FF0790079B05E09DF8133087
:107CD0001846FFF715FF079B184609B05DF804FB2F
:107CE000F83300244C01002400B583B00346009112
:107CF0008DF80730FFF71AFF0346002B07D1F7F77F
:107D00005DFC0346002B02D1009B002B06D19DF8A1
:107D10000730184600F01EF8034606E09DF80730CD
:107D200000991846FFF78EFF0346184603B05DF82A
:107D300004FB00B583B003468DF807309DF807308B
:107D40004FF0FF311846FFF7CFFF0346184603B048
:107D50005DF804FB00B585B003468DF80730FFF7EA
:107D6000BFFE03468DF80F309DF807301846FFF729
:107D70003BFF02909DF80F301846FFF7C1FE029BB3
:107D8000184605B05DF804FB82B0EFF31183019350
:107D9000019BDBB2184602B0704782B00190019B94
:107DA00083F3118800BF02B0704700B583B0FFF7BE
:107DB000EBFF03468DF807308020FFF7EEFF9DF8BC
:107DC0000730184603B05DF804FB00B583B00346E6
:107DD0008DF807309DF807301846FFF7DEFF00BF2B
:107DE00003B05DF804FB000082B0084B1B680193F0
:107DF000019B002B06D0019B1B68044A1360019B6A
:107E000000225A60019B184602B07047F0330024EC
:107E100000B583B0FFF7C9FF03468DF80730FFF7C1
:107E2000E3FF00909DF807301846FFF7CEFF009B58
:107E3000184603B05DF804FB00B585B001900B4611
:107E40008DF8033013468DF80230019B1B680393B5
:107E5000039B002B1AD19DF80230002B06D09DF811
:107E600003301846FFF765FF039005E09DF80330E7
:107E70001846FFF76FFF0390039B002B02D16FF0B2
:107E80000B030DE0019B039A1A6008E0039B00229C
:107E90001A71039B00225A71039B00229A600023EF
:107EA000184605B05DF804FB00B58BB00390029155
:107EB000019200930C9A029B1A44009B9A6008E07E
:107EC000039B1B791A46019B9B1A0193039B1B681A
:107ED0000393039B002B2CD0039B1B791A46019B19
:107EE0009B1A002BECDA24E0009B5B79C3F1C403FE
:107EF00008930C9A089BD31A002B1EDB089BDAB25E
:107F0000009B1A71009B1B791A460C9B9B1A0C93C1
:107F10009DF838209DF8343019460098FFF78CFF03
:107F20000790079B002B01DA079B81E0009B1B68F1
:107F30000093009B002BD7D173E000BF71E0039B3F
:107F40005B791A46019B13440833039A13440433A4
:107F50000693039B1B791A46019BD31A0593009B3A
:107F60005B791A460C9B13440833009A134404337C
:107F70000493009B5B79C3F1C4020C9BD31A089352
:107F8000089A059B934228BF13460993099A029BBE
:107F90009A4201D9029B0993029A099BD31A029330
:107FA000099A06990498DAF71EF9019A099B134475
:107FB00001930C9A099B13440C930C9BDAB2009B1F
:107FC0001A71039B1B791A46019B9B1A002B0BDB32
:107FD000039B1B680393039B002B03D0039B1B791C
:107FE000002BF5D000230193009B5B791A460C9B74
:107FF0001344C32B15DD039B002B12D09DF83820B2
:108000009DF8343019460098FFF716FF0790079B3C
:10801000002B01DA079B0BE0009B1B6800930023F9
:108020000C93039B002B02D0029B002B87D10023D3
:1080300018460BB05DF804FB82B001900091019BE3
:108040009A68009B9B681A44019B9A60009B0022DF
:108050009A6002E0019B1B680193019B1B68002B47
:10806000F8D1019B009A1A6000BF02B0704700B5BA
:108070008DB00390029101920093039B0893019BA2
:108080000793009A039B9B68D31A002B02DD6FF0C5
:108090001C0390E0039B5B791A46009B1344002B62
:1080A0000BDA6FF01C0386E0039B1B791A46009BDA
:1080B0009B1A0093039B1B680393039B1B791A462F
:1080C000009B9B1A002BEFDC71E0039B1B680B935A
:1080D000039B5B791A46009B13440833039A1344AD
:1080E00004330693039B1B791A46009BD31A05930E
:1080F000019A059B9A4227D90B9B002B02D0059B26
:108100000A9323E0039B5B79C3F1C4030493009BB0
:10811000019A13440993099A049B9A4201D9049B3A
:108120000993089B9A68039B1B791946099B5B1A64
:108130001A44089B9A60099BDAB2039B1A71009B50
:10814000099AD31A0A9301E0019B0A930A9A0299A9
:108150000698DAF748F8019A0A9BD31A0193029A13
:108160000A9B13440293019B002B1CD00B9B002BFA
:1081700019D19DF83C30002B06D09DF838301846B8
:10818000FFF7D7FD0B9005E09DF838301846FFF754
:10819000E1FD0B900B9B002B02D16FF00B030AE06B
:1081A000039B0B9A1A600B9B039300230093019B84
:1081B000002B8AD1079B18460DB05DF804FB00B573
:1081C00087B00590049103920293012301939DF8D7
:1081D00020300093029B039A04990598FFF747FF0C
:1081E0000346184607B05DF804FB00B587B005905C
:1081F000049103920293002301939DF82030009391
:10820000029B039A04990598FFF731FF034618462D
:1082100007B05DF804FB00B589B0039002910192AC
:108220000093029B5B791A46009B1344002B10DAE3
:108230006FF01C0348E0029B1B791A46009B9B1AB7
:108240000093029B1B680293029B002B01D1002329
:108250003AE0029B1B791A46009B9B1A002BEADA34
:10826000019B079327E0029B5B791A46009B13440E
:108270000833029A134404330693029B1B791A466F
:10828000009BD31A0593079A059B934228BF134678
:108290000493049A06990398D9F7A5FF079A049BBB
:1082A000D31A0793039A049B13440393029B1B68FE
:1082B000029300230093029B002B02D0079B002B0C
:1082C000D1D1019A079BD31A184609B05DF804FB77
:1082D00000B585B0019005E0019800F0ABFA03907D
:1082E000039B0193019B002BF6D100BF00BF05B09B
:1082F0005DF804FB00B587B0019003E0019800F041
:1083000099FA0190019B1B79002B03D1019B1B68FB
:10831000002BF3D1019B039360E0019B1B68059345
:10832000019B5B79002B10D0019B03F10C00019B9A
:108330005B790833019A1344191D019B1B791A4676
:10834000D9F751FF019B00225A71059B002B43D0A6
:10835000059B1B790493019B1B79C3F1C403029312
:10836000049A029B9A4201D9029B0493049B002B1E
:1083700027D0019B1B790833019A1344181D059BD4
:108380005B790833059A13440433049A1946D9F7E4
:108390002AFF019B1A79049BDBB21344DAB2019BDA
:1083A0001A71059B1A79049BDBB2D31ADAB2059BCA
:1083B0001A71059B5A79049BDBB21344DAB2059B10
:1083C0005A71059B1B79002B06D1059800F032FAF3
:1083D0000590019B059A1A60059B0193019B002B58
:1083E0009BD1039B184607B05DF804FB82B0019057
:1083F000019B18221A600E4BB3F900301A46019BFC
:108400005A60019B5B68002B08DA019B5B685A424B
:10841000019B9A60019B00225A6002E0019B0022AE
:108420009A60019B0022DA6000BF02B0704700BF73
:108430004C01002400B585B001900091019B002BF8
:108440004AD0009B002B47D0019B9B6803933AE0E6
:10845000019B1B791A46009B93421ED3019B1B79FB
:108460001A46039B9B1A0393019B1B791A46009B98
:108470009B1A0093019B1B680293029B002B06D161
:10848000019B00221A71019B00225A7121E0019880
:1084900000F0D0F9029B019315E0039A009BD31AD8
:1084A0000393019B1A79009BDBB2D31ADAB2019BCA
:1084B0001A71019B5A79009BDBB21344DAB2019B1B
:1084C0005A7100230093009B002B02D0019B002BCC
:1084D000BED1019B039A9A60019B184605B05DF8D6
:1084E00004FB00B587B001900091019B002B4BD09D
:1084F000009B002B48D0009B029342E00023039393
:1085000000230593019B049306E0059B0393049BC2
:108510000593049B1B680493049B002BF5D1059BDA
:108520001B791A46029B93421BDB019B9B68059AB1
:1085300012799A1A019B9A60059B1B791A46029B35
:108540009B1A0293059B00221A71059800F072F99C
:10855000039B002B01D1002317E0039B00221A602C
:108560000FE0019B9A68029BD21A019B9A60059BBF
:108570001A79029BDBB2D31ADAB2059B1A71002377
:108580000293029B002BB9DC019B184607B05DF8F3
:1085900004FB000084B003468DF80730064BB3F9A6
:1085A00000300393039B002B01DA00230393039B0A
:1085B000184604B0704700BF4C01002482B00190FF
:1085C00002E0019B1B680193019B1B68002BF8D103
:1085D000019B5B791A46019B1B791344C3F1C403C9
:1085E000184602B0704786B001900091019B03933A
:1085F00030E0009BC42B02D9C423059301E0009B0B
:108600000593019B5B791A46059B9B1A0493019B7A
:108610001B791A46049BD31A002B02DA019B1B79A3
:108620000493039B9A68049BD21A039B9A60019B54
:108630001A79049BDBB2D31ADAB2019B1A71059B3B
:10864000DAB2019B5A71019B1B680193009A059B4A
:10865000D31A0093019B002B02D0009B002BC8D1A2
:1086600000BF06B07047000000B58BB003900291C8
:1086700013468DF80730029B0793002306930023CF
:108680000593039B002B02D16FF015039CE0039B25
:10869000089314E0069B01330693089B0993079BFC
:1086A000002B09DD059B01330593089B5B79C3F122
:1086B000C403079AD31A0793089B1B680893089B67
:1086C000002BE7D1079B002B0ADD079BC333404AF1
:1086D00082FB03129211DB17D31A059A13440593F8
:1086E000059B002B01D101230593059A069B9A4215
:1086F0001CDA039B08930023099313E0059B5A1E81
:108700000592002B09DC099B002B02D0099B00225B
:108710001A600898FFF7DCFD24E0089B0993089B8A
:108720001B680893089B002BE8D11BE0059A069B69
:108730009A4217DD099B08930DE09DF80730184613
:10874000FFF708FB0246089B1A60089B1B6808930A
:10875000069B01330693089B002B03D0059A069BCA
:108760009A42EADC039B029A9A60039B08931DE0FD
:10877000089B5B791A46029B1344C42B06D9089BBD
:108780005B79C3F1C403ADF8123002E0029BADF88F
:108790001230BDF81230DAB2089B1A71BDF81230EF
:1087A000029AD31A0293089B1B680893089B002B1C
:1087B00002D0029B002BDBD1039B9A68029BD21A4A
:1087C000039B9A60039B9B6818460BB05DF804FB03
:1087D0009D82975382B0EFF311830193019BDBB22B
:1087E000184602B0704782B00190019B83F3118854
:1087F00000BF02B0704700B583B0FFF7EBFF034640
:108800008DF807308020FFF7EEFF9DF807301846FF
:1088100003B05DF804FB00B583B003468DF8073064
:108820009DF807301846FFF7DEFF00BF03B05DF884
:1088300004FB000000B585B00190019B1B68039309
:10884000039B002B10D0019B9B68019A12799342E5
:1088500007D9019B9B68019A12799A1A039B9A6027
:1088600002E0039B00229A60FFF7C5FF03468DF8E4
:108870000B301C4BB3F90030002B18DA194BB3F94D
:1088800000309BB201339BB21AB2164B1A80164BC2
:108890001A68019B1A60144A019B13609DF80B3003
:1088A0001846FFF7B8FF1148D7F7CCFE14E00D4B80
:1088B000B3F900309BB201339BB21AB2094B1A8054
:1088C0000B4B1A68019B1A60094A019B13609DF8C3
:1088D0000B301846FFF79FFF039B184605B05DF865
:1088E00004FB00BF4C010024EC330024F8330024C7
:1088F000E833002484B001900091019A009B22FA91
:1089000003F303F00F030393039B072B02DD039B89
:10891000103B0393039B184604B0704710B58AB010
:1089200007900691059200230993B9E005AA099BD7
:108930000093604B06990798F4F791FD05AA0A2366
:1089400001932B2300935C4B06990798F4F787FD5E
:1089500005AA0023019300230093584B069907981A
:10896000F4F77DFD05AA564B06990798F4F777FDB5
:1089700005AA544B0193544B0093544B0699079806
:10898000F4F76DFD524B1B680C211846FFF7B2FF40
:108990000346012B10DC4F4B1B6814211846FFF7D0
:1089A000A9FF0346022B07DC05AA4B4B00934B4B58
:1089B00006990798F4F753FD494B1B681821184690
:1089C000FFF798FF0346012B07D105AA454B0093FB
:1089D000424B06990798F4F742FD05AA424B0093D3
:1089E0003E4B06990798F4F73AFD05AA3F4B0093D2
:1089F0003A4B06990798F4F732FD3D4B1B6800216E
:108A00001846FFF777FF0346012B07D105AA394B1C
:108A10000093324B06990798F4F721FD05AA364BCF
:108A20000293364B0193364B0093364B06990798C9
:108A3000F4F715FD05AA344B0093284B06990798C7
:108A4000F4F70DFD314B1B680893089B03F00F03EF
:108A500005AA2F4903912F49029101932E4B0093B0
:108A60002E4B06990798F4F7FAFC089B1B0E089A00
:108A7000120D02F00F0208990909C1F30B010898C1
:108A800000F00F0005AC0390029101920093244B7B
:108A9000224606990798F4F7E2FC099B01330993F3
:108AA000099B002B7FF742AF059B5B4218460AB03B
:108AB00010BD00BF70050508800505089405050870
:108AC000A8050508BC050508C8050508B40505087E
:108AD0006CED00E070ED00E0D4050508D005050858
:108AE00060ED00E0D8050508E0050508E805050883
:108AF00068ED00E0F0050508040605081006050805
:108B000018060508F80505082006050800ED00E030
:108B10005C060508600605086806050828060508BD
:108B20007006050886B0039002910192019B1B68B4
:108B3000033323F003030593019A059B1344049325
:108B4000059B0B2B08D9049B03F10C02039BD31A42
:108B50001A46029B934201D2002300E0049B184670
:108B600006B0704700B583B001900091019B186971
:108B7000019B5B69009A1946FFF7D4FF034618462C
:108B800003B05DF804FB000000B585B0039002203F
:108B9000D9F7D8FE0346039AB74918460FF02CF8C8
:108BA0000220D9F7CFFE0346039AB44918460FF0C6
:108BB00023F80220D9F7C6FE0346039AB0491846A7
:108BC0000FF01AF80220D9F7BDFE03460922012151
:108BD000AC480EF0B6FF0220D9F7B4FE03464E2291
:108BE0000121A9480EF0ADFF0220D9F7ABFE0346E4
:108BF0004D220121A5480EF0A4FF0220D9F7A2FEC4
:108C0000034632220121A2480EF09BFF0220D9F731
:108C100099FE0346402201219E480EF092FF022059
:108C2000D9F790FE0346362201219B480EF089FFBA
:108C30000220D9F787FE03466022984918460EF0B5
:108C4000DBFF0220D9F77EFE0223009301230022DE
:108C500093490EF0D1FF0220D9F774FE0346022299
:108C6000904918460EF0C8FF0220D9F76BFE034664
:108C7000352201218C480EF064FF0220D9F762FEF4
:108C800003464722012189480EF05BFF0220D9F7F5
:108C900059FE03463B22012185480EF052FF022077
:108CA000D9F750FE03464722012182480EF049FFC2
:108CB0000220D9F747FE0346322201217E480EF0FA
:108CC00040FF0220D9F73EFE0346462201217B48A1
:108CD0000EF037FF0220D9F735FE0346402201216E
:108CE00077480EF02EFF0220D9F72CFE03464522CE
:108CF000012174480EF025FF0220D9F723FE034618
:108D000019460A200EF064FF0220D9F71BFE034625
:108D100010226D4918460EF06FFF0220D9F712FE9F
:108D200003463322012169480EF00BFF0220D9F7D8
:108D300009FE03460A22012165480EF002FF0220C7
:108D4000D9F700FE03464922012162480EF0F9FEE0
:108D50000220D9F7F7FD03465A2201215E480EF0A2
:108D6000F0FE0220D9F7EEFD03465A2201215B48AE
:108D70000EF0E7FE0220D9F7E5FD0346532201215C
:108D800057480EF0DEFE0220D9F7DCFD03464722ED
:108D9000012154480EF0D5FE0220D9F7D3FD034639
:108DA0004F22012150480EF0CCFE0220D9F7CAFD17
:108DB0000346502201214D480EF0C3FE0220D9F790
:108DC000C1FD03464E22012149480EF0BAFE0220A1
:108DD000D9F7B8FD0346474A474918460EF00CFF3D
:108DE0000220D9F7AFFD03460B22012143480EF0C4
:108DF000A8FE0220D9F7A6FD0346039A404918466B
:108E00000EF0FAFE0220D9F79DFD0346039A3D4974
:108E100018460EF0F1FE0220D9F794FD0346039A9E
:108E2000394918460EF0E8FE0220D9F78BFD0346BB
:108E3000039A364918460EF0DFFE0220D9F782FD6C
:108E40000346039A324918460EF0D6FE0220D9F79F
:108E500079FD0346039A2F4918460EF0CDFE0220F5
:108E6000D9F770FD034619460A200EF0B1FE00BF87
:108E700005B05DF804FB00BF000905081C090508E2
:108E8000440905086809050874090508C4090508A6
:108E9000140A0508480A05088C0A0508C40A0508CA
:108EA000180B05086C0B0508B80B0508F00B050836
:108EB000380C0508740C0508BC0C0508F00C0508F6
:108EC000380D05087C0D0508C40D0508080E0508B9
:108ED0003C0E0508480E0508940E0508F00E05081E
:108EE0004C0F0508A00F0508E80F05083810050805
:108EF0008C100508DC100508E01005082011050895
:108F00002C11050874110508C41105081412050870
:108F100064120508B412050882B00190024B0022C9
:108F20001A6000BF02B07047CC05002400B58DB0B8
:108F30000190009100230B930BE0464A0B9B52F8E3
:108F40002330019A9A4201D10B9B7EE00B9B0133A7
:108F50000B930B9B1D2BF0DD00230B931EE03D4A72
:108F60000B9B52F82330002B15D03A4A0B9B52F83A
:108F700023301BB2ADF8183002AB1A4640F22A710A
:108F80000098EFF7AFFC0346002B04DA314A0B9B45
:108F9000002142F823100B9B01330B930B9B1D2BDD
:108FA000DDDD00230B9308E02A4A0B9B52F82330A7
:108FB000002B06D00B9B01330B930B9B1D2BF3DD7A
:108FC00000E000BF0B9B1E2B0BD10220D9F7BAFC8F
:108FD00003461E22204918460EF00EFE0120D7F748
:108FE000A6FC1C490B9B019A41F82320019B1BB254
:108FF000ADF8183002AB1A4640F22A710098EFF72C
:1090000071FC0346002B02DA14480EF029FA02AB79
:109010001846D9F7EAF903461A46114B1B689A42DB
:1090200007DD02AB1846D9F7E0F903461A460C4BA8
:109030001A600B9A13461B0113440A4A134402A9EF
:1090400011221846D9F780F80B9B18460DB05DF831
:1090500004FB00BF14520024081305083C13050844
:109060008C520024145000242DE9F04FADF5577DAB
:10907000D6ABA3F54F731860D6ABA3F55073196048
:1090800000238DF8573300238DF8563301238DF8D4
:10909000553300238DF8543300238DF853332A239E
:1090A0008DF8523300238DF8513300238DF850335F
:1090B00000238DF84F3300238DF84E3300238DF8B5
:1090C0004D330023D2930023AA93D6ABA3F5DA73D2
:1090D00000221A60D6ABA3F5DA7300225A6000238F
:1090E000CA930023C993D44902200EF05FF9D6AB8E
:1090F000A3F5D27300221A60D6ABA3F5D273002277
:109100005A60A2E1C89B443B342B00F2828101A249
:1091100052F823F0E592030813940308139403080C
:109120001394030855920308139403081394030837
:1091300013940308FD92030813940308139403087F
:109140001394030813940308139403081394030857
:10915000859203087193030813940308139403087A
:109160001394030813940308139403081394030837
:109170001394030813940308139403081394030827
:1091800013940308139403087792030813940308B5
:109190005D920308ED920308939203081394030869
:1091A00013940308139403086992030813940308A3
:1091B00013940308DD92030813940308059303082E
:1091C0001394030813940308139403083B930308B0
:1091D000A1920308E9910308139403081394030868
:1091E00013940308F5920308FCF784FD03461B68FB
:1091F0001B788DF857339DF85733612B00F0188199
:109200009DF85733412B00F013819DF85733642BA1
:1092100000F00E819DF857337A2B00F0098102206F
:10922000D9F790FB0446D6ABA3F550731B681B68B7
:109230001846F8F79BFF0546FCF75CFD03461B68E4
:109240001B782A467D4920460EF0D6FC00238DF877
:109250005733EDE001238DF85633F6E09DF8503397
:1092600001338DF85033F0E09DF84F3343F00203A3
:109270008DF84F33E9E09DF84F3343F001038DF84B
:109280004F33E2E09DF84F3343F004038DF84F3342
:10929000DBE09DF84F3343F008038DF84F33D4E003
:1092A000FCF728FD03461B681846F9F719FE03462C
:1092B0008DF852339DF85233022B40F2BB80D6AB6F
:1092C000A3F550731B681B681846F8F74FFF034659
:1092D0001846FFF759FC0120D7F729FB01238DF829
:1092E0004E33B2E000238DF85533AEE001238DF804
:1092F0005433AAE001238DF85333A6E001238DF8FF
:109300004D33A2E0FCF7F6FC03461B681846F9F75C
:10931000E7FDD290D29B002B00F39480D6ABA3F54F
:1093200050731B681B681846F8F720FF0346184661
:10933000FFF72AFC0120D7F7FAFAFCF7DBFC03461B
:109340001B681846F9F7CCFD0346AA93AA9B002B8D
:109350007ADCD6ABA3F550731B681B681846F8F788
:1093600005FF03461846FFF70FFC0120D7F7DFFA89
:10937000D6F7C0FD034600221A60FCF7BBFC03468B
:109380001B68002200211846D7F7E0FA0246D6AB48
:10939000A3F5DA735A60D6F7ADFD03461B68002BC0
:1093A0000ED0D6ABA3F550731B681B681846F8F7B0
:1093B000DDFE03461846FFF7E7FB0120D7F7B7FAB3
:1093C000D6ABA3F5DA735B681D4A82FB03129211D8
:1093D000DB17D31A1A46D6ABA3F5DA731A60D6ABED
:1093E000A3F5DA735A68164B83FB02139911D3174E
:1093F000CB1A4FF47A7101FB03F3D31A4FF47A724C
:1094000003FB02F2D6ABA3F5DA735A606BABCA93D7
:109410001BE0D6ABA3F550731B681B681846F8F722
:10942000A5FE03461846FFF7AFFB0120D7F77FFAEA
:1094300000BF0AE000BF08E0198F030848130508C1
:10944000D34D621000BF00E000BFD6ABA3F5507152
:10945000D6ABA3F54F73984A09681868FCF736FC39
:10946000C890C89BB3F1FF3F7FF44CAEFCF74CFCB7
:1094700003461B68D6AAA2F54F7212689A420ED113
:10948000D6ABA3F550731B681B681846F8F76EFE41
:1094900003461846FFF778FB0020D7F748FA9DF8F7
:1094A0004D33002B0FD09DF84F33002B0BD00220F3
:1094B000D9F748FA03464422012180480EF041FBC7
:1094C0000020D7F734FA9DF852332A2B13D19DF898
:1094D0004E33002B0CD00220D9F734FA0346282251
:1094E000012177480EF02DFB02238DF8523302E064
:1094F00000238DF85233FCF707FC03461B68D6AAFD
:10950000A2F54F721268D31AC793C79B102B0BDDBD
:109510000220D9F717FA034610226A4918460EF0BE
:109520006BFB012300F032BF0023CC93BEE2FCF7BB
:10953000EBFB03461A68CC9B13449B00D6AAA2F50A
:109540005072126813441B68D0932C21D098D8F71E
:10955000ACFECF90012203211D20F1F72EFB024625
:10956000CC9B9B0003F5547308336B4443F8AC2C3D
:10957000CC9B9B0003F5547308336B4453F8AC3C0D
:10958000002B05DA50480DF06BFF012300F0FEBE02
:10959000CF9B002B04D0CF9AD09BD31ACD9304E05D
:1095A000D098D8F722FF0346CD93CD9B0F2B0BDD30
:1095B0000220D9F7C7F90346D09A444918460EF05D
:1095C0001BFB012300F0E2BE414B1B68CD9A9A427F
:1095D00002DD3F4ACD9B13601D23ADF8883271AB8D
:1095E000102200211846D8F799FDCD9A71ABD09979
:1095F0001846FBF707FA71AB19463648FBF7BBF97B
:109600000346002B1ED0CC9B9B0003F554730833FC
:109610006B4453F8AC3C71AA40F22B711846EFF73B
:1096200061F90346002B05DA2B480DF019FF0120E4
:10963000D7F77DF9D6ABA3F5CA73B3F91030ADF8FF
:109640008A3202E00023ADF88A32CF9B002B00F073
:109650002B810023D193CF9BD0930AE0D19B013380
:10966000D193D09B0133D0932C21D098D8F71DFEF5
:10967000D090D09B002BF1D1D19BDB001846D9F7BD
:10968000A1F90346C393C39B002B0BD10220D9F74A
:1096900059F903461F22012110480EF052FA012306
:1096A00000F074BE0023D193D6ABA3F594730022CF
:1096B0001A600023A993ADE0741305088C13050804
:1096C000D4130508001405083014050838140508DB
:1096D0008C520024DC10050860140508701405087D
:1096E000CF9B0133D0932C21D098D8F7DEFDCF90BB
:1096F000D19BDB00C39A13441946D19BDB00C39A6C
:10970000134404330A469549D098F9F734FA0346CE
:10971000022B20D1D19BDB00C39A13445A68D19B02
:10972000DB00C3990B4422F000525A60D09B0833EF
:109730001B783A2B0BD1D19BDB00C39A13441A68D8
:10974000D19BDB00C3990B4442F000421A60D19BCD
:109750000133D1935EE0D19BDB00C39A13441946D9
:10976000D19BDB00C39A134404330A467C49D0984A
:10977000F9F701FA0346022B2CD1D19BDB00C39AE7
:1097800013441A68D19BDB00C3990B4442F000528A
:109790001A60D19BDB00C39A13445A68D19BDB004B
:1097A000C3990B4422F000525A60D09B08331B78B7
:1097B0007E2B0BD1D19BDB00C39A13441A68D19B3B
:1097C000DB00C3990B4442F000421A60D19B013385
:1097D000D1931FE0D09B1B786A2B03D0D09B1B78C2
:1097E0004A2B02D10123A99314E08CAB1A465D49A0
:1097F000D098F9F7C0F90346012B0BD00220D9F716
:10980000A1F80346D09A584918460EF0F5F90123FD
:1098100000F0BCBDCF9B002B7FF462AFD6ABA3F5AD
:1098200094731B68002B0ED0CC9B9B0003F55473E4
:1098300008336B4453F8AC0C8CAB04220092112219
:10984000652105F0FDF8A99B002B17D0CC9B9B0050
:1098500003F5547308336B4453F8AC0CA9AB0422E2
:1098600000921522652105F0EBF80346002B05DA7E
:109870003E480DF0F5FD012300F088BDD19B002B83
:109880000FD0CC9B9B0003F5547308336B4453F803
:10989000AC0CD19BDB000093C39B1022652105F02B
:1098A000CFF8C398D9F77EF8CC9B9B0003F554738F
:1098B00008336B4453F8AC0C042300932C4B142254
:1098C000652105F0BDF8AA9B002B6BD0D6ABA3F5A4
:1098D000DE7304221A60CC9B9B0003F5547308339B
:1098E0006B4453F8AC0CAAAB042200922122012154
:1098F00005F0A6F80346002B54DACC9B9B0003F539
:10990000547308336B4453F8AC0CAAAB0422009296
:109910000822012105F094F80346002B05DA1548CA
:109920000DF09EFD012300F031BDCC9B9B0003F5A3
:10993000547308336B4453F8AC0C68AA67AB0093BC
:1099400013460822012105F0B5F90346002B15DA6C
:1099500009480DF085FD012300F018BD901405089D
:1099600098140508A0140508A8140508D0140508C3
:10997000E8080508141505082C150508CC9B002BD4
:1099800010D1AA9B5A00D6ABA3F5DC731B689A4290
:1099900008DD0220D8F7D6FF034650220121B64841
:1099A0000EF0CFF89DF85733002B07D19DF84E33BA
:1099B000002B03D19DF84D33002B3DD09DF856333D
:1099C000002B1CD0D6ABA3F5E07358221A60CC9BB9
:1099D0009B0003F5547308336B4453F8AC0C66AB2F
:1099E000042200922522012105F02AF80346002BCB
:1099F00022DAA2480DF034FD012300F0C7BCD6AB3B
:109A0000A3F5E27301221A60CC9B9B0003F554730B
:109A100008336B4453F8AC0C65AB0422009210225F
:109A2000012105F00DF80346002B05DA94480DF0EE
:109A300017FD012300F0AABC9DF85433002B1CD065
:109A4000D6ABA3F5E47301221A60CC9B9B0003F50F
:109A5000547308336B4453F8AC0C64AB042200928B
:109A60002822012104F0ECFF0346002B05DA85488B
:109A70000DF0F6FC012300F089BCCC9B9B0003F5A4
:109A8000547308336B4453F8AC3CA2A9182218460F
:109A900004F069FB0346002B05DA7B480DF0E0FC7F
:109AA000012300F073BCCC9B0133CC93CC9AC79BB1
:109AB0009A42FFF63CAD9DF84E33002B5ED063AB6F
:109AC0001846FBF7D9FD0346B3F1FF3F05D16F48B8
:109AD0000DF0C6FC012300F059BC09AA63AB114686
:109AE0001846FCF795F8D6ABA3F54D735B6903F206
:109AF0006C75D6ABA3F54D731B6903F1010CD6ABA6
:109B0000A3F54D73DA68D6ABA3F54D739968D6AB60
:109B1000A3F54D735868D6ABA3F54D731B6814AC11
:109B2000039302900191009263462A4658492046C9
:109B3000F8F7CBFE9DF85233022B08D00220D8F75D
:109B400001FF03462E22012152480DF0FAFF0220A8
:109B5000D8F7F8FE14AB1A464F490EF04DF814AB87
:109B60004E4918460DF066FDC990C99B002B05D1E2
:109B70004B480DF075FC012300F008BCD6ABA3F5F3
:109B800084737AAA1A60D6ABA3F59273A2AA1A605C
:109B9000D6ABA3F5927394AA9A60D6ABA3F5927351
:109BA0000122DA60D6ABA3F5927396AA1A61A0E3FC
:109BB000BBAB202200211846D8F7B0FA0023CC9383
:109BC0002FE0CC9B9B0003F5547308336B4453F890
:109BD000AC3C5B119B0003F5547308336B4453F8A2
:109BE0006C1CCC9B9B0003F5547308336B4453F8F7
:109BF000AC3C03F01F0301229A40CC9B9B0003F571
:109C0000547308336B4453F8AC3C5B110A439B001C
:109C100003F5547308336B4443F86C2CCC9B01332D
:109C2000CC93CC9AC79B9A42CBDBCA9B002B08D023
:109C3000CA99D6ABA3F5DA720B4692E8030083E823
:109C40000300C79B013B9B0003F5547308336B442F
:109C500053F8AC3C581CBBA9CA9B009300230022BC
:109C60000CF090F80346002B03DC0E4B00221A6028
:109C70003FE30023CC9337E3441505089815050806
:109C8000DC150508F4150508301605083816050812
:109C9000401605086816050898160508B016050848
:109CA000B4160508CC050024CC9B9B0003F5547327
:109CB00008336B4453F8AC3C5B119B0003F55473C1
:109CC00008336B4453F86C2CCC9B9B0003F5547306
:109CD00008336B4453F8AC3C03F01F0322FA03F340
:109CE00003F00103002B00F0F282D6ABA3F58473DE
:109CF00048225A60D6ABA3F5927318225A60D6ABAD
:109D0000A3F5927330225A61D6ABA3F59273002269
:109D10009A61CC9B9B0003F5547308336B4453F852
:109D2000AC3C8DA90022184604F07AFCCD90BDF918
:109D30008A321A46CC9B9B0003F5547308336B445C
:109D400053F8AC3C19461046FFF7F0F8C690CD9B8F
:109D5000002B1CDAD6F7CEF803461B68642B11D112
:109D60009DF85533002B0DD10220D8F7EBFDC69A94
:109D700013461B011344994A13441A4698490DF09F
:109D80003BFFAEE297480DF06BFB0123FEE2CD9B5B
:109D9000102B02D10823CB9310E0CD9B482B02D18E
:109DA0004023CB930AE00220D8F7CCFD03461B22C8
:109DB00001218D480DF0C5FE0123E7E2D29B002B67
:109DC00008D0D29B013BD293D29B002B02D1874B70
:109DD00000221A60D6ABA3F592735B690B2B04D9F2
:109DE000D6ABA3F592731B6900E00023CE933AE053
:109DF000CE9B9B68102B08D1CE9B03F10C016FAB5F
:109E000008221846D8F7EFF927E0CE9B9B68252B50
:109E100017D1CE9B0C33C593C59B10331A68D6ABB4
:109E2000A3F5CE731A60C59B10335B68704A82FB42
:109E300003129211DB17D21AD6ABA3F5CE735A6078
:109E40000BE0CE9B9B68282B07D1CC9B9B00694ADB
:109E50001344CE9A0C3212681A608DABCE99184614
:109E6000FEF780FECE90CE9B002B03D0CE9B5B688E
:109E7000012BBDD05F4ACC9B52F823205E49CC9B7E
:109E800051F823309A4248D05A4ACC9B52F82320AA
:109E90005949CC9B51F82330D31AC4939DF85233BF
:109EA000022B16D0C49B012B01D9544900E0544920
:109EB000C69A13461B011344484A1A444D48CC9B8A
:109EC00050F82330009313460A46C4994D480DF0CC
:109ED000B0FA9DF84E33002B17D0C49B012B01D94B
:109EE000464900E04649C69A13461B0113443B4AC3
:109EF00013444048CC9A50F82220019200930B461C
:109F0000C49A4049C9980DF077FE3A4ACC9B52F862
:109F100023203949CC9B41F82320D6ABA3F5B87355
:109F20001B68002B05DA9DF84F3343F010038DF8C2
:109F30004F339DF84E33002B23D07AA914A8CB9B26
:109F4000002200F051FDD6ABA3F5CE731B680022B2
:109F50001E461746D6ABA3F5CE7359682A4B186830
:109F6000C69A13461B0113441C4A134414AA0392B5
:109F700002930190009132463B462449C9980DF066
:109F80003BFE9DF84D33002B42D09DF85233002B01
:109F90003ED17AA914A8CB9B002200F025FDD6ABB8
:109FA000A3F5CE731B68002298469146D6ABA3F565
:109FB000CE735968144B1868C69A13461B01134494
:109FC000064A134414AA0392029301900091424658
:109FD0004B460E480DF02DFA7CE100BF14500024D2
:109FE000BC160508D0160508D8160508CC050024AF
:109FF000D34D6210944F0024D44F0024F41605086A
:10A00000F8160508FC1605088C52002444170508AC
:10A010009DF85233002B18D09DF85233012B40F09D
:10A0200058819DF8513303F003038DF851339DF8A7
:10A030005133B44AD35C1946B3480DF0FAF99DF890
:10A04000513301338DF8513343E19DF85033022BE6
:10A0500012D9C699AD4B83FB0132CB17D21A1346E6
:10A060005B0013445B00CA1A1346DB0013445B0019
:10A070001344A74A134400E0A64B1946A6480DF026
:10A08000D8F99DF857337A2B40D07A2B00F3A38070
:10A09000642B3BD0642B00F39E80412B14D0612BAA
:10A0A00040F09980D6ABA3F5CE731B6800229A4688
:10A0B0009346D6ABA3F5CE735B68009352465B46DE
:10A0C00096480DF0B6F989E06FAB1846FBF76EFCC9
:10A0D0000246D6ABA3F542731C4615460FCD0FC4FE
:10A0E0000FCD0FC495E8070084E8070014AB5CA807
:10A0F0008B4A1821FAF7CEFED6ABA3F5CE735A6879
:10A100005CAB194687480DF094F967E0D6ABA3F530
:10A11000D2731B68002B0AD1D6ABA3F5D271D6AB94
:10A12000A3F5CE720B4692E8030083E80300D6AB9A
:10A13000A3F5CE731A68D6ABA3F5D2731B68D21AF7
:10A14000D6ABA3F5F8731A60D6ABA3F5CE735A68F5
:10A15000D6ABA3F5D2735B68D21AD6ABA3F5F8736E
:10A160005A60D6ABA3F5F8735B68002B12DAD6AB56
:10A17000A3F5F8731B685A1ED6ABA3F5F8731A60E3
:10A18000D6ABA3F5F8735A68674B1344D6AAA2F569
:10A19000F8725360D6ABA3F5F8731B6800220493E2
:10A1A0000592D6ABA3F5F8735B680093DDE9042351
:10A1B0005E480DF03EF99DF85733642B0DD1D6ABB8
:10A1C000A3F5D271D6ABA3F5CE720B4692E803008D
:10A1D00083E8030001E000BF00E000BF9DF85033BA
:10A1E000002B16D09DF85033022B12D8C699474B3E
:10A1F00083FB0132CB17D21A13465B0013445B007A
:10A20000CA1A1346DB0013445B001344404A13444C
:10A2100000E0404B194640480DF00BF9444B1968DB
:10A22000C69A13461B011344424A13441A46424835
:10A230000DF0FFF89DF85333002B22D0D6ABA3F5D9
:10A2400092739B6903F00403002B0DD0D6ABA3F5EA
:10A25000B8735B7903F003039B00384A1344194633
:10A2600037480DF0E6F80CE0D6ABA3F5B8735B7990
:10A2700003F003039B00314A1344194631480DF0A3
:10A28000D8F89DF85033012B01D12F4B00E0214B22
:10A2900019462E480DF0CDF80120D8F753FB9DF854
:10A2A0004F237AA9CB9B00931346002200F068FC51
:10A2B0009DF85033012B01D9234B00E0154B194673
:10A2C00023480DF0B6F80A200DF0E0F802E000BFD8
:10A2D00000E000BF0120D8F735FB03461846D8F749
:10A2E000FFF9CC9B0133CC93CC9AC79B9A42FFF6E3
:10A2F000DBAC184B1B68002B7FF45AAC0023CC93CB
:10A3000038E000BFEC0805085C170508ABAAAA2ACC
:10A310006C080508F8160508601705086417050895
:10A32000741705088817050840420F0094170508A0
:10A330008C52002414500024A4170508F0080508C6
:10A34000A8170508B0170508E0080508B81705089C
:10A35000C0170508CC050024CC9B9B0003F5547363
:10A3600008336B4453F8AC3C1846EEF72FF9CC9BFE
:10A370000133CC93CC9AC79B9A42EDDB9DF84E33C8
:10A38000002B02D0C9980DF0BDFA002318460DF538
:10A39000577DBDE8F08F00BF00B583B0019002206B
:10A3A000D8F7D0FA0346019A354918460DF024FC37
:10A3B0000220D8F7C7FA0346019A324918460DF031
:10A3C0001BFC0220D8F7BEFA03460E2201212E48BC
:10A3D0000DF0B7FB0220D8F7B5FA03463C22012165
:10A3E0002A480DF0AEFB0220D8F7ACFA03463C2217
:10A3F000012127480DF0A5FB0220D8F7A3FA034658
:10A400002D22012123480DF09CFB0220D8F79AFA57
:10A4100003462822012120480DF093FB0220D8F7A3
:10A4200091FA03464C2201211C480DF08AFB0220C0
:10A43000D8F788FA03464B22012119480DF081FB19
:10A440000220D8F77FFA03464D22012115480DF06E
:10A4500078FB0220D8F776FA03460A220121124837
:10A460000DF06FFB0220D8F76DFA03467F22012121
:10A470000E480DF066FB00BF03B05DF804FB00BFA3
:10A48000C4170508F017050814180508241805084E
:10A4900064180508A4180508D4180508001905084B
:10A4A000501905089C190508EC190508F819050844
:10A4B00000B5ABB00390029101232693039B032BBD
:10A4C00006D0029B1B681846FFF766FF0123B0E029
:10A4D000029B08331B680EAA1146184600F04BF980
:10A4E0002990299B002B0FD10220D8F72BFA034685
:10A4F0001A22012151480DF024FB029B1B681846CB
:10A50000FFF74AFF012394E0012203211D20F0F709
:10A5100054FB2890289B002B04DA49480CF0A0FF3C
:10A52000012386E0029B0433196805AB102218460C
:10A53000D7F70AFE05AB18460CF00CFF03461BB21A
:10A54000ADF82430BDF92430002B04D13D480CF087
:10A5500087FF01236DE020AB182200211846D7F7B2
:10A56000DDFD1D23ADF88030BDF92430ADF882301B
:10A57000299B102B34DD05AB1A4640F2097128984F
:10A58000EEF7B0F90346002B04DA2F480CF068FF11
:10A5900001234EE00A9B2793279B482B04D02B488E
:10A5A000F8F7A6FA012344E026AB04220092142215
:10A5B0006521289804F044FA0346002B04D024486F
:10A5C000F8F796FA012334E09DF83C30184600F085
:10A5D0008FF80346184600F07BF803468DF83C30B0
:10A5E00000230093002310226521289804F028FA04
:10A5F00020AB18221946289803F0B5FD0346002B1E
:10A6000004DA14480CF02CFF012312E0299A0EAB57
:10A6100019462898EFF73BFE0246299B934204D047
:10A620000D480CF01DFF012303E02898EDF7CEFF45
:10A63000002318462BB05DF804FB00BF781A05080C
:10A64000941A05089C1A0508AC1A0508B81A0508DA
:10A65000E81A05080C1B0508141B050882B00190B8
:10A660000B468DF803309DF803301B09DBB21A4608
:10A67000074B9A5C019B1A709DF8033003F00F02A0
:10A68000019B013302498A5C1A7000BF02B0704717
:10A690001C1B050884B00390029101920EE0019BFF
:10A6A00003F00F02029B591E02911946039B0B44B3
:10A6B00006498A5C1A70019B1B090193029B002BBF
:10A6C000EDDA00BF00BF04B0704700BF1C1B0508D7
:10A6D00082B003468DF807309DF8073003F00F0372
:10A6E000024AD35C184602B0704700BF301B050811
:10A6F00082B003468DF807309DF80730402B01D912
:10A700000F2303E09DF80730024AD35C184602B0DD
:10A71000704700BF401B050882B003468DF8073024
:10A720009DF807302F2B08D99DF80730392B04D816
:10A730009DF80730303BDBB21AE09DF80730402B24
:10A7400008D99DF80730462B04D89DF80730373BD1
:10A75000DBB20DE09DF80730602B08D99DF807307B
:10A76000662B04D89DF80730573BDBB200E010237E
:10A77000184602B0704700B58BB0019000910823D5
:10A780000693102305930198D7F72FFE03460493F1
:10A79000482200210098D7F7C1FC049B032B01DC61
:10A7A00000231CE1019B03331B78232B28D10423B6
:10A7B0000893002309931FE0099B019A13441B7817
:10A7C0001846FFF7A9FF03468DF80F309DF80F30AC
:10A7D0000F2B01D9002302E1009B1B689DF80F108D
:10A7E000099AC2F10202920001FA02F21A43009B96
:10A7F0001A60099B01330993099B022BDCDD3BE0C6
:10A80000019B08331B78232B34D1092308930023A1
:10A8100009931FE0099B019A13441B781846FFF720
:10A820007BFF03468DF80F309DF80F300F2B01D9B9
:10A830000023D4E0009B1B689DF80F10099AC2F119
:10A840000702920001FA02F21A43009B1A60099B68
:10A8500001330993099B072BDCDD009B1B6803F088
:10A860000053002B08D1009B1B6843F00042009B63
:10A870001A6001E00023B2E0089B019A13441B78A0
:10A88000522B05D0089B019A13441B78722B22D1BE
:10A89000009B1B6843F08042009B1A60089B0133B9
:10A8A0000893089B019A13441B78002B11D0089B36
:10A8B000019A13441B781846FFF72EFF03468DF8C4
:10A8C0000F309DF80F30082B03D8009B9DF80F2008
:10A8D0001A71059B83E0089B019A13441B78232B74
:10A8E0001BD14023069348230593089B0133019A0B
:10A8F00013441B781846FFF70FFF03468DF80F30FF
:10A900009DF80F300F2B01D9002368E0009B9DF8C4
:10A910000F205A71089B02330893002309930023E8
:10A92000079351E0089B019A13441B782E2B02D108
:10A93000089B01330893089A049B9A4249DA089BC2
:10A940005A1C08921A46019B13441B781846FFF7BD
:10A95000E3FE03468DF80F309DF80F300F2B01D921
:10A9600000233CE09DF80F301B01D9B2009A099BEF
:10A97000134408330A461A70089B5A1C08921A4658
:10A98000019B13441B781846FFF7C6FE03468DF85B
:10A990000F309DF80F300F2B01D900231FE0009AD4
:10A9A000099B134408331A789DF80F301343D9B22A
:10A9B000009A099B134408330A461A70079B013317
:10A9C0000793099B01330993099A069B9A42A9DBD5
:10A9D00000E000BF079BDAB2009B1A71059B184686
:10A9E0000BB05DF804FB000000B589B00390029144
:10A9F00001920093029B1B791A46009B9342A8BFC9
:10AA000013460593029B1B6803F00053002B0FD0E5
:10AA1000029B1B6823F040431A4607210398FFF767
:10AA200039FE039B083323221A700923069322E080
:10AA3000029B1B68002B0FDA029B1B6823F060430C
:10AA40001A4607210398FFF725FE039B08332322AC
:10AA50001A70092306930EE0029B1B68C3F30A03D6
:10AA60001A4602210398FFF715FE039B03332322A6
:10AA70001A7004230693009B082B28D1029B1B68A5
:10AA800003F08043002B22D0069B5A1C06921A46E4
:10AA9000039B134452221A70029B1B79002B10D087
:10AAA000029B1B79082B0CD8029B1B7903F00F0229
:10AAB000069B591C06911946039B0B442F498A5C3F
:10AAC0001A70069B039A134400221A7052E0009BEE
:10AAD000402B22D1069B5A1C06921A46039B134414
:10AAE00023221A70029B5B7903F00F02069B591C0C
:10AAF00006911946039B0B4420498A5C1A70019BFE
:10AB0000002B0AD0059B002B07D0069B5A1C0692EF
:10AB10001A46039B13442E221A700023079320E049
:10AB2000069B039AD018029A079B134408331B789C
:10AB30001946FFF793FD069B02330693019B002BFA
:10AB40000CD0079B0133059A9A4207DD069B5A1CDD
:10AB500006921A46039B13442E221A70079B013358
:10AB60000793079A059B9A42DADB069B039A1344E4
:10AB700000221A7009B05DF804FB00BF1C1B050819
:10AB800010B5ADF52E7DAEACA4F52B742060AEA84B
:10AB9000A0F52C700160AEA9A1F52D710A60AEAAD6
:10ABA000A2F52E721360AEABA3F52E72AEABA3F579
:10ABB0002C7105A8B09B1268096800F043F8AEAB91
:10ABC000A3F52B7305AA19681046F8F775F9AEAB13
:10ABD000A3F52E731B6803F00803002B1AD0AEAB4D
:10ABE000A3F52C731B681B6803F00053002B11D0D6
:10ABF000AEABA3F52C7205A8104B126840F2A3214E
:10AC000000F08CFB05AAAEABA3F52B730C491868BA
:10AC10000CF0F2FFAEABA3F52D731B68002B09D02F
:10AC2000AEABA3F52B72AEABA3F52D73116818680C
:10AC3000F8F742F900BF0DF52E7D10BD841B050805
:10AC4000881B050800B58BB0039002910192009318
:10AC5000029B1B791A46009B9342A8BF134605939B
:10AC60000F2220210398D7F759FA029B1B6803F0A3
:10AC70000053002B0BD0029B1B6823F040431A4665
:10AC800007210398FFF706FD0A2306932CE0029B99
:10AC90001B68002B0BDA029B1B6823F060431A46EB
:10ACA00007210398FFF7F6FC0A2306931CE0019B9B
:10ACB00003F01003002B0CD0039B581D029B1B6854
:10ACC000C3F30A031A460221FFF7E4FC0A230693A2
:10ACD0000AE0029B1B68C3F30A031A460221039889
:10ACE000FFF7D8FC05230693009B082B23D1069B76
:10ACF0000133039A13445B221A70059BDAB2069B58
:10AD0000023303990B443032D2B21A70069B0333DC
:10AD1000039A13445D221A70029B1B6803F0804360
:10AD2000002B36D0069B0533039A1344A4491846DA
:10AD3000F7F7CBFDC1E1069B039A13445B221A701F
:10AD4000059BA04A82FB03129210DB17D31ADAB2DA
:10AD5000069B013303990B443032D2B21A70059A24
:10AD6000984B83FB02139910D317C91A0B469B000B
:10AD70000B445B00D11ACAB2069B023303990B4401
:10AD80003032D2B21A70069B0333039A13445D2209
:10AD90001A70069B05330693019B03F00203002BF8
:10ADA00076D009230793019B03F00403002B3BD0CB
:10ADB000059B013B099333E0059B013B099A9A42AD
:10ADC00001D1202100E06021069B5A1C06921A4600
:10ADD000039B13440A461A70072308931AE0029A49
:10ADE000099B134408331B781A46089B42FA03F365
:10ADF00003F00103002B01D0312100E03021069B3C
:10AE00005A1C06921A46039B13440A461A70089B62
:10AE1000013B0893089B002BE1DA099B013B099356
:10AE2000099B002BC8DA89E0002309932BE0069BDD
:10AE30005A1C06921A46039B134420221A700723B9
:10AE400008931AE0029A099B134408331B781A46A8
:10AE5000089B42FA03F303F00103002B01D03121D8
:10AE600000E03021069B5A1C06921A46039B1344AD
:10AE70000A461A70089B013B0893089B002BE1DAF5
:10AE8000099B01330993099A059B9A42CFDB55E050
:10AE900003230793019B03F00403002B2ED0059B93
:10AEA000013B099326E0059B013B099A9A4208D190
:10AEB000069B5A1C06921A46039B134420221A70C2
:10AEC00007E0069B5A1C06921A46039B1344602215
:10AED0001A70069B039AD018029A099B13440833F0
:10AEE0001B781946FFF7BAFB069B02330693099BB2
:10AEF000013B0993099B002BD5DA1FE0002309933E
:10AF000018E0069B5A1C06921A46039B1344202203
:10AF10001A70069B039AD018029A099B13440833AF
:10AF20001B781946FFF79AFB069B02330693099B91
:10AF300001330993099A059B9A42E2DB069B039A27
:10AF4000134400221A70059B082B00F3B580029B66
:10AF50001B6803F00053002B0FD0069B039AD018F8
:10AF6000059BC3F10803079A02FB03F303F10D02EB
:10AF7000154B1649F7F7A9FC9FE0019B03F001036D
:10AF8000002B00F09A80059BC3F10803079A02FB8F
:10AF900003F304330893019B03F00403002B4AD00E
:10AFA000069B039AD0180A4B089A0849F7F78DFCBC
:10AFB000069A089B13440693059B013B09932FE0D7
:10AFC000901B050867666666A01B0508AC1B050894
:10AFD000B01B0508029A099B134408331B781F2BEA
:10AFE00013D9029A099B134408331B787E2B0CD883
:10AFF000069B5A1C06921A46039B13440299099A0F
:10B000000A44083212781A7007E0069B5A1C06920E
:10B010001A46039B13442E221A70099B013B099385
:10B02000099B002BD6DA069B039A13442449184641
:10B03000F7F74BFC41E0069B039AD018214B089A86
:10B040002149F7F742FC069A089B13440693002314
:10B05000099325E0029A099B134408331B781F2BA0
:10B0600013D9029A099B134408331B787E2B0CD802
:10B07000069B5A1C06921A46039B13440299099A8E
:10B080000A44083212781A7007E0069B5A1C06928E
:10B090001A46039B13442E221A70099B013309930D
:10B0A000099A059B9A42D5DB069B039A13440549EE
:10B0B0001846F7F70AFC00E000BF0BB05DF804FB90
:10B0C000B01B0508B41B0508AC1B050800B589B00A
:10B0D00003900291009313468DF8073000230693E6
:10B0E000002305939DF80730002B02D0029B002B14
:10B0F00001D1002339E00023079331E09DF80720B8
:10B10000079B42FA03F303F00103002B25D0059BB4
:10B11000002B0DD0069B039AD018069B029AD31AD7
:10B12000144A1946D5F7D9FB0246069B13440693E9
:10B13000069B039AD018069B029AD11A079B9B0084
:10B14000009A13441B680C4AD5F7C7FB0246069BBE
:10B1500013440693059B01330593079B0133079323
:10B16000079A0A9B9A42C9DB069B184609B05DF80C
:10B1700004FB00BF081F05080C1F050800B585B0BB
:10B18000039002910192029B002B01D1002307E062
:10B19000019B1B7A044A02990398D5F79EFB03464C
:10B1A000184605B05DF804FB101F050800B589B00E
:10B1B00005900491039200230793049B002B01D177
:10B1C00000232DE0079B059AD018079B049AD31AF9
:10B1D000154A1946D5F781FB0246079B134407938E
:10B1E000079B059AD018079B049AD11A039B5A7A99
:10B1F000072300930D4BFFF769FF0246079B13449B
:10B200000793079B059AD018079B049AD31A084AFC
:10B210001946D5F762FB0246079B13440793079B29
:10B22000184609B05DF804FB1C1F0508F40500244E
:10B23000201F050800B589B00590049103920023F2
:10B240000793049B002B01D1002356E0079B059A2E
:10B25000D018079B049AD31A2A4A1946D5F73DFB02
:10B260000246079B13440793079B059AD018079B38
:10B27000049AD11A039B9A7A08230093224BFFF772
:10B2800025FF0246079B13440793079B059AD01896
:10B29000079B049AD31A1D4A1946D5F71EFB02468E
:10B2A000079B13440793039BDB7A002B16D0039B69
:10B2B000DB7A1F2B12D8079B059AD018079B049A9C
:10B2C000D11A039BDB7A1A46114B53F82230114AEC
:10B2D000D5F703FB0246079B13440793079B059A88
:10B2E000D018079B049AD31A0B4A1946D5F7F5FADA
:10B2F0000246079B13440793079B184609B05DF865
:10B3000004FB00BF241F050810060024281F0508A1
:10B31000300600240C1F05082C1F050830B58DB021
:10B32000059004910392029300230A93002309934A
:10B330005E4B0893039B1B6803F00053002B00F047
:10B34000B180039B1B6823F060430793079BB3F511
:10B35000007F0CD90220D7F7F5FA079B00221C4684
:10B36000154622462B4652490CF046FC9BE0029BB8
:10B37000002B01D1089B029300230B9364E0012270
:10B380000B9B02FA03F30693079A069B1340002BCC
:10B3900057D0099B002B0DD00A9B059AD0180A9B09
:10B3A000049AD11A029B434AD5F797FA02460A9BA0
:10B3B00013440A930A9B059AD0180A9B049AD11A3F
:10B3C0003D4A0B9B52F823303A4AD5F786FA02469B
:10B3D0000A9B13440A93069B022B0DD10A9B059AE4
:10B3E000D0180A9B049AD31A039A1946FFF7C6FE8F
:10B3F00002460A9B13440A93069B042B0DD10A9B19
:10B40000059AD0180A9B049AD31A039A1946FFF793
:10B41000CDFE02460A9B13440A93069B082B0DD1CE
:10B420000A9B059AD0180A9B049AD31A039A1946C4
:10B43000FFF700FF02460A9B13440A93099B01335E
:10B4400009930B9B01330B930B9B082B97DD039BFD
:10B450009B7B002B03D1039BDB7B002B23D00A9B20
:10B46000059AD0180A9B049AD11A029B114AD5F763
:10B4700034FA02460A9B13440A930A9B059AD01891
:10B480000A9B049AD11A039B9B7B1A46039BDB7B86
:10B4900000931346094AD5F720FA02460A9B134443
:10B4A0000A9300E000BF0DB030BD00BF081F0508C3
:10B4B000301F05080C1F0508D0050024501F050883
:10B4C00000B597B001900091002315934B4B0122DA
:10B4D0001A704B48F7F70CFB4A494B480BF0A9FF91
:10B4E00041214848EDF794FC1490149B002B0ADA94
:10B4F000D4F700FD03461B680F930F9A4149434858
:10B500000BF097FF6EE009AB1A4641F60141149823
:10B51000EDF7E8F91390139B002B09DAD4F7EAFC56
:10B5200003461B681093109939480BF082FF56E0D0
:10B53000099B194637480BF07CFF099B0A93099B2E
:10B540000B9301238DF8303020238DF831300AAB76
:10B550001A4641F603411498EDF7C4F91390139B72
:10B56000002B09DAD4F7C6FC03461B681193119926
:10B5700029480BF05EFF32E0002120200BF016FF7F
:10B5800003AB1846D5F7F3F803AB20211846D5F7DF
:10B59000D5F805AA03AB114618460BF0DDF9139058
:10B5A000139B002B09DAD4F7A5FC03461B68129302
:10B5B00012991A480BF03DFF11E0069B159315995F
:10B5C00017480BF036FF0120D7F7BCF903461846A1
:10B5D000D7F786F84FF47A70FAF7D8FBD0E71498CB
:10B5E000ECF7F4FF054B00221A700E48F7F780FACB
:10B5F0000123184617B05DF804FB00BF90520024E9
:10B60000701F0508881F0508981F0508B41F050846
:10B61000E41F0508202005084C200508882005089F
:10B62000B8200508CC20050800B587B0039002912A
:10B630001548F7F75DFA154B1B78002B04D014481A
:10B64000F7F756FA00231BE000230093114B4FF449
:10B65000006264211048CAF766F80590059B002B2C
:10B660000ADAD4F747FC03461B68049304990B4895
:10B670000BF0DFFE012303E00948F7F739FA002356
:10B68000184607B05DF804FBE82005089052002436
:10B6900014210508C1B403084021050850210508FC
:10B6A0008821050800B583B00190019BD3F8AC3028
:10B6B000002B2BD0019BD3F8B020019BD3F8A830EE
:10B6C0009A4211D1019BD3F8A800019BD3F8AC108A
:10B6D000019B1B891A46019BB3F8943002FB03F3CC
:10B6E0001A46D6F780FD12E0019BD3F8AC00019B0F
:10B6F000D3F8A810019B1B891A46019BB3F894301C
:10B7000002FB03F31A46D6F76EFD00E000BF03B05C
:10B710005DF804FB00B58BB00190019B1B6803939F
:10B720000423049303AB002201211846EDF7C2FD68
:10B730000990099B002B34DD019BD3F8AC30002B22
:10B740002ED0019BD3F8B020019BD3F8A8309A42A9
:10B7500004D1019B0022C3F8A42005E0019BD3F88B
:10B76000B420019BC3F8A420019B1868019B8C3373
:10B770001A4642F61801EDF7B5F8019BD3F8B02050
:10B78000019BD3F8A8309A4203D1019BD3F8AC3087
:10B7900002E0019BD3F8A830019AC2F8B03000E073
:10B7A00000BF0BB05DF804FB00B585B001900091BF
:10B7B000009B1A4642F602010198EDF793F8034602
:10B7C000002B0FDAD4F796FB03461B680393022085
:10B7D000D7F7B8F80346039A264918460CF00CFA36
:10B7E000012343E0009B9B7A194623480BF021FE7E
:10B7F000009B1B68194621480BF01BFE009B5B68F1
:10B8000019461F480BF015FE009B1B8919461D4861
:10B810000BF00FFE009B9B7A19461B480BF009FEAC
:10B82000009BDB7A194619480BF003FE009BDB7A7C
:10B83000202B1AD0009BDB7A182B16D0009BDB7ACA
:10B84000102B12D0009BDB7A082B0ED0009BDB7AEA
:10B85000012B0AD00220D7F775F8009BDB7A1A4635
:10B860000B490CF0C9F9012300E00023184605B08C
:10B870005DF804FBE42105081022050828220508CC
:10B8800038220508482205085822050868220508BC
:10B890007822050800B58DB0019003AB1C22002171
:10B8A0001846D6F73BFC019B93F896300133DBB288
:10B8B0008DF81630019B1B6803AA11461846FFF746
:10B8C00073FF0B900B9B002B01DA012367E09DF8BF
:10B8D0001720019B93F897309A420BD00220D7F79C
:10B8E00031F803461B2201212F480CF02AF96FF092
:10B8F000150354E0039A019BD3F8A830D31A0A9396
:10B90000019BB3F894301A460A9BB3FBF2F101FB9A
:10B9100002F29B1A002B09D00220D7F713F8019BE3
:10B92000B3F894300A9A21490CF066F90A9B002B6F
:10B930001CD1019B1B891A46019BC3F8B420039AB2
:10B94000019BD3F8B430BDF8141001FB03F31A4483
:10B95000019BC3F8AC20019BD3F8AC10019BD3F83A
:10B96000B4301A4612480BF064FD17E0019BB3F89F
:10B9700094301A460A9BB3FBF2F2019BC3F8B42041
:10B98000039A019BC3F8AC20019BD3F8AC10019B38
:10B99000D3F8B4301A4607480BF04BFD0023184685
:10B9A0000DB05DF804FB00BF98220508B42205081D
:10B9B000482305087423050888B00390029101927A
:10B9C000039BD3F8B030039AB2F894201146029A40
:10B9D000528801FB02F2134406930023049325E0EE
:10B9E000029B1B889B00069A134407930023059330
:10B9F0000CE0134A019B52F82320079B191D079165
:10BA000042F07F421A60059B01330593029B9B889D
:10BA10001A46059B9342ECDB039BB3F894301A461D
:10BA2000069B13440693049B01330493029BDB881B
:10BA30001A46049B9342D3DB00BF00BF08B0704797
:10BA4000B821050888B0039002910192039BD3F8B6
:10BA5000B030039AB2F894201146029A528801FB42
:10BA600002F213440693002304933CE0029B1B88DC
:10BA70001A4613465B0013441A46069B1344079369
:10BA8000002305931FE01D4A019B52F82310079BDA
:10BA90005A1C0792CAB21A70184A019B52F82330F6
:10BAA000190A079B5A1C0792CAB21A70134A019BC3
:10BAB00052F82330190C079B5A1C0792CAB21A700D
:10BAC000059B01330593029B9B881A46059B934275
:10BAD000D9DB039BB3F894301A46069B13440693B4
:10BAE000049B01330493029BDB881A46049B934218
:10BAF000BCDB00BF00BF08B0704700BFB82105081D
:10BB000088B0039002910192039BD3F8B030039A5E
:10BB1000B2F894201146029A528801FB02F21344B3
:10BB200006930023049323E0029B1B885B00069A84
:10BB300013440793002305930AE0079B9A1C07927E
:10BB40001049019A31F812201A80059B01330593A0
:10BB5000029B9B881A46059B9342EEDB039BB3F83E
:10BB600094301A46069B13440693049B01330493B6
:10BB7000029BDB881A46049B9342D5DB00BF00BFC3
:10BB800008B07047D021050888B003900291019257
:10BB9000039BD3F8B030039AB2F894201146029A6E
:10BBA000528801FB02F2134406930023049323E01E
:10BBB000029B1B881A46069B134407930023059398
:10BBC0000AE0079B5A1C07921049019A0A4412780E
:10BBD0001A70059B01330593029B9B881A46059BAF
:10BBE0009342EEDB039BB3F894301A46069B134452
:10BBF0000693049B01330493029BDB881A46049B43
:10BC00009342D5DB00BF00BF08B07047DC210508B8
:10BC100000B58FB0039002910192019B03F00103E4
:10BC2000002B01D1002300E0FF238DF82F30039B70
:10BC3000D3F8B030039AB2F894201146029A528891
:10BC400001FB02F213440D93029B1B880733DB10A8
:10BC50000A93029B1B881A46029B9B881344DB10A5
:10BC60000993029B1B8803F108020A9BDB00D31A8D
:10BC70000893FF22089B42FA03F38DF81F30029BC2
:10BC80001B881A46029B9B881A44099BDB00D31A27
:10BC90000693069BC3F10803FF2202FA03F38DF813
:10BCA000173000230C937BE00A9A099B9A4223DD0C
:10BCB0000A9B013B0D9A13440493049B1B785AB2D0
:10BCC0009DF81F109DF817300B40DBB2DB43DBB251
:10BCD0005BB213405AB29DF81F109DF817300B400D
:10BCE000D9B29DF82F300B40DBB25BB213435BB28D
:10BCF000DAB2049B1A7050E0089B002B19D00A9B03
:10BD0000013B0D9A13440493049B1B785AB29DF98E
:10BD10001F30DB435BB213405AB29DF81F109DF8F1
:10BD20002F300B40DBB25BB213435BB2DAB2049B41
:10BD30001A70099A0A9B9A420CDD0A9B0D9A1344C9
:10BD400004939DF82F10099A0A9BD31A1A46049857
:10BD5000D6F7E4F9069B002B18D0099B0D9A1344E3
:10BD60000493049B1B785AB29DF91730DB435BB2F6
:10BD700013405AB29DF817109DF82F300B40DBB2DC
:10BD80005BB213435BB2DAB2049B1A70039BB3F845
:10BD900094301A460D9B13440D930C9B01330C9366
:10BDA000029BDB881A460C9B9342FFF67DAF00BFD7
:10BDB00000BF0FB05DF804FB00B589B0039002919D
:10BDC0000192039B93F89730013B1F2B54D801A29B
:10BDD00052F823F085BE030879BE030879BE030834
:10BDE00079BE030879BE030879BE030879BE03084B
:10BDF00079BE030879BE030879BE030879BE03083B
:10BE000079BE030879BE030879BE030879BE03082A
:10BE10006DBE030879BE030879BE030879BE030826
:10BE200079BE030879BE030879BE030879BE03080A
:10BE300061BE030879BE030879BE030879BE030812
:10BE400079BE030879BE030879BE030879BE0308EA
:10BE500055BE0308019A02990398FFF7ADFD17E05C
:10BE6000019A02990398FFF7EDFD11E0019A0299FA
:10BE70000398FFF745FE0BE0019A02990398FFF73C
:10BE800083FE05E0019A02990398FFF7C1FE00BF07
:10BE9000039BD3F8B020039BD3F8A8309A4203D079
:10BEA000039BD3F8B43000E000230793029B5A8829
:10BEB000079B9BB213449AB2029B5A80039B1B6858
:10BEC000029A42F607011846ECF70CFD0690069B15
:10BED000002B0DDAD4F70EF803461B6805930220F9
:10BEE000D6F730FD0346059A094918460BF084FE43
:10BEF000039BD3F89C30039A12895200934202D1DB
:10BF00000398FFF707FC00BF09B05DF804FB00BF12
:10BF1000A423050800B5C3B0039042ABA3F580731A
:10BF20001960A14B4193039B022B06D142ABA3F5B1
:10BF300080731B685B68419319E0039B012B16D04B
:10BF40000220D6F7FFFC03462022012197480BF080
:10BF5000F8FD0220D6F7F6FC42ABA3F580731B6810
:10BF60001B681A4692490BF047FE012318E1032192
:10BF70004198ECF74DFF03460793079B002B0EDA21
:10BF8000D3F7B8FF03461B6835930220D6F7DAFCD7
:10BF9000359B419A87490BF02FFE012300E107985A
:10BFA00007AB04331A4642F60101ECF79BFC3B90C9
:10BFB0003B9B002B13DAD3F79DFF03461B68369398
:10BFC0000220D6F7BFFC0346369A7B4918460BF091
:10BFD00013FE079B1846ECF7F9FA0123E0E07748D7
:10BFE000F6F786FD9DF82030194675480BF021FACA
:10BFF000BDF82230194673480BF01BFABDF8243007
:10C00000194671480BF015FA9DF8263019466F480D
:10C010000BF00FFA079A07AB8C3319461046FFF75F
:10C02000C3FB3B903B9B002B05DA079B1846ECF7C4
:10C03000CDFA0123B4E02B99079B002201920093D3
:10C040000923032200200AF04EF903463193319B65
:10C05000B3F1FF3F13D1D3F74DFF03461B6837936E
:10C060000220D6F76FFC0346379A594918460BF061
:10C07000C3FD079B1846ECF7A9FA012390E0319B1A
:10C08000194654480BF0D5F92E9BBDF824205200D8
:10C09000934207D107AB1846FFF7FCFB3B903B9B55
:10C0A000002B71DB319B33930B233A93BDF8223085
:10C0B0001A463A9B92FBF3F33993BDF824301A46A3
:10C0C0003A9B92FBF3F33893BDF822304093BDF8CE
:10C0D00024303F9300233D9300233C9300233E9361
:10C0E00049E03D9B9BB2ADF814303C9B9BB2ADF850
:10C0F0001630409B9BB2ADF818303F9B9BB2ADF819
:10C100001A30BDF814301946BDF816301846BDF87F
:10C110001830BDF81A200192009303460A463E9952
:10C120002D480BF086F905A907AB3E9A1846FFF794
:10C1300043FE2A48F9F72AFE399B5B00409AD31A3E
:10C140004093389B5B003F9AD31A3F932E9BBDF8D8
:10C1500024205200934203D107AB1846FFF7A2FAFE
:10C160003D9A399B13443D933C9A389B13443C932E
:10C170003E9B01333E933E9B052BB2DD1848F6F7FC
:10C18000B7FC00233B9300E000BF319B2B9A114684
:10C1900018460AF041F9079B1846ECF717FA3B9B43
:10C1A000184643B05DF804FBAC210508CC23050814
:10C1B000F023050810240508302405085C24050830
:10C1C00068240508782405088824050898240508AB
:10C1D000A8240508C4240508D424050820A10700C4
:10C1E000F024050800B583B001900220D6F7AAFB21
:10C1F0000346019A744918460BF0FEFC0220D6F75C
:10C20000A1FB0346019A714918460BF0F5FC022088
:10C21000D6F798FB0346072201216D480BF091FCED
:10C220000220D6F78FFB03463622012169480BF026
:10C2300088FC0220D6F786FB034637220121664898
:10C240000BF07FFC0220D6F77DFB03463F22012145
:10C2500062480BF076FC0220D6F774FB03464422BA
:10C2600001215F480BF06DFC0220D6F76BFB034603
:10C270002C2201215B480BF064FC0220D6F762FB04
:10C2800003460A22012158480BF05BFC0220D6F736
:10C2900059FB03461422012154480BF052FC0220A2
:10C2A000D6F750FB03461B22012151480BF049FCF5
:10C2B0000220D6F747FB03461D2201214D480BF013
:10C2C00040FC0220D6F73EFB0346152201214A48D6
:10C2D0000BF037FC0220D6F735FB03461F22012165
:10C2E00046480BF02EFC0220D6F72CFB0346182202
:10C2F000012143480BF025FC0220D6F723FB03461F
:10C300001D2201213F480BF01CFC0220D6F71AFB2E
:10C3100003461C2201213C480BF013FC0220D6F7F7
:10C3200011FB03461F22012138480BF00AFC0220B2
:10C33000D6F708FB03462022012135480BF001FC0B
:10C340000220D6F7FFFA03461D22012131480BF0E7
:10C35000F8FB0220D6F7F6FA03461F2201212E48E9
:10C360000BF0EFFB0220D6F7EDFA03462422012161
:10C370002A480BF0E6FB0220D6F7E4FA0346232214
:10C38000012127480BF0DDFB0220D6F7DBFA03463C
:10C390002622012123480BF0D4FB0220D6F7D2FA43
:10C3A00003462722012120480BF0CBFB0220D6F7C1
:10C3B000C9FA0346242201211C480BF0C2FB00BF2E
:10C3C00003B05DF804FB00BF0025050844250508FF
:10C3D000542505085C25050894250508CC25050885
:10C3E0000C2605085426050884260508902605080D
:10C3F000A8260508C4260508E4260508FC26050825
:10C400001C27050838270508582705087827050838
:10C4100098270508BC270508DC270508FC27050820
:10C4200024280508482805087028050898280508C4
:10C4300000B59DB0039002910023179300238DF85F
:10C440006E3000238DF86D3000238DF86C300023A2
:10C450008DF86B3000231993039B012B0FDC022016
:10C46000D6F770FA034622220121A3480BF069FB9C
:10C47000029B1B681846FFF7B5FE012313E3012357
:10C480001893189B9B00029A13441B689B491846FB
:10C49000F8F771FA0346002B06D1029B1B68184679
:10C4A000FFF7A0FE0123FEE2189B9B00029A1344B3
:10C4B0001B6893491846F8F75EFA0346002B3BD1F8
:10C4C00001238DF86E30189B01331893189A039B43
:10C4D0009A420FDB0220D6F735FA03461E220121CD
:10C4E00088480BF02EFB029B1B681846FFF77AFE6C
:10C4F0000123D8E2189B9B00029A13441B6818463C
:10C50000F6F7EEFC03468DF86F30189B0133189355
:10C51000189A039B9A420FDB0220D6F713FA0346C0
:10C520002622012178480BF00CFB029B1B68184661
:10C53000FFF758FE0123B6E2189A039B9A4245DAA8
:10C54000189B9B00029A13441B6870491846F8F721
:10C5500012FA0346002B39D101238DF86D30189B58
:10C5600001331893189A039B9A420FDB0220D6F7E7
:10C57000E9F903461E22012165480BF0E2FA029B0D
:10C580001B681846FFF72EFE01238CE2189B9B00C8
:10C59000029A13441B681846F6F7A2FC1990189BE0
:10C5A00001331893189A039B9A420FDB0220D6F7A7
:10C5B000C9F903462622012153480BF0C2FA029B17
:10C5C0001B681846FFF70EFE01236CE2189A039BC6
:10C5D0009A426FDA189B9B00029A13441B684D49DC
:10C5E0001846F8F7C8F90346002B63D1189B0133AE
:10C5F0001893189A039B9A420FDB0220D6F7A2F9F0
:10C6000003461E22012144480BF09BFA029B1B6843
:10C610001846FFF7E7FD012345E2189B9B00029AAD
:10C6200013441B683D491846F8F7A5F90346002B4B
:10C6300006D100238DF86C3001238DF86B3022E099
:10C64000189B9B00029A13441B6835491846F8F75B
:10C6500092F90346002B06D101238DF86C3001239B
:10C660008DF86B300FE00220D6F76CF903461E22DE
:10C6700001212C480BF065FA029B1B681846FFF756
:10C68000B1FD01230FE2189B01331893189A039B05
:10C690009A420FDB0220D6F755F9034626220121E4
:10C6A00019480BF04EFA029B1B681846FFF79AFDDB
:10C6B0000123F8E1189B9B00029A13441B6817930F
:10C6C000179919480AF0B5FE03211798ECF7A0FB5B
:10C6D0001690169B002B2BDAD3F70CFC03461B6835
:10C6E0000C930220D6F72EF90C9B179A0F490BF0EA
:10C6F00083FA0123D7E100BFC0280508E428050814
:10C70000E8280508EC2805080C290508342905083F
:10C7100038290508582905085C2905087C290508D9
:10C720008029050884290508A4290508B0290508D9
:10C730009DF86E30002B1DD09DF86F301A4642F2E6
:10C7400006311698ECF7CEF81590159B002B11DAF0
:10C75000D3F7D0FB03461B6814930220D6F7F2F8F8
:10C76000149B179ABD490BF047FA1698EBF72EFF6A
:10C77000012398E10DF12F031A4642F20331169876
:10C78000ECF7B0F81590159B002B11DAD3F7B2FB3C
:10C7900003461B680D930220D6F7D4F80D9B179A19
:10C7A000AF490BF029FA1698EBF710FF01237AE155
:10C7B0000DF12E031A4642F202311698ECF792F868
:10C7C0001590159B002B11DAD3F794FB03461B68D9
:10C7D0000E930220D6F7B6F80E9B179AA1490BF0DC
:10C7E0000BFA1698EBF7F2FE01235CE19DF82F306F
:10C7F000102B00F2218101A252F823F041C8030856
:10C800004FC803085DC803086BC803086BC803085A
:10C8100019C9030819C9030819C9030819C9030864
:10C8200019C9030819C9030819C9030819C9030854
:10C8300019C9030819C9030819C9030819C9030844
:10C840009DF82E30194688480AF0F3FD27E19DF83F
:10C850002E30194685480AF0ECFD20E19DF82E3077
:10C86000194683480AF0E5FD19E19DF82E30194676
:10C8700080480AF0DEFD9DF86B30002B00F0EB8065
:10C880009DF86C3019467C480AF0D3FD9DF86C3059
:10C890001A4642F201311698ECF724F81590159BD0
:10C8A000002B14DAD3F726FB03461B680F930220F4
:10C8B000D6F748F89DF86C200F9B0093179B6F49A3
:10C8C0000BF09AF91698EBF781FE0123EBE00DF1DE
:10C8D0002E031A4642F202311698ECF703F815902F
:10C8E000159B002B11DAD3F705FB03461B68109349
:10C8F0000220D6F727F8109B179A61490BF07CF9B4
:10C900001698EBF763FE0123CDE09DF82E30194613
:10C910005C480AF08EFD9EE09DF82E3019465A487C
:10C920000AF087FD9DF86D30002B00F0B7800123E1
:10C930008DF82030199BDBB28DF8213008AB1A46F8
:10C9400042F204311698EBF7CDFF1590159B002BA2
:10C9500011DAD3F7CFFA03461B6811930220D5F7FB
:10C96000F1FF119B179A49490BF046F91698EBF71E
:10C970002DFE012397E004AB1846D3F7F8FE04AB75
:10C9800019991846D3F7DAFE052306930023079377
:10C9900006AA04AB00211846CDF7E8FC159000224A
:10C9A00042F205311698EBF79DFF159B002B1EDA1E
:10C9B000D3F7A0FA03461B681293129B0B2B07D1E7
:10C9C0003348F6F795F81698EBF700FE00236AE077
:10C9D0000220D5F7B7FF129B0093179B199A2D4998
:10C9E0000BF00AF91698EBF7F1FD01235BE00DF16E
:10C9F0002E031A4642F202311698EBF773FF159098
:10CA0000159B002B11DAD3F775FA03461B681393B5
:10CA10000220D5F797FF139B179A19490BF0ECF8F2
:10CA20001698EBF7D3FD01233DE09DF82E30194613
:10CA300014480AF0FEFC31E00220D5F783FF0346DC
:10CA40009DF82F20144918460BF0D6F81698EBF7EE
:10CA5000BDFD012327E000BF21E000BFD02905086C
:10CA6000F8290508242A0508502A05086C2A050813
:10CA7000942A0508BC2A0508D82A0508F42A0508BE
:10CA8000242B0508502B05086C2B0508882B05085E
:10CA9000B82B0508E02B0508102C050800BF1698D8
:10CAA000EBF794FD002318461DB05DF804FB00BFB2
:10CAB00000B583B0019000910348F6F719F8002300
:10CAC000184603B05DF804FB342C050800B585B0AA
:10CAD000039002910192039B0F2B09D10948F6F7AD
:10CAE00007F8094B00221A700848F6F701F805E02C
:10CAF000019B029A039906480AF09BFC00BF05B00F
:10CB00005DF804FB442C050891520024582C0508BC
:10CB1000702C050810B592B00190009102AB142260
:10CB200000211846D5F7FAFA644B029302230593C5
:10CB300002AB04331846D3F71AFE02AB04330F21BD
:10CB40001846D3F7FBFD02AB002219460F20CDF7A4
:10CB500063F90D900D9B002B0ED00220D5F7F2FE4D
:10CB60000446D3F7C7F903461B681A4654492046C2
:10CB70000BF042F802239EE0F4F7BEFA0C90514B02
:10CB800001221A700C9950480AF053FC4F49504842
:10CB90000AF04FFC02214D48ECF73AF90B900B9B41
:10CBA000002B0ADAD3F7A6F903461B680893089A04
:10CBB000464948480AF03DFC76E007AB1A4641F684
:10CBC00001510B98EBF78EFE0D900D9B002B09DAAF
:10CBD000D3F790F903461B68099309993E480AF078
:10CBE00028FC5EE0079B19463C480AF022FC079BA4
:10CBF00003F00F0307930023119301238DF84330B3
:10CC000048E09DF84330002B13D0119B0E930E9BF0
:10CC100001330E93079B0E9A13400F930F9A119BAB
:10CC20009A42F4D00F9B002B17D100238DF843308C
:10CC300030E0119B002B03D101238DF8433029E014
:10CC4000119B0E930E9B013B0E93079B0E9A134074
:10CC50000F930F9A119B9A42F4D00F9B1193119945
:10CC60001F480AF0E6FB119A41F603510B98EBF7C7
:10CC700039FE0D900D9B002B09DAD3F73BF90346E3
:10CC80001B680A930A9914480AF0D3FB09E0154877
:10CC9000F9F77CF80B4B1B78002BB2D10020D3F7AF
:10CCA00046FE0B98EBF792FC064B00221A700E48DA
:10CCB000F5F71EFF0123184612B010BDCDCA0308B8
:10CCC000A82C050891520024D82C0508F82C05083A
:10CCD000082D0508202D05084C2D0508842D050874
:10CCE000A82D050820A10700C42D050800B587B0B0
:10CCF000039002911548F5F7FBFE154B1B78002BAE
:10CD000004D01448F5F7F4FE00231BE00023009341
:10CD1000114B4FF4006264211048C8F704FD0590E0
:10CD2000059B002B0ADAD3F7E5F803461B6804934A
:10CD300004990B480AF07DFB012303E00948F5F74D
:10CD4000D7FE0023184607B05DF804FBDC2D05086C
:10CD500091520024002E050815CB0308282E050843
:10CD6000342E0508682E050800B585B00190074BE4
:10CD700003930398D5F739FB03461A4603990198A4
:10CD8000EDF785FA00BF05B05DF804FB882E0508B5
:10CD900000B585B00190009102211348ECF738F8F6
:10CDA0000290029B002B0ADA0220D5F7CBFD034646
:10CDB000172201210D480AF0C4FE01230FE00023D1
:10CDC000039305E00298FFF7CFFF039B0133039322
:10CDD000039B092BF6DD0298EBF7F8FB00231846BE
:10CDE00005B05DF804FB00BFA82E0508B82E0508A5
:10CDF00000B589B0019000910023079301211F48DD
:10CE0000ECF706F80690069B002B2EDA1B491C480F
:10CE10000AF00FFB4FF0FF332BE01A480AF009FB32
:10CE200002AB0B2219460698ECF7AAFB0590059B6E
:10CE30000B2B05D102AB194613480AF0FAFA17E09A
:10CE4000059B13F10B0F03D0059BB3F1FF3F03D1FB
:10CE50000E48F5F74DFE02E00D48F5F749FE0D4886
:10CE6000F8F794FF079B01330793079B022BD4DD50
:10CE70000023184609B05DF804FB00BFD02E05085A
:10CE8000DC2E0508F02E0508042F0508182F0508CC
:10CE9000302F050820A1070000B583B00190009154
:10CEA0000099019800F02AFF00F0A2FD0023184627
:10CEB00003B05DF804FB00B583B0019000910099C8
:10CEC000019800F06FFF00F0E1FF0023184603B067
:10CED0005DF804FB10B586B00190019B5B6A059379
:10CEE00000230493019B5868019B1A6A049BD31A80
:10CEF0001A460599EDF7CBF90390039B002B13DA43
:10CF00000220D5F71FFD0446D2F7F4FF03461B6845
:10CF100018460BF063FA03460C4A0D4920460AF006
:10CF20006BFE4FF0FF330DE0039B049A1344049310
:10CF3000039B059A13440593019B1B6A049A9A422A
:10CF4000D0D30023184606B010BD00BF402F0508FF
:10CF5000442F050810B584B00190019B5B6A0393D0
:10CF6000019B00221A62019B1868019BDA69019BF0
:10CF70001B6AD31A1A460399ECF702FB0290029B34
:10CF8000002B19DAD2F7B6FF03461B68042B24D016
:10CF90000220D5F7D7FC0446D2F7ACFF03461B6846
:10CFA00018460BF01BFA0346134A144920460AF0B0
:10CFB00023FE4FF0FF331BE0019B1A6A029B1A44C9
:10CFC000019B1A62029B039A13440393029B002B5A
:10CFD00004D1019B01221A7609E000BF019B1A6A65
:10CFE000019BDB699A4202D2029B002BBBD100233A
:10CFF000184604B010BD00BF402F0508602F05087B
:10D0000010B584B003900291039B002B04D1029BC6
:10D0100000221A60002321E001210398EBF7F8FEBB
:10D020000246029B1A60029B1B68002B15DA022045
:10D03000D5F788FC0446D2F75DFF03461B68184607
:10D040000BF0CCF903460093039B064A06492046A1
:10D050000AF0D2FD4FF0FF3300E00023184604B081
:10D0600010BD00BF402F0508782F050810B584B00B
:10D0700003900291039B002B04D1029B01225A6072
:10D08000002325E0029B5B694FF4D2721946039896
:10D09000EBF7BEFE0246029B5A60029B5B68002BC8
:10D0A00015DA0220D5F74EFC0446D2F723FF0346DB
:10D0B0001B6818460BF092F903460093039B064A3F
:10D0C000064920460AF098FD4FF0FF3300E00023A8
:10D0D000184604B010BD00BF402F0508782F050882
:10D0E00010B58EB0019000230D9300230C93019B8B
:10D0F0001868019BDB68002B06D0019BDB68019A56
:10D10000D26902FB03F300E0002300221946EBF78B
:10D1100071FC0C900C9B002B12DA0220D5F712FC4C
:10D120000446D2F7E7FE03461B6818460BF056F993
:10D130000346554A554920460AF05EFD0C9B9FE088
:10D14000019B00221A76019B5B6800220021184691
:10D15000EBF750FC0C900C9B002B12DA0220D5F759
:10D16000F1FB0446D2F7C6FE03461B6818460BF0D7
:10D1700035F90346444A464920460AF03DFD0C9BDA
:10D180007EE0019BDB691846D5F71CFC03460B9338
:10D190000B9B002B57D14FF0FF3371E00198FFF745
:10D1A000D9FE0C900C9B002B5ADB019B5868019B0D
:10D1B0001B6A1A460B99ECF7E3F90C90019B1A6A6B
:10D1C0000C9B9A4212D00220D5F7BCFB04460C9B64
:10D1D000002B04DAD2F78EFE03461B6800E00C9B9E
:10D1E000294A2C4920460AF007FD3AE0019B586A7B
:10D1F000019B1B6A1A460B99F7F771FB0346002B3C
:10D200001ED003A80D9B244A2021D3F766FB019B67
:10D21000596A019B1A6A03AB184609F087FE03A8F6
:10D220000D9B1E4A2021D3F758FB019B1A6A03ABC2
:10D230000B99184609F07AFE4FF0FF330C9310E07B
:10D240000D9B01330D93019B1B7E83F00103DBB229
:10D25000002B06D0019B9B680D9A9A429ED300E05A
:10D2600000BF0C9B002B07DA0220D5F76BFB0C9B51
:10D27000054A0B490AF0C0FC0B98D5F793FB0C9BB1
:10D2800018460EB010BD00BF402F0508982F0508A6
:10D29000B82F0508D82F0508F82F05080C30050809
:10D2A0002030050800B583B00190019B07220121C1
:10D2B00005480AF046FC054A054901980AF09CFC1D
:10D2C00000BF03B05DF804FB40300508402F05089F
:10D2D00048300508000000002DE9F04F2DED028BCD
:10D2E000AFB01190109100232D9300232C934FF099
:10D2F00000024FF00003CDE92A23002329934FF0C9
:10D30000FF33289300238DF89B3016AB2822002191
:10D310001846D4F703FF4FF400731D934FF0FF330B
:10D32000189326231B930123279313E1279B9A002D
:10D33000109B13441B6803229F491846F7F7F5FB1F
:10D340000346002B07D1279B9A00109B13441B68B0
:10D3500003332D93FBE0279B9A00109B13441B681B
:10D36000032296491846F7F7E0FB0346002B07D146
:10D37000279B9A00109B13441B6803332C93E6E011
:10D38000279B9A00109B13441B6803228C49184664
:10D39000F7F7CBFB0346002B0BD1279B9A00109B82
:10D3A00013441B6803331846F5F79AFD03461D9393
:10D3B000CDE0279B9A00109B13441B6806228149ED
:10D3C0001846F7F7B2FB0346002B0BD1279B9A00B8
:10D3D000109B13441B6806331846F5F781FD03467E
:10D3E0001893B4E0279B9A00109B13441B680522F6
:10D3F00075491846F7F799FB0346002B0BD1279B7D
:10D400009A00109B13441B6805331846F5F768FD16
:10D41000034619939BE0279B9A00109B13441B68BB
:10D4200005226A491846F7F780FB0346002B0BD10B
:10D43000279B9A00109B13441B6805331846F5F789
:10D440004FFD03461A9382E0279B9A00109B1344DA
:10D450001B6806225E491846F7F767FB0346002B58
:10D4600004D11B9B43F001031B9370E0279B9A00A0
:10D47000109B13441B68052256491846F7F755FBC5
:10D480000346002B4AD1279B9A00109B13441B682C
:10D49000053325932C212598D4F707FF2190219B54
:10D4A000002B03D0219A259BD31A03E02598D4F7AB
:10D4B0009CFF03462093209B072B0CD10722464953
:10D4C0002598F7F70CFA0346002B04D11B9B23F099
:10D4D00020031B931BE0209B072B0CD107223F4905
:10D4E0002598F7F7FCF90346002B04D11B9B23F08A
:10D4F00024031B930BE00220D5F724FA209A259BE6
:10D5000000931346364A37490AF076FB22E2219B04
:10D51000002B1BD0219B01332593BBE7279B9A004F
:10D52000109B13441B6830491846F7F724FA03464A
:10D53000002B03D101238DF89B3008E00220D5F7A2
:10D5400001FA03461846FFF7ADFE03E200BF279B32
:10D5500001332793279A119B9A42FFF6E7AE9DF875
:10D560009B30002B08D00120D5F7ECF90346184674
:10D57000FFF798FE0023F8E11B9B03F00103002B4B
:10D5800036D02D9B002B02D02C9B002B30D10220BB
:10D59000D5F7D8F9044616200AF020FF0346104AB2
:10D5A000124920460AF028FB0220D5F7CBF90346A2
:10D5B0001846FFF777FECDE1D4300508D8300508CE
:10D5C000DC300508E0300508E8300508F0300508D3
:10D5D000F830050800310508083105081031050844
:10D5E000402F050818310508383105084031050875
:10D5F0001D9B1846D5F7E6F903461F931F9B002B8A
:10D6000011D10220D5F79EF90446D2F773FC0346E8
:10D610001B6818460AF0E2FE0346B34AB3492046A7
:10D620000AF0EAFA96E116AB19462D98FFF7E8FCE6
:10D630002890289B002BC0F2868116AB19462C98A7
:10D64000FFF714FD2890289B002BC0F24381199B03
:10D65000002B21D01698199A1D9B02FB03F3002280
:10D660001946EBF7C7F92890289B002B14DA022003
:10D67000D5F768F90446D2F73DFC03461B68184607
:10D680000AF0ACFE0346984A994920460AF0B4FADB
:10D690004FF0FF332893FFE01A9B002B21D01798FF
:10D6A0001A9A1D9B02FB03F300221946EBF7A2F91D
:10D6B0002890289B002B14DA0220D5F743F9044662
:10D6C000D2F718FC03461B6818460AF087FE03468B
:10D6D000854A884920460AF08FFA4FF0FF33289395
:10D6E000DAE014AB19460120F1F75EFD27E016AB36
:10D6F0001846FFF72FFC2890289B002BC0F2C7800C
:10D700001E9B002B1BD016AB1846FFF7E3FB28909F
:10D71000289B002BC0F2BD80299B013329931E9BBF
:10D72000002202930392DDE92A23029951180A91FB
:10D7300003994B410B93DDE90A23CDE92A239DF898
:10D74000703083F00103DBB2002B03D0189A299BC1
:10D750009342CCD30023289312AB19460120F1F752
:10D7600023FD129B00229A469346634B03FB0BF268
:10D77000002303FB0AF31A445F4BAAFB0367D31988
:10D780001F46139BDA1704930592DDE904120B463A
:10D79000F3180C93134647EB03030D93DDE90C23B9
:10D7A000CDE92223149B002206930792524BDDE918
:10D7B00006673A4603FB02F20023314601FB03F3FE
:10D7C00013444D4A3146A1FB02452B441D46159B8F
:10D7D000DA1708930992DDE908120B4614EB0308E7
:10D7E000134645EB0309DDE92223B2EB08010E9154
:10D7F00063EB09030F93DDE90E34CDE92234DDE953
:10D8000022014FF47A724FF00003F1F7EBF9024670
:10D810000B46CDE922230220D5F794F8229B0193F1
:10D82000299B0093DDE92A2334490AF0E5F9022017
:10D83000D5F788F80446DDE92A0109F051F841ECF2
:10D84000160B9FED257B86EE078BDDE9220109F0A3
:10D8500047F841EC150B9FED227B85EE076B88EEB8
:10D86000067BFCEEC77B17EE902A254920460AF07E
:10D87000C3F9289B002B0ED11B9B03F00103002B47
:10D8800009D016AB1846FFF72BFC289004E000BF28
:10D8900002E000BF00E000BF2C9B002B34D0179BA0
:10D8A0001846EAF793FE03461793179B002B2BDAD3
:10D8B0000220D5F747F80446D2F71CFB03461B6845
:10D8C00018460AF08BFD0346074A0E4920460AF027
:10D8D00093F91AE000BF18E000000000000090403B
:10D8E0000000000080842E41402F05085C310508AF
:10D8F000783105089431050800CA9A3BB83105080B
:10D90000E4310508F031050800BF2D9B002B1CD029
:10D91000169B1846EAF75AFE03461693169B002BF1
:10D9200013DA0220D5F70EF80446D2F7E3FA0346DD
:10D930001B6818460AF052FD03460F4A0F4920465D
:10D940000AF05AF902E000BF00E000BF1F9B184632
:10D95000D5F728F8289B002B06DB179B002B01DA54
:10D96000179B02E0169B00E0289B18462FB0BDECE9
:10D97000028BBDE8F08F00BF402F0508103205086C
:10D9800000B583B0019000910099019800F021F852
:10D990000346184603B05DF804FB00B587B003905A
:10D9A00002910192019B002B14BF01230023DBB2E3
:10D9B0001846D9F7A3FD0590029B039A002105980C
:10D9C000D8F7F0FD0490059BDB6A059A0499104690
:10D9D000984700B583B00190009101220099019809
:10D9E000FFF7DBFF0346184603B05DF804FB0000B9
:10D9F00000B5BDB00120D4F7A5FF034600211846AD
:10DA00000AF02CF94FF48050D4F7DCFF034634932E
:10DA1000349B002B05D1A248F5F76AF80120D2F714
:10DA200086FF002201210220EDF7C7F83390339BD7
:10DA3000002B08DAD2F75EFA03461B6819469948AC
:10DA400009F0F7FC26E10223ADF8A43045F6157382
:10DA5000ADF8A630944B1B682A9310233293924B57
:10DA60001B681946914809F0E4FC29AB329A194623
:10DA7000339800F0DEFB0346002B08DAD2F73AFABF
:10DA800003461B6819468A4809F0D3FCFFE0894821
:10DA9000F5F72EF8202336930023359310E0359BBD
:10DAA000349A1344369AD2B21A70369B01333693A5
:10DAB000369B7E2B01DD20233693359B0133359336
:10DAC000359BB3F5805FEADB00233993002338935D
:10DAD00000233B930023379300233A9327AB194647
:10DAE0000020F1F761FB00234FF480523499339802
:10DAF00000F050FC3190319B002B08DAD2F7FAF994
:10DB000003461B6819466C4809F093FCBFE0319B43
:10DB1000002B0DDD319BB3F5805F09DA379B0133B4
:10DB20003793319B3A9AD31A03F580533A930AE01C
:10DB3000319BB3F5805F06D04FF4805231995F4836
:10DB400009F077FCA3E0319B3B9A13443B93389B4D
:10DB500001333893389B312BC5DD0AAB19460020C1
:10DB6000F1F722FB0A9A279BD31A0C930B9A289B56
:10DB70009A4204DB0B9A289BD31A0D930BE0289A48
:10DB80004F4B9B1A30930C9B013B0C930B9B1A46FB
:10DB9000309B13440D930AAB1846F7F707FF034673
:10DBA0000EA8484A6421F7F775F93B9B07EE903AB7
:10DBB000B8EE677ADFED446AC7EE267ACDED2F7AAC
:10DBC0000C9B07EE903AB8EE677A0D9B07EE903A01
:10DBD000F8EEE76A9FED3D6AC6EE867A77EE277A21
:10DBE000CDED2E7ADDED2F7AB7EEE77A389B06EE93
:10DBF000903AB8EEE66ADDED2F5AC5EE866AB7EECA
:10DC0000E66ADDED2E5AB7EEE55ADDED2F3A9DEDD1
:10DC10002E4AC3EE844AB7EEE44A0EA98DED084BB6
:10DC20008DED065B8DED046B8DED027B4FF4805323
:10DC30000093389B399A264809F0FBFB379B002B51
:10DC400014DD3A9B07EE903AB8EE677ADFED1E6A74
:10DC5000C7EE267ACDED2D7ADDED2D7AB7EEE77A97
:10DC600053EC172B37991B4809F0E3FB002338933B
:10DC700000233B930023379300233A93399B0133CE
:10DC8000399327AB19460020F1F78EFA2BE733982A
:10DC9000EAF79CFC3498D4F785FE0120D2F747FEC2
:10DCA0002C32050850320508945200246C320508C5
:10DCB00090320508B0320508C4320508E032050884
:10DCC00000CA9A3B0433050800008044286B6E4E5E
:10DCD0001C3305087C33050800B583B00190022091
:10DCE000D4F730FE0346019A0349184609F084FF31
:10DCF0000120D2F71CFE00BFB033050800B585B087
:10DD0000019000911A4B1B4A1A60019B022B1AD1F9
:10DD1000009B04331B68164A1946022009F000FBD9
:10DD20000390039B002B1FDA0220D4F70BFE03465F
:10DD300020220121104809F004FF009B1B681846AF
:10DD4000FFF7CAFF10E0019B012B0DD00220D4F792
:10DD5000F9FD03461A220121084809F0F2FE009B52
:10DD60001B681846FFF7B8FF00BF05B05DF804FB5D
:10DD7000945200240A000001CC330508F033050852
:10DD800000B583B001900220D4F7DCFD0346019A70
:10DD90000349184609F030FF0120D2F7C8FD00BF43
:10DDA0000C34050800B585B0019000911A4B1B4A50
:10DDB0001A60019B022B1AD1009B04331B68164A80
:10DDC0001946022009F0ACFA0390039B002B1FDADE
:10DDD0000220D4F7B7FD034620220121104809F0A4
:10DDE000B0FE009B1B681846FFF7CAFF10E0019BBE
:10DDF000012B0DD00220D4F7A5FD03461A220121E4
:10DE0000084809F09EFE009B1B681846FFF7B8FF04
:10DE100000BF05B05DF804FB985200240A00000220
:10DE2000283405084C34050800B587B0019001235B
:10DE30000593019B1B78029320230493029B0133DB
:10DE4000039319E0039B5F2B01DD01230393039BE5
:10DE5000019A13441B781A46049B934206D0039AF6
:10DE60000299094809F0E5FA00230593049B013360
:10DE70000493039B01330393049B7E2BE2DD059BFC
:10DE8000184607B05DF804FB6834050810B5ADF519
:10DE90008A6D002202210220ECF78FFECDF84804A3
:10DEA000DDF84834002B0ADAD2F724F803461B6861
:10DEB0001946864809F0BDFA0120D2F738FD0DF564
:10DEC0008A63A3F5896301221A6002AB04220092DF
:10DED0000B220121DDF8480400F0B2FD0346002BBF
:10DEE0000ADAD2F707F803461B681946784809F0A2
:10DEF000A0FA0120D2F71BFD0223ADF8303445F61D
:10DF00001573ADF832340023CDF834341023CDF836
:10DF100044340DF58663DDF844241946DDF84804E1
:10DF200000F021F90346002B0ADAD1F7E3FF03469C
:10DF30001B681946674809F07CFA0120D2F7F7FC04
:10DF40000023CDF84C34B4E0DDF84C14624809F0FD
:10DF500070FA0DF58A63A3F24443DDF844241A6095
:10DF600004A903AB01930DF58463009300234FF4E0
:10DF70008062DDF8480400F0BAF9CDF840040DF5F0
:10DF800082620DF58463191D1023022009F02EF919
:10DF90000446BDF82234184609F0CAF80346009337
:10DFA0002346DDF84024DDF84C144C4809F041FAD2
:10DFB000DDF84034002B11DAD1F79CFF03461B68D3
:10DFC0001A46DDF84C14464809F033FADDF84804E7
:10DFD000EAF7FCFA4FF0FF30D2F7A9FCDDF8403445
:10DFE000602B0FD06023DDF84024DDF84C143D4851
:10DFF00009F01FFADDF84804EAF7E8FA4FF0FF30BD
:10E00000D2F795FC0DF58A63A3F588631B781A4651
:10E01000DDF84C34934216DA0DF58A63A3F5886374
:10E020001B781A46DDF84C34D31A1A46DDF84C1426
:10E030002D4809F0FEF90DF58A63A3F588631B7876
:10E04000CDF84C341CE00DF58A63A3F588631B788A
:10E050001A46DDF84C34934212DD0DF58A63A3F5C0
:10E0600088631B781A46DDF84C14204809F0E1F962
:10E07000DDF84804EAF7AAFA4FF0FF30D2F757FC70
:10E0800004AB1846FFF7D0FE0346002B0CD1DDF899
:10E090004C14174809F0CDF9DDF84804EAF796FA70
:10E0A0004FF0FF30D2F743FCDDF84C340133CDF8AC
:10E0B0004C34DDF84C34FF2B7FF746AFDDF84804D5
:10E0C000EAF784FA00BF0DF58A6D10BDA03405088B
:10E0D000BC340508EC34050808350508303505085A
:10E0E0005C3505087C350508A8350508D8350508D0
:10E0F0000036050800B587B0039002910192002315
:10E100000593039B002B03D0039B5B68002B02D17C
:10E110006FF0080323E0029B002B02D16FF00D0388
:10E120001DE0039B9B68DB68002B02D16FF05E0350
:10E1300015E0039B9B68DB68019A02990398984756
:10E140000590059B002B09DB039B5B680493049BF4
:10E15000DB7F43F02003DAB2049BDA77059B184695
:10E1600007B05DF804FB00B589B0039002910192FD
:10E1700006AA05AB19460398ECF7EFFC0790079B3E
:10E18000002B0AD1069B019A02991846FFF7B2FFAD
:10E190000790059B1846E9F71AFF079B002B08DA42
:10E1A000D1F7A8FE0246079B5B4213604FF0FF3396
:10E1B0000793079B184609B05DF804FB00B587B0CC
:10E1C000039002910192039B002B03D0039B5B6899
:10E1D000002B02D16FF0080327E0029B002B02D135
:10E1E0006FF00D0321E0039B9B68DB69002B02D1DC
:10E1F0006FF05E0319E0039B9B68DB69019A02994B
:10E20000039898470590059B002B0DDB029B1B880C
:10E21000002B09D0039B5B680493049BDB7F43F0D6
:10E220004003DAB2049BDA77059B184607B05DF825
:10E2300004FB00B589B003900291019206AA05ABD8
:10E2400019460398ECF789FC0790079B002B0AD12D
:10E25000069B019A02991846FFF7B0FF0790059BAD
:10E260001846E9F7B4FE079B002B08DAD1F742FE07
:10E270000246079B5B4213604FF0FF330793079BF7
:10E28000184609B05DF804FB00B58FB00390029109
:10E2900001920093029B0493019B0593109B0693AC
:10E2A000119B002B02D0119B1B6800E000230793F9
:10E2B00004AB08930123099300230A9300230B93D3
:10E2C00000230C9306AB009A1946039800F063F9FB
:10E2D0000D900D9B002B05DB119B002B02D0079AA4
:10E2E000119B1A600D9B18460FB05DF804FB00B53A
:10E2F0008BB0059004910392029308AA07AB1946CC
:10E300000598ECF72AFC0990099B002B0ED1089880
:10E310000D9B01930C9B0093029B039A0499FFF7BA
:10E32000B3FF0990079B1846E9F751FE099B002BA4
:10E3300008DAD1F7DFFD0246099B5B4213604FF01C
:10E34000FF330993099B18460BB05DF804FB00B539
:10E350008FB00390029101920093029B0593019B61
:10E360000693002307930023089305AB0993012329
:10E370000A9300230B9300230C9300230D9307AB08
:10E38000009A1946039800F076F9034618460FB034
:10E390005DF804FB00B587B00590049103920293E9
:10E3A0000023019300230093029B039A049905988C
:10E3B00000F031F80346184607B05DF804FB00B5DD
:10E3C0008FB00390029101920093119B002B05D016
:10E3D000109B002B02D16FF0150318E0029B0C93E9
:10E3E000019B0D93109B0593119B06930CAB079318
:10E3F000012308930023099300230A9300230B931E
:10E4000005AB009A1946039800F035F90346184603
:10E410000FB05DF804FB00B58BB00590049103923A
:10E42000029308AA07AB19460598ECF796FB0990EA
:10E43000099B002B0ED108980D9B01930C9B009318
:10E44000029B039A0499FFF7BAFF0990079B1846AD
:10E45000E9F7BDFD099B002B08DAD1F74BFD024619
:10E46000099B5B4213604FF0FF330993099B1846E9
:10E470000BB05DF804FB000000B589B00390029179
:10E480000192009300230793029A284B1340002B1C
:10E4900002D06FF0150344E0039BDAB2009B1A70C0
:10E4A000019BDAB2009B9A70009B00225A60029B8B
:10E4B000DBB203F00F03DAB2009B5A70039B98B2F1
:10E4C000009B5B781946009B9B781A4600F024F964
:10E4D0000790079B002B02D16FF0600321E0009BA7
:10E4E000079A9A60079B1B68009898470690069BBE
:10E4F000002B15DB009B5B680593029B03F4006314
:10E50000002B06D0059BDB7F43F00803DAB2059BA6
:10E51000DA77059BDB7F43F00103DAB2059BDA77FC
:10E52000069B184609B05DF804FB00BFF0F7F7FF43
:10E5300000B587B00190019B002B02D16FF008035A
:10E5400025E0019B5B68002B1BD0019B5B6805935A
:10E55000059BDB7F0493059BDB7F23F00103DAB28D
:10E56000059BDA77019B9B681B6B0198984703908A
:10E57000039B002B05DA049BDAB2059BDA77039B39
:10E5800005E00C2200210198D3F7C8FD00231846AE
:10E5900007B05DF804FB00B589B0039002910192C9
:10E5A000029B002B08D0029B9B68002B04D0029B8F
:10E5B0009B681B68002B02D16FF015032CE0029BB7
:10E5C0001B68002B06D0029B5B68002B02D16FF00A
:10E5D000150321E0039B002B03D0039B5B68002BFA
:10E5E00002D16FF0080317E0029B1B690793029B9F
:10E5F0005B690693039B9B68DB6A019A0299039807
:10E6000098470590029B079A1A61029B5B69069ADC
:10E61000D21A029B5A61059B184609B05DF804FBAB
:10E6200000B589B003900291019206AA05AB194684
:10E630000398ECF792FA0790079B002B0AD1069BF0
:10E64000019A02991846FFF7A6FF0790059B184606
:10E65000E9F7BDFC079B002B08DAD1F74BFC02461B
:10E66000079B5B4213604FF0FF330793079B1846ED
:10E6700009B05DF804FB00B585B0039002910192EA
:10E68000029B002B08D0029B9B68002B04D0029BAE
:10E690009B681B68002B02D16FF0150311E0039BF0
:10E6A000002B03D0039B5B68002B02D16FF00803A3
:10E6B00007E0039B9B689B6A019A0299039898471D
:10E6C0000346184605B05DF804FB00B583B0019021
:10E6D0000091E5F793FA0C2200210098D3F71EFD74
:10E6E000019B1A78009B1A70019B5A78009B5A7004
:10E6F000019B9A68009B9A60019B5A68009B5A6034
:10E70000009B9B689B6800989847E5F78BFA00236D
:10E71000184603B05DF804FB00B587B003460291CC
:10E720000192ADF80E3000230593BDF80E30023B88
:10E730001B2B4DD801A252F823F000BFADE7030810
:10E74000D1E70308D1E70308D1E70308D1E70308BD
:10E75000D1E70308D1E70308D1E70308D1E70308AD
:10E76000D1E70308D1E70308D1E70308D1E703089D
:10E77000D1E70308C5E70308CBE70308D1E703089F
:10E78000D1E70308D1E70308D1E70308D1E703087D
:10E79000D1E70308D1E70308D1E70308D1E703086D
:10E7A000D1E70308D1E70308BFE70308BDF80E303F
:10E7B000019A0299184601F01DF9059008E0074BEF
:10E7C000059305E0064B059302E0064B059300BF59
:10E7D000059B184607B05DF804FB00BFB43605087A
:10E7E000FC3605086C36050800B585B0039002912B
:10E7F00013468DF80730039B9B685B6A002B02D1A0
:10E800006FF05E0308E0039B9B685B6A9DF807203E
:10E810000299039898470346184605B05DF804FB33
:10E8200000B58BB00390029101920093039B5B684B
:10E830000993029B112B00F09580029B112B00F392
:10E84000B480029B102B68D0029B102B00F3AD808C
:10E85000029B0E2B25DC029B002BC0F2A680029BA4
:10E86000012202FA03F340F6AE021A40002A14BF56
:10E8700001220022D2B2002A4FD103F01102002A55
:10E8800014BF01220022D2B2002A40F08B8003F490
:10E890008843002B14BF01230023DBB2002B04D1DB
:10E8A00083E0029B0F2B7DD07FE0019B0793079BAA
:10E8B000002B02D0009B082B02D06FF0150378E0EC
:10E8C0000221079807F0F4F80346ADF81A30029BCE
:10E8D0000A2B04D1099BBDF81A201A8303E0099B77
:10E8E000BDF81A205A83BDF81A30002B0AD0099BB4
:10E8F0005B690121029A01FA02F2D2431A40099B94
:10E900005A6108E0099B5B690121029A01FA02F24F
:10E910001A43099B5A6100234BE0009B042B02D051
:10E920006FF0150345E0019B1B680593E5F766F959
:10E93000059B002B09D0099B5B690121029A01FA12
:10E9400002F21A43099B5A6109E0099B5B690121A4
:10E95000029A01FA02F2D2431A40099B5A61E5F782
:10E9600061F925E0019B002B09D0009B002B06D00C
:10E97000009B002B07D0019B1B78002B03D1099B28
:10E9800000229A7714E0019804F00EFF0890089B8B
:10E99000002B02D16FF012030BE0089B9A7E099BBB
:10E9A0009A7705E06FF0150303E06FF05B0300E07A
:10E9B000002318460BB05DF804FB10B588B0059035
:10E9C0000491039202936FF05B030793029B002B69
:10E9D00002D16FF00D0330E0059B002B03D0059BA7
:10E9E0005B68002B02D16FF0080326E0059B9B6853
:10E9F0005B6C002B0AD0059B9B685C6C0A9B0093A8
:10EA0000029B039A04990598A0470790079B13F16E
:10EA10005C0F0AD1049B012B07D10A9B029A039930
:10EA20000598FFF7FDFE079006E0079B13F1190F0D
:10EA300002D16FF05B030793079B184608B010BD27
:10EA400000B58BB0059004910392029308AA07AB1E
:10EA500019460598ECF781F80990099B002B0CD119
:10EA600008980C9B0093029B039A0499FFF7A5FF5B
:10EA70000990079B1846E9F7AAFA099B002B08DAC8
:10EA8000D1F738FA0246099B5B4213604FF0FF331F
:10EA900000E0002318460BB05DF804FB00B589B018
:10EAA0000390029101920093039B5B680693029B83
:10EAB000102B00F3AB80029B052B14DA029B042B76
:10EAC00000F09380029B042B00F3A080029B002B9C
:10EAD00047D0029B002BC0F29980029B013B022B86
:10EAE00000F2948054E0029B012202FA03F34B4AA5
:10EAF0001A40002A14BF01220022D2B2002A47D1B4
:10EB000003F48842002A14BF01220022D2B2002A54
:10EB100009D103F40043002B14BF01230023DBB20F
:10EB2000002B52D172E0009B1B68072B02D86FF0BC
:10EB300015036FE0029B0A2B04D1069B1B8BADF8DB
:10EB40001E3003E0069B5B8BADF81E30BDF81E3017
:10EB50000199184606F080FF009B08221A600023E6
:10EB600058E0009B1B68032B02D86FF0150351E09F
:10EB7000069BDB7F03F01003002B14BF012300234F
:10EB8000DBB21A46019B1A60009B04221A6040E027
:10EB9000009B1B68032B02D86FF015033AE0069B1D
:10EBA0005B6905930122029B02FA03F31A46059B57
:10EBB0001340002B14BF01230023DBB21A46019B34
:10EBC0001A60009B04221A6023E0009B1B68032B41
:10EBD00002D86FF015031DE0039B5B781A46019B7A
:10EBE0001A60009B04221A6013E0009B1B68042B30
:10EBF00002D06FF015030DE0069BB3F910301A46F2
:10EC0000019B1A60069B00221A8202E06FF05B03F0
:10EC100000E00023184609B05DF804FBA0080100DD
:10EC200010B588B005900491039202936FF05B03D6
:10EC30000793029B002B06D00A9B002B03D00A9B54
:10EC40001B68002B02D16FF0150330E0059B002BF1
:10EC500003D0059B5B68002B02D16FF0080326E010
:10EC6000059B9B681B6C002B0AD0059B9B681C6C4A
:10EC70000A9B0093029B039A04990598A04707906A
:10EC8000079B13F15C0F0AD1049B012B07D10A9B50
:10EC9000029A03990598FFF701FF079006E0079B8A
:10ECA00013F1190F02D16FF05B030793079B18460E
:10ECB00008B010BD00B58BB005900491039202938B
:10ECC00008AA07AB19460598EBF747FF0990099B7F
:10ECD000002B0CD108980C9B0093029B039A04997B
:10ECE000FFF79EFF0990079B1846E9F770F9099B0B
:10ECF000002B08DAD1F7FEF80246099B5B4213604D
:10ED00004FF0FF330993099B18460BB05DF804FBE5
:10ED100000B585B00190019B1B781846E2F772F8A8
:10ED20000390039B002B02D16FF00B0307E0039BC2
:10ED3000012283F83820019B039A5A600023184669
:10ED400005B05DF804FB00B585B00190019B1B7810
:10ED50001846E4F735F90390039B002B02D16FF0BE
:10ED60000B0307E0039B012283F83220019B039AE7
:10ED70005A600023184605B05DF804FB00B583B067
:10ED80000190019B5B78062B26D0062B41DC012BE2
:10ED900002D0022B10D03CE0019B9B78002B06D0C8
:10EDA000019B9B78062B02D06FF05C0333E0019847
:10EDB000FFF7AEFF03462EE0019B9B78002B06D0A9
:10EDC000019B9B78112B02D06FF05C0323E001982C
:10EDD000FFF7B9FF03461EE0019B9B78002B03D091
:10EDE000019B9B78062B04D10198FFF791FF034606
:10EDF00011E0019B9B78002B03D0019B9B78112B8A
:10EE000004D10198FFF79FFF034604E06FF05C0315
:10EE100001E06FF05C03184603B05DF804FB82B0BC
:10EE20000190019B5B78062B0AD0062B0ADC012B94
:10EE300002D0022B02D005E0012304E0012302E00E
:10EE4000012300E00023184602B0704784B001900F
:10EE5000019B5B78012B0BD0019B5B78062B13D1B8
:10EE6000019B9B78002B03D0019B9B78062B0BD139
:10EE7000019B5B680293029B93F838300133DAB24E
:10EE8000029B83F838201BE0019B5B78022B0BD0A0
:10EE9000019B5B78062B13D1019B9B78002B03D041
:10EEA000019B9B78112B0BD1019B5B680393039B08
:10EEB00093F832300133DAB2039B83F8322000BF7B
:10EEC00000BF04B0704700B587B003900291019273
:10EED000029B1B88022B07D11023049300BF049BC5
:10EEE000019A9A4206D202E06FF0600326E06FF0CA
:10EEF000150323E0039B5B78062B16D0062B18DC4A
:10EF0000012B02D0022B08D013E0039B5B6802990F
:10EF10001846E2F729F905900FE0039B5B68029918
:10EF20001846E4F70BF9059007E06FF05E030593D0
:10EF300003E06FF00803059300BF059B184607B078
:10EF40005DF804FB00B585B0039002910192039B2C
:10EF50001B78022B06D1019A0299039800F0E2FD7A
:10EF6000034601E06FF06003184605B05DF804FB4E
:10EF700000B585B0039002910192039B1B78022B90
:10EF800006D1019A0299039800F046FE034601E07B
:10EF90006FF06003184605B05DF804FB00B587B05C
:10EFA0000390029101920093029B052B03D0029BD8
:10EFB000102B08D025E0009B019A0299039803F0DA
:10EFC00022F903461FE0009B1B68042B02D06FF060
:10EFD000150318E0039B5B78022B0FD1039B5B6842
:10EFE0000593059B9B6D002B14BF01230023DBB20F
:10EFF0001A46019B1A6000BF002304E06FF05B0318
:10F0000001E06FF05B03184607B05DF804FB00B544
:10F0100085B00390029101920093029B062B10D0C1
:10F02000029B062B1DDC029B002B12D0029B012BA6
:10F0300017D1069B009A01990398FFF7AFFF03468B
:10F0400011E0069B009A0199039803F0DCF803464F
:10F0500009E0069B009A0199039800F03FFD0346E2
:10F0600001E06FF05B03184605B05DF804FB00B5E6
:10F0700089B00390029101920093029B102B46D01D
:10F08000029B102B62DC029B052B03D0029B062BFC
:10F0900008D05BE0009B019A0299039803F060F8A6
:10F0A000034657E0039B5B680693009B072B02D83F
:10F0B0006FF015034EE0019B0593E4F79FFD059B60
:10F0C0001B68002B13D0069B5B690121029A01FA91
:10F0D00002F21A43069B5A61059B5B689BB21A4673
:10F0E000920013445B009AB2069B9A830CE0069B45
:10F0F0005B690121029A01FA02F2D2431A40069B8F
:10F100005A61069B00229A83E4F78CFD21E0009B64
:10F11000032B02D86FF015031CE0039B5B78022BD6
:10F1200011D1E4F76BFD039B5B680793019B1B68A0
:10F13000002B14BF01230023DBB21A46079B9A65FC
:10F14000E4F770FD05E06FF05B0303E06FF05B0335
:10F1500000E00023184609B05DF804FB00B585B057
:10F160000390029101920093029B062B10D0029B08
:10F17000062B1DDC029B002B12D0029B012B17D10A
:10F18000069B009A01990398FFF771FF034611E06F
:10F19000069B009A0199039802F0E2FF034609E0FA
:10F1A000069B009A0199039800F030FC034601E0A9
:10F1B0006FF05B03184605B05DF804FB00B585B041
:10F1C00001900091019B5B78012B02D06FF05E03F0
:10F1D00018E0019B5B680393039BB3F85830002B46
:10F1E0000BD1039B2433002219460220E1F794FD42
:10F1F00003469AB2039BA3F858200398E7F7C6FE8C
:10F200000290029B184605B05DF804FB00B589B07A
:10F21000039002910192029B0793079B1B88002B8E
:10F220000AD0022B05D1019B0F2B07D86FF01503D5
:10F2300061E06FF060035EE000BF00E000BF039B91
:10F240005B78062B52D0062B53DC012B02D0022B0D
:10F2500012D04EE0039B5B680493049BDB7F03F0BA
:10F260004003002B02D06FF0690344E00299039839
:10F2700002F007F903463EE0029B002B05D0029BFB
:10F280001B88002B01D100230293039B5B6806932C
:10F2900002990698E3F7DAFF0590059B002B02DB45
:10F2A000029B002B10D1069BDB7F23F04003DAB2D8
:10F2B000069BDA77069B93F8303023F00103DAB22D
:10F2C000069B83F830200FE0069BDB7F43F0400372
:10F2D000DAB2069BDA77069B93F8303043F00103ED
:10F2E000DAB2069B83F83020059B04E06FF05E03E2
:10F2F00001E06FF00803184609B05DF804FB00B5A3
:10F3000087B00390029101920093039B5B78012BDD
:10F3100002D06FF05E0334E0029B002B0ED0039B03
:10F320001B78022B06D1019B1B680F2B05D86FF0B1
:10F33000150326E06FF0150323E000BF039B1A7846
:10F34000009B1A70009B01225A70039B9A68009BD5
:10F350009A60009B0433019A0299039802F066F9BF
:10F360000590059B002B01DA059B0AE00098E2F767
:10F37000B3FF0590059B002B02DA0098FFF7D8F841
:10F38000059B184607B05DF804FB00B583B00190FB
:10F390000091019B5B78012B05D10099019804F045
:10F3A0003DFC034612E0019B5B78022B05D10099DE
:10F3B000019804F033FF034608E0019B5B78062BBD
:10F3C00002D16FF05E0301E06FF02503184603B031
:10F3D0005DF804FB00B583B001900091019B5B7860
:10F3E000012B05D10099019804F0F6FC034612E0C8
:10F3F000019B5B78022B05D10099019804F0A2FFD4
:10F40000034608E0019B5B78062B02D16FF05E0398
:10F4100001E06FF02503184603B05DF804FB00B56A
:10F4200085B00390029113468DF807309DF80730A0
:10F43000002B05D002990398FFF7A7FF034604E0CD
:10F4400002990398FFF7C6FF0346184605B05DF81A
:10F4500004FB00B589B00590049103920293059BCB
:10F460005B680693059B5B78062B24D0062B26DC75
:10F47000012B02D0022B08D021E0029B039A0499B1
:10F48000059802F089FD07901DE0069BDB7F03F0E5
:10F490004003002B0BD00023019300230093002393
:10F4A000039A0499059803F050FB034601E06FF0BE
:10F4B0006A03079307E06FF05E03079303E06FF0C2
:10F4C0005803079300BF079B184609B05DF804FB7B
:10F4D00000B589B005900491039202930A9B1B88A2
:10F4E000022B07D11023079300BF0B9A079B9A4268
:10F4F00006D202E06FF0600315E06FF0080312E03F
:10F50000059B5B78022B02D06FF008030BE00B9B8E
:10F5100001930A9B0093029B039A0499059803F0B8
:10F5200014FB0690069B184609B05DF804FB00B575
:10F530008FB0059004910392049B9B681B680B930A
:10F54000049B9B685B680D93049B1B680A93049B58
:10F550005B680993049BDB68012B16D10A9B002B87
:10F560000BD0099B01930A9B0093039B0D9A0B9967
:10F570000598FFF7ADFF03466CE0039B0D9A0B99CE
:10F580000598FFF766FF034664E0049B9A68049BB6
:10F59000DB68DB001344089300230D93049B9B68F6
:10F5A0000C9307E00C9B5B680D9A13440D930C9B26
:10F5B00008330C930C9A089B9A42F3D10D98D3F719
:10F5C00001FA03460B930B9B002B02D16FF00B0348
:10F5D00040E000230D93049B9B680C931BE00C9B65
:10F5E0005B68002B13D00C9B1B68002B0FD00B9A71
:10F5F0000D9BD0180C9B19680C9B5B681A46D2F7C0
:10F60000F2FD0C9B5B680D9A13440D9300E000BF64
:10F610000C9B08330C930C9A089B9A42DFD10A9BEF
:10F62000002B0BD0099B01930A9B0093039B0D9A1F
:10F630000B990598FFF74CFF034606E0039B0D9AD4
:10F640000B990598FFF705FF034607930B98D3F72F
:10F65000A9F9079B18460FB05DF804FB00B585B00B
:10F66000039002910192039B002B03D0039B5B68E4
:10F67000002B02D16FF0080333E0039B5B78012B72
:10F680000BD0039B5B78062B10D1039B9B78002B40
:10F6900003D0039B9B78062B08D1039B5B68019AE0
:10F6A0000299184604F012FC03461AE0039B5B78AB
:10F6B000022B0BD0039B5B78062B10D1039B9B780E
:10F6C000002B03D0039B9B78112B08D1039B5B6815
:10F6D000019A0299184604F0A7FE034601E06FF074
:10F6E0001503184605B05DF804FB000010B59AB08C
:10F6F0000390039B5B68199310230593059A06AB4F
:10F7000000211846D2F70AFD039B1B681B78ADF851
:10F7100018305B4B0793059A06A906AB1C331846B5
:10F72000D2F761FD039B1B68059A06A91846FEF7F0
:10F73000E1FC1890189B002B01DA189B9DE0039BBD
:10F740001B6805AA06A9184606F07BFA039B1B68EE
:10F750005B78012B19D1039B04331B681B78184677
:10F76000039B04331B685B781946039B04331B68B7
:10F770009B781A4614ABFEF77FFE1890189B002B5F
:10F7800001DA189B79E014AB1993059A06AB1C3388
:10F7900019461998FEF7AEFC1890189B002B59DB00
:10F7A00005AA06AB1C331946199806F04AFA039BC2
:10F7B0001B685B78022B15D1039B1868059A06AB72
:10F7C0001C331946FEF7FAFC1890189B002B43DBFC
:10F7D000059A06AB19461998FEF7F0FC1890189B8D
:10F7E000002B3BDB039B1B685B78012B38D1039B11
:10F7F00004331B685B6817930221199806F04DFAD1
:10F800001890189B002B2DDB039B1868059A06ABFC
:10F810001C331946FEF7D2FC1890189B002B23DBF3
:10F82000039B04331B681846FEF782FE039B0433D8
:10F830001C68179BDB7F1B0203F4006305A806AA64
:10F8400002F11C01009323460246199806F0A2F922
:10F8500018900AE000BF08E000BF06E000BF04E027
:10F8600000BF02E000BF00E000BF199B5B78012BE6
:10F8700002D11998FEF75CFE189B18461AB010BD0D
:10F880007F00000100B583B001900091019B5B787F
:10F89000012B05D10099019804F0DEFB034601E03D
:10F8A0006FF05E03184603B05DF804FB00B587B047
:10F8B000039002910192029B1B68002B12D0039BC4
:10F8C0001B78022B08D11023049300BF029B5B68B6
:10F8D000049A9A4206D902E06FF0150324E06FF013
:10F8E000150321E0039B5B78062B14D0062B16DC56
:10F8F000012B02D0022B07D011E0019A0299039844
:10F9000002F0C2F905900EE0019A0299039802F004
:10F91000EDFE059007E06FF05E03059303E06FF0E6
:10F920002503059300BF059B184607B05DF804FB4F
:10F9300000B587B00190019B5B78012B0BD0019B38
:10F940005B78062B21D1019B9B78002B03D0019B78
:10F950009B78062B19D1019B5B680393039B93F85B
:10F960003830012B08D8019804F0C8F80290029BA7
:10F97000002B37DA029B39E0039B93F83830013BC8
:10F98000DAB2039B83F838202CE0019B5B78022BD2
:10F990000BD0019B5B78062B21D1019B9B78002B20
:10F9A00003D0019B9B78112B19D1019B5B680593B8
:10F9B000059B93F83230012B08D8019804F0ACFB7A
:10F9C0000490049B002B0FDA049B0FE0059B93F837
:10F9D0003230013BDAB2059B83F8322004E06FF04D
:10F9E000080303E000BF00E000BF0023184607B093
:10F9F0005DF804FB84B0034602910192ADF80E302D
:10FA0000014B184604B070472436050800B58BB08A
:10FA10000390029101920093E4F7F0F8029B1C2BF3
:10FA200003D0029B1D2B30D04DE0019B002B02D058
:10FA3000009B002B03D16FF01503099347E0009B57
:10FA4000032B02D9019B1B6801E0019B1B780693E5
:10FA5000039B5B680593069B002B09D0059B5B69A4
:10FA60000121029A01FA02F21A43059B5A6109E048
:10FA7000059B5B690121029A01FA02F2D2431A4006
:10FA8000059B5A610023099321E0039B5B6808935F
:10FA9000009B032B02D9019B1B6801E0019B1B7893
:10FAA0000793079B002B02DB079BFF2B03DD6FF007
:10FAB000150309930BE0079BDAB2089B83F820201B
:10FAC0000023099303E06FF05B03099300BFE4F7A1
:10FAD000A9F8099B18460BB05DF804FB00B587B088
:10FAE0000390029101920093E4F788F8029B1D2B8A
:10FAF0000DD1039B5B680493049B93F82020019B2A
:10FB00001A70009B01221A600023059303E06FF036
:10FB10005B03059300BFE4F785F8059B184607B023
:10FB20005DF804FB00B58BB0039002910192029B3B
:10FB30000793019B1B680F2B02D86FF0250367E02A
:10FB4000039B5B78012B02D0022B0FD01CE0039BA0
:10FB50005B680593059BB3F85820079B5A80059B6B
:10FB60005B6A0993059B9B6A089310E0039B5B68A3
:10FB70000693069B9A8D079B5A80069B5B6A0993A6
:10FB8000069B9B6A089302E06FF05E0340E0099BCE
:10FB9000002B13D1039B1B781A46079B1A80079BE7
:10FBA00000225A60079B0833082200211846D2F72A
:10FBB000B5FA019B10221A60002329E0E4F71EF831
:10FBC000089B002B01D1099B089308990998E4F739
:10FBD000DDFA0490049B002B04D1E4F723F86FF0C6
:10FBE000150315E0039B1B781A46079B1A80049B9C
:10FBF0005A6A079B5A60079B08330822002118465F
:10FC0000D2F78CFA019B10221A60E4F70BF800235C
:10FC100018460BB05DF804FB00B58BB00390029161
:10FC20000192029B0893039B5B680793019B1B68EF
:10FC30000F2B02D86FF025033CE0079BDB7F03F01E
:10FC40004003002B02D16FF06A0333E0039B5B7823
:10FC5000012B02D0022B0CD016E0039B5B680593AE
:10FC6000059BB3F85A20089B5A80059B9B6A099311
:10FC70000DE0039B5B680693069BDA8D089B5A8018
:10FC8000069B9B6A099302E06FF05E0312E0039B00
:10FC90001B781A46089B1A80089B099A5A60089B91
:10FCA0000833082200211846D2F738FA019B1022A7
:10FCB0001A60002318460BB05DF804FB00B585B050
:10FCC0000190E0F763FB0390039B002B02D16FF0E0
:10FCD0000B0307E0039B012283F82520019B039A75
:10FCE0005A600023184605B05DF804FB00B583B0E8
:10FCF0000190019B5B78032B03D0019B5B78062B63
:10FD000004D10198FFF7DAFF034601E06FF05C03CE
:10FD1000184603B05DF804FB82B001900123184639
:10FD200002B0704784B00190019B5B680393039B12
:10FD300093F825300133DAB2039B83F8252000BF06
:10FD400004B0704700B589B0039002910192029B04
:10FD50001B88112B02D1019B132B02D86FF00803D3
:10FD600020E0039B5B78032B03D0039B5B78062B7F
:10FD700016D1039B5B680793029B5B68069306980A
:10FD8000E4F72CFA0590059B002B02D16FF062037B
:10FD900008E0069BDAB2079B83F82420002301E0E9
:10FDA0006FF00803184609B05DF804FB00B585B094
:10FDB0000190019B5B78032B01D0062B20D1019B86
:10FDC0005B680393039B93F82530012B0ED8039BAC
:10FDD0002833184608F01CFB039B002283F82520DB
:10FDE000019B5B681846E0F707FB07E0039B93F86D
:10FDF0002530013BDAB2039B83F82520002301E084
:10FE00006FF00803184605B05DF804FB00B587B035
:10FE1000039002911346ADF80630029B0593059BB3
:10FE2000002B3FD0039BDB8F002B05D1BDF80630A4
:10FE300003F00203002B02D0BDF8063034E0059B2E
:10FE40009969059BDB691A46039B5B7E5B420398BD
:10FE500004F038FB0490049B002B03DC059B049A00
:10FE60001A620EE0039BDA8F039B9A87059BDB697E
:10FE70001A46059B1A62039B5B6943F08002039B51
:10FE80005A61059B5B6800229A82059B5B68002291
:10FE90001A61059B5B680022DA60059B08331846EF
:10FEA000D0F7D0FBBDF80630184607B05DF804FB6C
:10FEB00000B593B0039002910192029B9B681B686E
:10FEC0001093029B9B685B680F9300231193029B26
:10FED000DB68012B02D06FF0890379E0029B1B687D
:10FEE000002B02D06FF0600372E0039B002B03D065
:10FEF000039B5B68002B02D16FF0080368E0039B53
:10FF00005B78032B02D06FF0580361E0039B5B68C2
:10FF1000184603F0EDFC0E900E9B002B02D16FF003
:10FF2000120355E0E3F76AFE04AB242200211846D1
:10FF3000D2F7F4F804AB0833002200211846D0F7BA
:10FF40006CFA039B04930F9B0B93109B0A930F9BDC
:10FF5000002B2BD0039B5B680D930D9B03F10801D5
:10FF60000D9B0C331A460E98E3F7C8FA0346059327
:10FF7000059B002B1AD0059B10229A82059B04AA90
:10FF80001A61059B144ADA600E98E4F7A2F804ABF4
:10FF900008331846E3F778FE119005990D9B03F19D
:10FFA00008020D9B0C330E98E3F7FCFA04AB083300
:10FFB0001846C7F7D9FEE3F735FE0C9B002B01DA94
:10FFC0000C9B05E0119B002B01DA119B00E00C9BC0
:10FFD000184613B05DF804FB0DFE030882B00190D3
:10FFE0000091019BDB69002B02DA019B0022DA61A0
:10FFF000019BDB691A46009B13441A46019BDA6198
:020000040804EE
:10000000019B9A69009B1A44019B9A61019B5A6962
:10001000009BD21A019B5A6100BF02B0704700B525
:1000200085B001900091019B9B8F1A46009B5B69F4
:100030009A4203D9009B5B69039302E0019B9B8F6B
:100040000393019B9A6B019B1B6B0C33D31A019A90
:10005000126B52799B1A0293009B9869019B196B52
:10006000029B039AF8F7D7F8034603930399009885
:10007000FFF7B4FF00BF05B05DF804FB82B001904C
:10008000009100BF02B0704700B587B003900291A5
:100090001346ADF80630029B0593059B002B24D038
:1000A000BDF8063003F00203002B1ED0059903981B
:1000B000FFF7B5FF059B1B6800229A82059B1B6812
:1000C00000221A61059B1B680022DA6005990398DB
:1000D000FFF7D4FFBDF8063023F00203ADF8063079
:1000E000059B04331846D0F7ADFABDF80630184624
:1000F00007B05DF804FB00B585B003900291019252
:100100000093242200210798D2F708F8079B0433B4
:10011000002200211846D0F780F9079B019A5A6106
:10012000079B029A9A6100BF05B05DF804FB82B09C
:1001300001900091009B1B6A002B02DA009B1B6A56
:1001400006E0019B002B01DA019B01E0009BDB69CB
:10015000184602B0704700B587B003900291019233
:100160006FF03C030593039B2833184608F070F9A1
:100170000490049B002B0ED00023019A049902984E
:10018000F8F749F80590039B2833184608F071F9F1
:100190000498F8F79DF8059B184607B05DF804FB36
:1001A00000B597B0059004910392049B9B681B686F
:1001B0001493049B9B685B681393049B1B681293C6
:1001C000049B04331193059B5B681093129B002BD7
:1001D00006D0119B1B68012B02D86FF0150376E047
:1001E000049BDB68012B02D06FF089036FE0059B55
:1001F0005B78032B02D06FF025031593E3F7FEFC29
:10020000109B9B6A002B06D0139A14991098FFF745
:10021000A2FF159058E0109BDB7F03F00803002B32
:1002200004D1039B03F04003002B03D06FF00A03BB
:10023000159349E006AB0193119B0093129B139A0F
:1002400014990598FFF757FF109803F051FB0F9092
:100250000F9B002B03D16FF0120315932FE0109B1F
:1002600003F10801109B0C331A460F98E3F746F987
:1002700003460693069B002B1ED0069B12229A82F1
:10028000069B06AA1A61069B134ADA6006AB043382
:100290001846E3F7F9FC15900699109B03F1080244
:1002A000109B0C330F98E3F77DF906AB19461598B0
:1002B000FFF73DFF159002E06FF00F03159306ABBB
:1002C00004331846C7F750FDE3F7ACFC159B1846FE
:1002D00017B05DF804FB00BF8900040800B587B0C3
:1002E000039002911346ADF80630029B0493049BE1
:1002F000002B2FD000230593BDF8063003F0020336
:10030000002B03D0059B43F001030593BDF8063095
:1003100003F48053002B04D0059B43F0180305938E
:1003200011E0BDF8063003F01003002B0BD0049B46
:100330001B68184600F078FA0346002B03DB059B88
:1003400043F004030593049B0833059A01211846E2
:10035000E8F7E7FEBDF80630184607B05DF804FB85
:1003600000B587B00190019B1B780593019B5B78DA
:100370000493019B9B780393039B072B02D96FF097
:100380005C031FE000BF059B1D2B19D1049B032BB1
:1003900005D0049B022B02D0049B062B10D1E0F762
:1003A000ADF80290029B002B02D16FF00B0309E025
:1003B000029B01221A86019B029A5A60002301E0E7
:1003C0006FF05C03184607B05DF804FB82B0019043
:1003D0000123184602B0704784B00190019B5B680E
:1003E0000393039BB3F930309BB201339BB21AB233
:1003F000039B1A8600BF04B0704700B587B0039016
:1004000002910192029B0593039B5B680493059BF9
:10041000B3F902301846E3F7E1FE0246049B5A6244
:100420000023184607B05DF804FB000000B58BB050
:100430000390029113468DF807300023099300239F
:100440000893039B5B680793079B343306939DF8DF
:100450000730002B62D0E3F7D1FB079B5A6A069B5B
:100460005A60069B5868079B03F10801079B0C33F1
:100470001A46E3F743F80590059B002B03D16FF074
:100480000F03089347E0069B039A1A60029A069BA3
:100490009A60069B059ADA60059B4FF480529A8217
:1004A000059B069A1A61059B2B4ADA60029B5B68E2
:1004B00003F00403002B06D0059B9B8A43F0100336
:1004C0009AB2059B9A82029B5B6803F00103002BA2
:1004D00006D0059B9B8A43F002039AB2059B9A8241
:1004E000029B069A5A61079B9B6A002B03D0099BCB
:1004F00043F001030993039800F096F90346002B9B
:1005000003DB099B43F00403099302AB099A012121
:100510001846E8F706FEE3F785FB17E0029B5B69E8
:100520000693069B002B11D0069B5868069BD96842
:10053000079B03F10802079B0C33E3F733F8069B94
:100540009B6800225A61069B00221A60089B18468D
:100550000BB05DF804FB00BFDD02040800B585B0F8
:100560000190019B5B68039300230293039BB3F903
:100570003030012B0CDC039B00221A86019B5B6848
:100580001846DFF7F5FF029B002B0ADA029B09E011
:10059000039BB3F930309BB2013B9BB21AB2039B71
:1005A0001A86029B184605B05DF804FB00B587B0BB
:1005B000039002911346ADF80630029B0593059B0C
:1005C000002B51D0039BDB8F002B05D1BDF80630EB
:1005D00003F00203002B02D0BDF8063046E0059B75
:1005E0005969059B9A69059BDB6913441A460023E8
:1005F000039803F067FF0490039BDA8F059BDB6988
:100600009BB2D31A9AB2039B9A87049B002B03DCFC
:10061000059B049A5A6216E0059B9B691A46059B46
:100620005A62059BDB69002B0CD0039B5A6B059B20
:100630009B69D018059B196A059BDB691A46D1F79F
:10064000D2FD00E000BF059B1B6800229A82059B3B
:100650001B6800221A61059B1B680022DA60059B5B
:1006600004331846CFF7EEFFBDF80630184607B042
:100670005DF804FB00B593B0039002910192002352
:100680001193039B002B03D0039B5B68002B02D1CB
:100690006FF00803BFE0039B5B78032B02D06FF081
:1006A0005803B8E0039B5B681093109B5B6A0F9341
:1006B0000F9B002B02D16FF01203ACE0109B5B6923
:1006C00003F48013002B0CD0029B9B685B68482BC3
:1006D0000FD0029B9B685B68102B0AD06FF015034C
:1006E00099E0029B9B685B68102B02D06FF01503AA
:1006F00091E0E3F783FA04AB282200211846D1F7F2
:100700000DFD04AB0433002200211846CFF785FE0F
:10071000029B9B685B680A93029B9B681B6809931A
:10072000029B5B690C2B20D9029B5B690B2B02D9C6
:10073000029B1B6900E000230E93109B5B6903F48E
:100740008003002B11D00E9B5B68652B0DD10E9B97
:100750009B68162B09D10E9B1B68082B05D10E9B9D
:100760000C330C930E9B1B680B93109B03F1080139
:10077000109B0C331A460F98E2F7C0FE0346049311
:10078000049B002B2FD0049B10229A82049B04AA66
:100790001A61049B224ADA600F98E3F79AFC109BD7
:1007A000DB7F03F00803002B04D1019B03F040031F
:1007B000002B07D004AB043300211846E3F756FAA8
:1007C000119007E004AB04334FF0FF311846E3F714
:1007D0004DFA11900499109B03F10802109B0C3301
:1007E0000F98E2F7DFFE04AB04331846C7F7BCFAF4
:1007F000E3F718FA0D9B002B01DA0D9B0BE0119B20
:10080000002B01DA119B06E0064B9B8E01339AB256
:10081000044B9A860D9B184613B05DF804FB00BF8D
:10082000AD050408E44B002482B00190019B002B2D
:1008300003D0019B5B68002B02D16FF0080300E03E
:100840000023184602B0704782B001900091019BCE
:100850001B6A002B02DA019B00221A62019B1B6AB1
:100860001A46009B13441A46019B1A62019BDA69DF
:10087000009B1A44019BDA61019B9A69009BD21A82
:10088000019B9A6100BF02B0704700B587B001902C
:100890000091009B1B680493049B5B6903F4803305
:1008A000002B0CD0009B5B6A082B08D1009B986A38
:1008B000019B196B6FF00D030822F7F7ACFC019B4D
:1008C0009B8F1A46009B9B699A4203D9009B9B69A8
:1008D000059302E0019B9B8F0593019B9A6B019B03
:1008E0001B6B0C33D31A019A126B52799B1A039328
:1008F000009BD869019B196B039B059AF7F78BFC4A
:1009000003460593019B186B059A039B13441946F4
:10091000F7F790FD0246019B1A6305990098FFF7CF
:1009200093FF059B184607B05DF804FB00B585B042
:100930000190009100990198FFF7A7FF0390019B98
:100940009B8F1A46039B934211D2009B1B6819464A
:100950000198DFF79DFF03461A46019B9B8F9A4241
:1009600005D2064B1B8E01339AB2044B1A86019BAB
:1009700000229A8700BF05B05DF804FBE44B002419
:1009800000B587B00190019B1B680593019B4FF058
:10099000FF321A62019B9B69002B46D0059B2833CE
:1009A000184607F066FD0490049B002B3DD002A87A
:1009B000002304220499F7F72EFC029B19460598A0
:1009C00000F038F80346002B04D10498F7F780FCB8
:1009D00000232BE0059B5B6903F48033002B0BD0D5
:1009E000019B5B6A082B07D1019B986A6FF00D038E
:1009F00008220499F7F70FFC019BD869019B9A69BB
:100A000000230499F7F707FC03900498F7F760FCBC
:100A1000059B5B6903F48013002B04D1039B102B0F
:100A200001D9002302E0039B00E00023184607B031
:100A30005DF804FB84B001900091002303933AE039
:100A4000019A039B0E33DB0013445B6803F00053F1
:100A5000002B1AD0019A039B0E33DB0013449A68D3
:100A6000009B1A400199039B0E33DB000B4459682D
:100A70000198039B0E33DB0003449B680B4023F07B
:100A800000539A4214D001231DE0019A039B0E33B8
:100A9000DB0013445A68009B5A400199039B0E33B4
:100AA000DB000B449B681340002B01D101230AE0BB
:100AB000039B01330393019BD3F874311A46039BC4
:100AC0009342BDD30023184604B0704700B589B0E7
:100AD000039002911346ADF80630029B0793079BE3
:100AE000002B5BD0079B1B680693BDF8063003F014
:100AF0000203002B52D0039B9B6B1B680593059B45
:100B000019460698FFF796FF0346002B08D1BDF85B
:100B1000063023F00203ADF80630BDF806303FE0A2
:100B2000069B5B6903F48013002B1CD1069B5B6959
:100B300003F48033002B03D0039B9B8F182B09D821
:100B4000069B5B6903F48033002B0CD1039B9B8FC6
:100B5000102B08D9BDF8063023F00203ADF806309B
:100B6000BDF806301CE007990398FFF7DFFE079BEE
:100B70005B6800229A82079B5B6800221A61079BD0
:100B80005B680022DA60BDF8063023F00203ADF89E
:100B90000630079B08331846CFF754FDBDF80630E2
:100BA000184609B05DF804FB82B001900091009BEB
:100BB000DB6A002B02DA009BDB6A06E0019B002B5C
:100BC00001DA019B01E0009B1B6A184602B07047E6
:100BD00000B597B0059004910392059B5B68149350
:100BE000059B5B78032B02D06FF0250394E0049BF8
:100BF000DB68012B02D06FF089038DE0E2F7FEFF86
:100C000007AB302200211846D1F788FA07AB08332A
:100C1000002200211846CFF700FC049B9B685B680C
:100C20000D93049B9B681B680E93149B5B6903F4F4
:100C30008033002B0ED008230093002310220121C3
:100C4000049804F063FF03461193119B002B01D01D
:100C500008231093149B079307AB1846FFF790FEE9
:100C60001590159B002B4EDC0F9B1593149BDB7F7F
:100C700003F00803002B04D1039B03F04003002B77
:100C800006D0159B002B03DA6FF00A0315933BE0A7
:100C9000149B5B6A1393139B002B03D16FF0120319
:100CA000159331E0149B03F10801149B0C331A4691
:100CB0001398E2F723FC03460893089B002B1ED0F1
:100CC000089B12229A82089B07AA1A61089B144A61
:100CD000DA6007AB08331846E2F7D6FF159008999B
:100CE000149B03F10802149B0C331398E2F75AFC8F
:100CF00007AB19461598FFF757FF159004E06FF002
:100D00000F03159300E000BFE2F78CFF07AB083339
:100D10001846C7F729F8159B184617B05DF804FB6D
:100D2000CD0A040800B589B00390029101920093A6
:100D30000023079300230593039B5B680493029BA6
:100D4000652B02D06FF05B037DE0039B5B78032B88
:100D500002D06FF06A0376E0019B162B4BD0019B0B
:100D6000162B6BDC019B102B07D0019B102B65DB36
:100D7000019B123B022B61D83DE00A9B002B06D160
:100D8000049B0022C3F87421002307935AE00A9BB6
:100D900003F00703002B03D06FF01503079351E016
:100DA0000A9BB3F5807F03D96FF01503079349E0E1
:100DB0000A9BDB0805930023069311E0069BDB00EA
:100DC000009AD118049A069B0E33DB0013440433B7
:100DD0000A4692E8030083E80300069B013306936A
:100DE000069A059B9A42E9DB049B059AC3F8742195
:100DF0000023079326E00A9B042B02D06FF0150313
:100E000021E0E2F7FBFE009B1B68002B09D0049B4E
:100E10005B690121019A01FA02F21A43049B5A61AB
:100E200009E0049B5B690121019A01FA02F2D243B5
:100E30001A40049B5A61E2F7F5FE03E06FF05B0392
:100E4000079300BF079B184609B05DF804FB88B004
:100E5000039002910192009300230793039B5B6828
:100E60000493029B652B02D06FF05B0376E0039B3B
:100E70005B78032B02D06FF06A036FE0019B162BA7
:100E80004DD0019B162B64DC019B102B07D0019BDE
:100E9000102B5EDB019B123B022B5AD83FE0089BD4
:100EA0001B6803F00703002B03D06FF015030793B3
:100EB00053E0089B1B68B3F5807F03D96FF01503DF
:100EC00007934AE0049BD3F874310693089B1A6891
:100ED000069BDB009A4204D2089B1B68DB08069342
:100EE00003E0069BDA00089B1A600023059311E0DB
:100EF000059BDB00009AD118049A059B0E33DB009A
:100F000013440A46043393E8030082E80300059B78
:100F100001330593059A069B9A42E9DB1DE0089B85
:100F20001B68032B02D86FF0150317E0049B5B6965
:100F30000121019A01FA02F21340002B14BF012390
:100F40000023DBB21A46009B1A60089B04221A6039
:100F500003E06FF05B03079300BF079B184608B0E0
:100F6000704786B00190019B1B780593019B5B78CD
:100F70000493019B9B7803936FF05C03184606B0C3
:100F8000704782B001900123184602B0704784B0C8
:100F90000190019B5B680393039B93F8343001330A
:100FA000DAB2039B83F8342000BF04B0704700B569
:100FB00087B0039002910192029B0593039B5B68AB
:100FC0000493059B5B68002B02D0059B5B6802E0E5
:100FD000F0F798F80346049A5362059B9A68049BBD
:100FE0009A620023184607B05DF804FB00B587B08D
:100FF000039002910192039B5B680593029B04930B
:101000000C2200210498D1F789F8049B10221A8041
:10101000059B5A6A049B5A60059B9A6A049B9A60D6
:10102000019B0C221A600023184607B05DF804FBF0
:1010300000B587B0039002910192039B5B68059312
:10104000029B04930C2200210498D1F767F8049BBB
:1010500010221A80059BDA6A049B5A60059B1A6B62
:10106000049B9A60019B0C221A600023184607B06B
:101070005DF804FB86B0039002910192029B0593F8
:10108000039B5B680493059B5A68049BDA62059B8B
:101090009A68049B1A630023184606B0704700B58F
:1010A00085B00190019B0393E2F7A8FD039BDB6BE6
:1010B000002B06D0039B3C33012201211846E8F7A0
:1010C00030F8039B0022DA63E2F7ACFD00BF05B005
:1010D0005DF804FB00B589B00390029113468DF8CA
:1010E000073000230793039B5B6805939DF8073047
:1010F000002B3CD004230693E2F780FD0598DFF730
:10110000CBFC0346002B03D0069B43F00103069360
:1011100002AB069A01211846E8F703F8029B9B6888
:10112000002B03D0E2F77EFD002327E0029B5B68E3
:1011300003F00103002B17D0059BDB6B002B04D0C1
:10114000E2F770FD6FF00F0318E0029A059BDA6377
:10115000059A05990B48DFF7ABFC0790079B002B1E
:1011600002DA059B0022DA63E2F75CFD05E00598F0
:10117000DFF7C5FC059B0022DA63079B184609B020
:101180005DF804FB9F1004088EB003900291019259
:10119000029B9B681B680D93029B1B680C93029B30
:1011A0005B680B93029BDB68012B02D06FF0890315
:1011B0001CE0039B5B680A930C9B002B0FD1102350
:1011C000ADF814300023ADF816300A9BDB6A0693A5
:1011D0000A9B1B6B079305AB0C930C230B930D9B86
:1011E00009936FF05E03089300BF089B18460EB08A
:1011F000704700B58DB0039002910192029B9B68ED
:101200001B680A93029B9B685B680B93029B1B689D
:101210000993029B0433089300230793029BDB6826
:10122000012B02D06FF0890343E0039B5B681846F3
:10123000DFF7DEFB03460593059B002B1DD1039BC7
:101240005B680693069BDB7F03F00803002B04D149
:10125000019B03F04003002B02D06FF00A0328E04B
:10126000039B5B6805AA11461846DFF7D3FB07907E
:10127000059B002B01D1079B1BE0059B5B680B9A2C
:101280009A4202D9059B5B680B93059B04330B9A2A
:1012900019460A98D0F7A7FF059B1846D1F782FB9D
:1012A000099B002B04D0089A09990398FFF7C0FE08
:1012B0000B9B18460DB05DF804FB00B585B001909E
:1012C000019B5B680393039B93F83430012B09D88F
:1012D000039B002283F83420019B5B681846DFF7EC
:1012E00041FB07E0039B93F83430013BDAB2039BE8
:1012F00083F834200023184605B05DF804FB000095
:1013000000B585B001900091019B5B6802936FF07E
:101310000F030393009B0833002200211846CFF7E8
:101320007CF8009B029A1A60009B6FF00A029A6197
:10133000029BD3F89800029B03F10801029B0C3337
:101340001A46E2F7DBF80246009B5A60009B5B6896
:10135000002B0ED0009B5B6841F2C2329A82009B48
:101360005B68009A1A61009B5B68044ADA6000239C
:101370000393039B184605B05DF804FBC3130408F0
:1013800000B585B001900091019B1B680393039BFE
:10139000D3F89800019B5968039B03F10802039B53
:1013A0000C33E2F7FFF8019B00225A60009B002BF0
:1013B00003DA40210398E1F703F800BF05B05DF8B8
:1013C00004FB00B587B0039002911346ADF80630D8
:1013D000029B0593059B002B4DD0059B1B68049336
:1013E000BDF8063003F0C003002B04D0059B6FF05E
:1013F0006E029A612FE0BDF8063003F40073002BF3
:1014000004D0059B6FF06D029A6124E0BDF80630B0
:1014100003F48053002B04D0059B6FF064029A61A3
:1014200019E0BDF8063003F48073002B0AD0049B4A
:10143000DB7F43F06003DAB2049BDA77059B00227E
:101440009A6108E0039B00229A87BDF8063023F0DA
:1014500002039BB211E0059B9B6919460598FFF7B3
:101460008FFF059B1B68039AC3F89820059B0833E0
:101470001846CFF7E7F8BDF80630184607B05DF814
:1014800004FB00B591B00190009100230F93E2F7A7
:10149000B5FB019B5B680E930E9B002B03D16FF095
:1014A00015030F930DE00E9B93F83C30002B03D1F6
:1014B0006FF06A030F9304E000990E98DFF764FE63
:1014C0000F900F9B002B56DB0E9B5B6A002B05D108
:1014D0000E9BD3F898305A6A0E9B5A620E9BD3F833
:1014E00098301846E2F7F5FD0E9BDB7F03F008030A
:1014F000002B03D06FF072030F9328E006AB194660
:101500000198FFF7FDFE0F900F9B002B1FDB0E9B3A
:101510000393079B049306AB08330593D1F742F876
:1015200006AB08331846E2F7AFFB0F90D1F73AF855
:1015300006AB08331846C6F717FC0F9B002B01DBE0
:101540000C9B0F9306AB0F991846FFF719FF0F9BE3
:10155000002B03DA0F9B13F1730F0CD10198E0F706
:10156000BBFE0D900D9B002B05DA80210E98E0F755
:1015700027FF0D9B0F93E2F755FB0F9B184611B009
:101580005DF804FB00B587B00390029101920093CF
:10159000019B002B17D0019B0593059B02221A800B
:1015A000029BB3F85A20059B5A80029B9A6A059BBE
:1015B0005A60059B0833082200211846D0F7AEFD7B
:1015C000009B10221A6000BF07B05DF804FB00B555
:1015D00085B001900091019BD3F8FC3002936FF02D
:1015E00015030393029B002B1BD0029B1A69029BDD
:1015F0005B6900990198FFF7C5FF029B009A9A6109
:10160000029B0022DA61029B1846CFF71BF8019B70
:101610000022C3F8FC20019B0022C3F80021002314
:101620000393039B184605B05DF804FB00B58FB02B
:101630000390029101920093039B5B680D93029BC0
:101640000893019B099300230A9300230B9304AB97
:10165000002200211846CEF7E0FE0D9B04AAC3F835
:10166000FC200D9B134AC3F8002104AB1846E2F797
:101670000BFB0C900D9B0022C3F8FC200D9B00225D
:10168000C3F8002104AB1846C6F76EFB0B9B002B7A
:1016900002D00B9B5B4208E00C9B002B01DA0C9BF9
:1016A00003E00A9A009B1A60002318460FB05DF809
:1016B00004FB00BFCF15040882B001900091019B8C
:1016C0009B6A002B02DA019B00229A62019B9B6AB3
:1016D0001A46009B13441A46019B9A62019BDA69E1
:1016E000009B1A44019BDA61019B9A69009BD21A04
:1016F000019B9A6100BF02B0704700B585B00190B0
:101700000091019B9B8F1A46009B9B699A4203D9CB
:10171000009B9B69039302E0019B9B8F0393019BBA
:101720009A6B019B1B6B0C33D31A019A126B527983
:101730009B1A0293009BD869019B196B029B039A29
:10174000F6F769FD03460393019B186B009B1B6B27
:1017500003F00203002B03D1039A029B134400E021
:10176000029B1946F6F766FE0246019B1A6303992F
:101770000098FFF7A1FF009B1B6B03F00203002BF7
:1017800001D1039B00E00023184605B05DF804FB7F
:1017900000B589B0039002911346ADF80630029B64
:1017A0001B68069302990398FFF7A7FF0790039B16
:1017B0009B8F1A46079B934214D2039B9A8F079BD9
:1017C0009BB2D31AADF81630002206990398E0F7C1
:1017D000B5FF0346ADF81430BDF81430079A134432
:1017E000079302E00398E2F784FE039B9B8F1A465F
:1017F000079B934205D2BDF8063023F04003ADF8B5
:101800000630069B2C33079A92B211461846E2F72F
:1018100085F9039B00229A87BDF80630184609B067
:101820005DF804FB00B587B00190019B1B68059330
:1018300029E0019BD869019B9A6900230499F6F776
:10184000EAFC0390039B19460198FFF735FF019BC3
:101850001B6B03F00203002B21D1049B9A68039BAE
:101860009A4207D80498F6F733FD059B0022C3F887
:101870009C2008E0039B19460498F6F7DBFD02461E
:10188000059BC3F89C20059BD3F89C300493049BD4
:10189000002B05D0019B9B69002BCAD100E000BF43
:1018A00000BF07B05DF804FB00B587B00190009160
:1018B000009B1B6A0593059B002B28D0019B1A6B8C
:1018C000019B1B6B5B79083313440433143304937B
:1018D000019B1A6B019B1B6B5B7908331344043328
:1018E0000393059B02221A80049B1A88059B5A8049
:1018F000039BDB891B04039A92891A43059B5A6058
:10190000059B0833082200211846D0F707FC00BFCA
:1019100007B05DF804FB00B58DB007900691134643
:10192000ADF81630069B0A9300230B930A9B002BFD
:1019300000F09D80BDF8163003F00203002B6CD040
:101940000A990798FFF7B0FFBDF8163003F00103BE
:10195000002B26D00020F6F7FDF90B900B9B002BF7
:1019600002D1BDF8163084E00E210B98F6F73BFE4D
:10197000079B186B079B1B6B99680023029300233E
:101980000193002300930B9B0022F6F78DFA089039
:10199000089B002B05DA0B98F6F79AFCBDF8163079
:1019A00067E0BDF816301A460A990798FFF7F0FE6F
:1019B0000346ADF816300B9B002B03D00B9907980C
:1019C000E2F768FDBDF9163023F006031BB243F0C1
:1019D00004031BB2ADF816300A9B9B6A002B06DD90
:1019E0000A9B5B689B8A03F48063002B03D00A9BED
:1019F0009B69002B3BD10A9B5B6800229A820A9B61
:101A00005B6800221A610A9B5B680022DA600A9B0D
:101A100008331846CEF716FE29E0BDF8163003F459
:101A20009653002B23D00A9B1B680993099BDB7FED
:101A300003F04003002B07D00A9B5B68BDF816201B
:101A400019460998E0F7CCFCBDF8163003F04003C6
:101A5000002B03D00A9B0022DA6203E00A9B6FF09E
:101A60006A02DA620A9B08331846CEF7EBFDBDF82E
:101A7000163018460DB05DF804FB00B585B0039034
:101A8000029101920093342200210798D0F746FB7F
:101A9000079B0833002200211846CEF7BEFC079BA7
:101AA000019A9A61079B029ADA61079B009A1A626F
:101AB000079B069A5A62079B089A1A63079B039A28
:101AC0001A6000BF05B05DF804FB82B00190009180
:101AD000009B9B6A002B02DD009B9B6A07E0009B3A
:101AE000DB6A002B02DA009BDB6A00E0019B1846F0
:101AF00002B0704700B59BB0079006910592049321
:101B00001D9B02930CAB01931C9B0093049B059AB5
:101B100006990798FFF7B1FF0CAB1846FFF782FE56
:101B2000169B1993079BDB7F03F04003002B0DD11D
:101B3000199B002B00F38F80079BDB7F5BB2002B90
:101B4000C0F289806FF06A03199384E0079BDB7F02
:101B500003F00803002B04D11D9B03F04003002B6E
:101B600006D0199B002B76DC6FF00A03199372E004
:101B70001D9B03F48073002B02D1169B002B6AD1AE
:101B8000129B002B67D0079BD3F89800079B03F1AB
:101B90000801079B0C331A46E1F7B0FC03460D938E
:101BA0000D9B002B51D00D9B41F2C2229A820D9BBE
:101BB0009B8A1AB21D9B1BB29B001BB203F480636D
:101BC0001BB213431AB20D9B92B29A820D9B0CAAC0
:101BD0001A610D9B2B4ADA60079B09930D9B0A93B0
:101BE0000CAB08330B93D0F7DDFC079B1B8B002B52
:101BF00007D0079B1B8B1A46642302FB03F31A468C
:101C000001E04FF0FF320CAB083311461846E2F703
:101C10002DF81990D0F7C6FC199B13F16E0F02D165
:101C20006FF00A031993079BD3F898000D99079B4F
:101C300003F10802079B0C33E1F7B4FC0CAB194627
:101C40001998FFF742FF199005E0199B002B02DC61
:101C50006FF00F0319930798E0F76BFE0346002B14
:101C600005D0079BD3F898301846E2F732FA0CAB50
:101C700008331846C6F778F8199B18461BB05DF86C
:101C800004FB00BF1719040800B58FB0059004913C
:101C90000392049B1B680A93049B0433099300235B
:101CA0000D9300230C93E1F7A9FF059B5B68089354
:101CB00000230B9330E0049B9A680B9BDB001344DA
:101CC0001B680793049B9A680B9BDB0013445B68BB
:101CD0000693039B0193099B00930A9B069A07991D
:101CE0000898FFF707FF0C900C9B002B1ADD0D9A4C
:101CF0000C9B13440D93039B03F48073002B08D1BA
:101D0000049B9A680B9BDB0013445A680C9B9A4215
:101D10000AD80B9B01330B93049BDA680B9B9A4206
:101D2000C9D802E000BF00E000BFE1F77BFF0D9BD8
:101D3000002B01D00D9B00E00C9B18460FB05DF806
:101D400004FB30B58DB0039002911346ADF8063018
:101D5000029B0993099B1B680893089BD3F8983052
:101D6000039A9A4202D0BDF8063011E1BDF8063060
:101D700003F00103002B56D0039B1A6B039B1B6BD4
:101D80005B7908331344043314330793079B0833F8
:101D90001846DFF7C4FA0690099B5B6A069AD21AC6
:101DA000099B9A62099B9A6A099BDB699A4280F0B7
:101DB000D780099B9B6A099A126A934229D2BDF87F
:101DC000063003F00203002B23D1079B5B7B03F05B
:101DD0000303002B1DD1099BDB6A069A9A4218D196
:101DE000089BDA6F099B1B6B9A4212D1099B5B6BB4
:101DF0005A1C099B5A63099B5B6B022B0CDDBDF8D7
:101E0000063043F00803ADF80630099B00225A6300
:101E100002E0099B00225A63099B069ADA62089B3A
:101E2000DA6F099B1A63BDF8063003F00803002B34
:101E300031D0099BDA69099B9B6AD31A0B93089BE3
:101E4000B3F85C301A460B9B934203D9089BB3F856
:101E50005C300B93099B5A6A099B9B6A1A44089B46
:101E60005A63099B9A69099B9B6AD4180B9D089831
:101E7000E0F7AAF803462A462146039802F022FB1F
:101E80000590059B002B03DC099B059A1A6268E00C
:101E9000BDF806307CE0BDF8063003F49653002B05
:101EA00012D0089BDB7F03F04003002B07D0099B77
:101EB0005B68BDF8062019460898E0F791FA099B7F
:101EC0006FF06A021A624CE0BDF8063003F00203BC
:101ED000002B42D1099B1B6A1A46099BDB699A4277
:101EE0003BD2099BDB69099A126A9B1A0A93089BE9
:101EF000B3F85C301A460A9B934203D9089BB3F8A7
:101F00005C300A93099B1B6A1A46099B9B6AD21A8A
:101F10000A9B1A44089BDB6F9A421ED2099B9B695D
:101F2000099A126A9C180A9D0898E0F74DF8034632
:101F30002A462146039802F0C5FA0590059B002B1E
:101F400003DC099B059A1A620BE0099B1B6A1A467F
:101F50000A9B13441A46099B1A62BDF8063017E023
:101F600000BF099B5B6800229A82099B5B68002284
:101F70001A61099B5B680022DA60089B0022C3F8A3
:101F80008C20099B08331846CEF75CFBBDF8063061
:101F900018460DB030BD000000B599B00390029115
:101FA0000192009300231793039B002B07D0039B00
:101FB0005B78012B03D1039B5B68002B03D16FF08F
:101FC00008031793BEE0039B5B681693169BDB7FA9
:101FD00003F04003002B03D16FF06A031793B1E0C5
:101FE000039B1B78022B05D1169B9B6A1846E2F7D0
:101FF000B1FD1790179B002B03DA6FF06403179362
:10200000A0E0E1F7FBFD169BDB7F03F04003002B14
:1020100005D1E1F707FE6FF06A03179392E004AB76
:10202000382200211846D0F779F804AB0833002293
:1020300000211846CEF7F1F9169B0493019B0B93F0
:10204000029B0A93019B002B68D06FF00B03179340
:10205000169BD3F89800169B03F10801169B0C33CE
:102060001A46E1F74BFA03460593059B002B55D022
:10207000169B30331846DFF752F903460D93169B33
:102080000022C3F88C20059B41F2D9229A82059B3D
:1020900004AA1A61059B2E4ADA6016990398DFF7A5
:1020A00083FF0E9B1593169B1293059B139304AB12
:1020B00008331493D0F776FA169B5B8B002B07D06E
:1020C000169B5B8B1A46642302FB03F31A4601E05E
:1020D0004FF0FF3204AB083311461846E1F7C6FD56
:1020E0001790D0F75FFA179B13F16E0F03D10E9B79
:1020F000159A9A42D5D1179B13F16E0F02D16FF04A
:102100000A03179300BF169BD3F898000599169BF6
:1021100003F10802169B0C33E1F744FA04AB0833D1
:102120001846C5F721FEE1F77DFD0C9B002B02DA76
:102130000C9B179306E0179B002B02DB0C9B17935D
:1021400000E000BF179B184619B05DF804FB00BF04
:10215000431D040882B001900023184602B0704766
:1021600088B0039002910192009300230793039B90
:102170005B680693039B5B78012B02D06FF06A03C8
:102180003EE0029B102B03D0029B142B11D031E0B8
:10219000009B042B03D06FF0200307932EE0019BDC
:1021A0001B680493049B002B28D16FF02503079331
:1021B00024E0009B042B03D06FF00D0307931EE077
:1021C000019B1B680593069B93F83C30012B01D0C3
:1021D000002315E0059B572B03DD059BB3F5803FDE
:1021E00002DB6FF015030BE0059B9AB2069BA3F888
:1021F0005E2004E06FF05B03079300E000BF079BE5
:10220000184608B0704788B003900291019200937D
:10221000039B5B680693039B5B78012B02D06FF0F6
:102220006A0334E0029B102B03D0029B142B13D0C3
:1022300028E0009B1B68032B03D86FF0150307935E
:1022400024E0019B0493049B01221A60009B04225A
:102250001A600023079319E0009B1B68032B03D827
:102260006FF01503079311E0019B0593069BB3F8EC
:102270005C301A46059B1A60009B04221A600023FA
:10228000079303E06FF05B03079300BF079B1846BB
:1022900008B0704700B589B003900291039B9B681A
:1022A0000793029B1B680593029B5B68094A82FBAC
:1022B00003129211DB17D31A069305AB0822009282
:1022C00010220121079803F021FC00BF09B05DF83E
:1022D00004FB00BFD34D621000B58DB00590049192
:1022E00013468DF80F30059B9B680B93059B1B686D
:1022F0000A930A9B93F83130022B18D10A9B5B6931
:1023000003F08053002B12D0049B09939DF80F30EB
:102310000693099B5B6808930A9B5B6A079306AB6D
:102320000C2200921C2200210B9803F0EFFB00BF4F
:102330000DB05DF804FB00B585B001900091019BE4
:102340009B8F1A46009B9B689B685B689A4205D9E5
:10235000009B9B689B685B68039302E0019B9B8FDB
:102360000393009B9B689B681868019B196B019BFA
:102370009A6B019B1B6B0C33D31A019A126B527927
:102380009B1A039AF5F747FF03460393039A009BB2
:10239000DA61019B00229A87039B184605B05DF81D
:1023A00004FB00B58FB00190019B1B680D93019B4E
:1023B0004FF0FF32DA610D9B5B6B0C930C9B002B93
:1023C00000F09F8000230B930DF126000B9B02224F
:1023D0000C99F5F720FF0A900B9B02330B9309A889
:1023E0000B9B01220C99F5F716FF0A900B9B01330A
:1023F0000B930DF125000B9B01220C99F5F70BFFB8
:102400000A900B9B01330B939DF825301A4605A8C3
:102410000B9B0C99F5F7FFFE0A909DF825301A46A4
:102420000B9B13440B930D9B9B6D002B0BD003A8B0
:102430000B9B08220C99F5F7EEFE0A9003AB1946A8
:102440000198FFF727FF0B9B08330B93019B9B68B9
:102450009B681868BDF826301A46019B9B689B68EC
:102460005B689A4228BF1A460B9B0C99F5F7D3FE7E
:102470000A90019B0A9ADA61019B9B681B68002BFA
:1024800015D09DF825301946019B9B685A68019B21
:102490009B688A4228BF0A465A60019B9B6818685D
:1024A000019B9B685A6805AB1946CFF79CFE9DF8C7
:1024B000242005AB19460198FFF70EFF019B5B6ACC
:1024C00003F00203002B1CD1BDF826301A460B9BEB
:1024D00013441A460C9B9B689A4206D30C98F5F756
:1024E000F7FE0D9B00225A630BE0BDF826301A461A
:1024F0000B9B134419460C98F5F79CFF02460D9B65
:102500005A6300BF0FB05DF804FB00B58BB00190BB
:1025100000910023099302AB0893019B1A6B019B66
:102520001B6B5B7908331344043314330793019B0B
:102530001A6B019B1B6B5B790833134404330693BE
:10254000089B02221A80079B1A88089B5A80102336
:102550000993069BDB891B04069A92891A43089B00
:102560005A60089B0833082200211846CFF7D6FD91
:10257000009B9B681B68002B13D0009B9B685968CD
:10258000009B9B68099A8A4228BF0A465A60009BB2
:102590009B681868009B9B685A6802AB1946CFF786
:1025A00022FE019B9A7E02AB19460098FFF794FE2B
:1025B00000BF0BB05DF804FB00B583B00190009143
:1025C000019B5B6800229A82019B5B6800221A6172
:1025D000019B5B680022DA60019B009A1A62019BF2
:1025E0000C331846CEF72EF800BF03B05DF804FB9D
:1025F00000B587B0039002911346ADF80630029BF8
:102600000593059B002B37D0BDF8063003F48053AB
:10261000002B05D06FF064010598FFF7CDFF2BE08C
:10262000BDF8063003F00203002B25D0059B1B6884
:102630009B6D002B05D0039B403319460598FFF78F
:1026400029FE05990398FFF760FF05990398FFF7A6
:1026500072FE00210598FFF7AFFF059B5B6A03F050
:102660000203002B08D1BDF8063023F00203ADF8B9
:1026700006300398E1F73DFFBDF80630184607B075
:102680005DF804FB00B585B00390029101920093C0
:10269000282200210198CFF741FD019B0C33002235
:1026A00000211846CDF7B9FE019B029A9A60019B62
:1026B000009A5A62019B039A1A6000BF05B05DF848
:1026C00004FB82B001900091009B1B6A002B02DA90
:1026D000009B1B6A06E0019B002B01DA019B01E0D5
:1026E000009BDB69184602B07047000000B597B048
:1026F000039002910192039B5B681493029BDB6839
:10270000012B02D06FF0890382E0E1F777FA05AA86
:10271000019B02991498FFF7B5FF05AB1846FFF728
:1027200040FE0C9B1593149BDB7F03F00803002BEA
:1027300004D1019B03F04003002B06D0159B002B16
:102740005EDA6FF00A0315935AE00C9B002B57DCFE
:10275000149801F09AFC1390149B03F10801149B48
:102760000C331A461398E0F7C9FE03460693069BFE
:10277000002B42D0069B41F202029A82069B05AAD8
:102780001A61069B244ADA60139B0F93149B1093E3
:10279000069B119305AB0C331293CFF703FF149BE9
:1027A0001B8B002B07D0149B1B8B1A46642302FB48
:1027B00003F31A4601E04FF0FF3205AB0C3311462C
:1027C0001846E1F753FA1590CFF7ECFE159B13F17D
:1027D0006E0F02D16FF00A0315930699149B03F153
:1027E0000802149B0C331398E0F7DCFE05AB194686
:1027F0001598FFF766FF159002E06FF00F03159331
:10280000E1F710FA05AB0C331846C5F7ADFA159B86
:10281000184617B05DF804FBF125040884B0019058
:10282000019B5B680293029B002B27D0019B1A68D7
:10283000019B5B689A4206D1019B00221A60019BB2
:1028400000225A6017E0019B1B68039302E0039B80
:102850001B680393039B002B04D0039B1B68029A05
:102860009A42F4D1039B002B05D0039B00221A60EF
:10287000019B039A5A60029B00221A60029B184631
:1028800004B0704784B00190019B1B680393039BC5
:10289000002B0DD0039B1A68019B1A60019B1B68DB
:1028A000002B02D1019B00225A60039B00221A6078
:1028B000039B184604B0704700B585B00190002313
:1028C0000293019B9B6B002B11D1019B5B6C00223F
:1028D0009A82019B5B6C00221A61019B5B6C002257
:1028E000DA60002303930198E3F71DF80CE0019BE5
:1028F00038331846FFF7C6FF03900398E0F730FD22
:10290000019800F00BF80290039B002B02D0029B71
:10291000002BD6DB00BF05B05DF804FB10B584B01A
:102920000190019B9B6B0393039B002B02D16FF0E3
:1029300001037DE0019B9B8D002B14D1019B93F83B
:102940003120019B243319461046E0F7D3FA0346A1
:102950005BBA9AB2019B9A85019B9B8D002B02D199
:102960006FF0610364E0039B08331946019801F09E
:10297000A2FB0290029B002B02D16FF0640357E090
:10298000029B5B6903F00203002B02D16FF070031E
:102990004EE0039BD3F888309C680298E1F75CF81E
:1029A00003469C4202D96FF0590341E0019B5B6CE6
:1029B000002B12D0019B1B6C029A9A420DD0019BF6
:1029C000186C019B596C019B03F10802019B0C33AD
:1029D000E0F7E8FD019B00225A64019B5B6C002B31
:1029E0000BD1019B03F10801019B0C331A4602989D
:1029F000E0F784FD0246019B5A64019B5B6C002B4F
:102A000002D16FF00B0313E0019B029A1A64019B41
:102A10005B6C41F210029A82019B5B6C019A1A6115
:102A2000019B5B6C044ADA600298E1F752FB0023D9
:102A3000184604B010BD00BF3D2A040800B589B097
:102A4000039002911346ADF80630029B0793BDF840
:102A5000063003F48053002B05D00798FFF72CFFB6
:102A6000BDF806304BE0079B1B6C039A9A4202D0DC
:102A7000BDF8063043E0039BDB8F002B3DD1BDF852
:102A8000063003F00203002B37D1BDF8063003F007
:102A90001003002B31D0079B9B6B002B2DD0079888
:102AA000E2F780FB0346ADF81A30079B9B6B05935A
:102AB000059B083319460798E0F7C8FB059BD3F838
:102AC000883019460398E1F7E5FC059BD3F8883078
:102AD0009B689AB2BDF81A30D31A9AB2039BDA8770
:102AE000059B0022C3F888200798FFF7E5FEBDF894
:102AF000063023F01003ADF80630BDF80630184656
:102B000009B05DF804FB00B585B001900091009B11
:102B1000B3F1FF3F14D0C3F760FF0246019BD21A06
:102B200013469B0013445B000393039A009B9A4255
:102B300002D30023009303E0009A039BD31A00936F
:102B4000009B184605B05DF804FB00B595B00590F4
:102B500004910392029300231293059B5B681093E8
:102B6000039BB3F5803F02D36FF0590329E1169B15
:102B7000002B08D0109BDB7F03F04003002B02D01A
:102B80006FF069031DE1169B002B08D1109BDB7FC2
:102B900003F04003002B02D16FF0580311E1059BB5
:102BA0001B78022B12D1109BDB7F03F04003002B1C
:102BB00003D0109B9B6A119304E0169B0F930F9B0D
:102BC0005B6811931198E1F7C5FF1290129B002BDF
:102BD00002DA6FF06403F4E0109BDB7F03F008037C
:102BE000002B04D1029B03F04003002B01D00123F2
:102BF00000E000238DF83B309DF83B3003F00103EB
:102C00008DF83B30C3F7E9FE0D90109B5B8B002BDA
:102C100006D0109B5B8B1A46642302FB03F301E092
:102C20004FF0FF330C93039B002B00F0C180E0F7C3
:102C3000E5FF9DF83B30002B03D0E0F76DFB1390D0
:102C400008E00C990D98FFF75EFF03461846E0F781
:102C50003DFB1390139B002B0FD19DF83B30002BB5
:102C600003D10C9BB3F1FF3F03D06FF00A03129323
:102C7000A4E06FF00B031293A0E0109BDB7F03F046
:102C80004003002B15D0139B08330B930B9B0222A0
:102C90001A80109BDA8D0B9B5A80109B9A6A0B9BB3
:102CA0005A600B9B0833082200211846CFF736FAEA
:102CB0000AE0139B0833179A16991846CFF793FA30
:102CC00016991098E0F7C2FA1098E2F76BFA0346EB
:102CD000ADF82A30139BD3F888300E211846F5F74B
:102CE00082FC139BD3F88830BDF82A1000221846C6
:102CF000F5F7BAFC9DF83B30002B0CD0139BD3F8B2
:102D00008800BDF82A3000220092039A0499F5F752
:102D10006CFA129017E006AB1846E0F78BFF0990AB
:102D2000139BD3F88800BDF82A3000220092039A42
:102D30000499F5F744FA1290099B002B03DB069BDC
:102D40001846E0F785FF129B002B33DB109B9B6B33
:102D5000002B0CBF012300238DF82330139B079316
:102D6000079B00221A60109B9B6B002B06D1109BC7
:102D7000079A9A63109B079ADA6306E0109BDB6B55
:102D8000079A1A60109B079ADA639DF82330002B8C
:102D90000CD01098FFF7C2FD1290129B002B05DAA1
:102DA000109B38331846FFF739FD04E0E0F73AFF8F
:102DB000039B06E000BF1398E0F7D2FAE0F732FF7A
:102DC000129B184615B05DF804FB00B583B0019066
:102DD000019B002B02D16FF008030EE0E0F7D8FA58
:102DE0000346002B05DB0020F5F7D4FB0346002B40
:102DF00002DC6FF00A0300E00023184603B05DF820
:102E000004FB00B585B001900091019B0393039BE7
:102E100002221A80039B00225A80039B009A5A6068
:102E2000039B0833082200211846CFF777F900BF2B
:102E300005B05DF804FB00B587B0039002910192E4
:102E4000039B0593059B02221A80059B00225A8052
:102E5000019BDA43029B1A40019BDB439A420CBF61
:102E600001230023DBB21A46059B5A60059B0833F9
:102E7000082200211846CFF751F900BF07B05DF8CE
:102E800004FB84B001900091009B0393039B5A685C
:102E9000019B1A6000BF04B0704700B585B0019077
:102EA000019B3A211846CFF700FA0390039B002BB1
:102EB0000DD0039B5A1C039200221A700398F0F75E
:102EC0000FF80290029B43EAE373013300E0002312
:102ED000184605B05DF804FB82B0034600918DF8FA
:102EE0000730009B40F2427293425ADC009BB3F5DC
:102EF000E86F4ADC009B40F23472934251DC009B45
:102F000040F22A72934240DA009B40F226729342CA
:102F100047DC009B40F20A72934214DA009B40F2B5
:102F2000097293423DDC009B40F2037293422CDA1B
:102F3000009B40F20172934227D0009B40F2027244
:102F4000934224D02DE0009BA3F20A73012202FADF
:102F500003F3C3F30902002A14BF01220022D2B2F4
:102F6000002A1CD1124A1A40002A14BF0122002252
:102F7000D2B2002A09D103F48053002B14BF0123DD
:102F80000023DBB2002B02D10BE024230CE09DF8E0
:102F900007300A2B01D1182306E0242304E09823EC
:102FA00002E000BF6FF01803184602B0704700BF80
:102FB000002C031E00B58DB00390029101920023F6
:102FC0000B930023049300230A93E0F717FE029B60
:102FD000A3F217731D2B76D801A252F823F000BF7D
:102FE0005930040865300408C7300408C7300408A5
:102FF000C7300408C7300408C7300408C7300408C5
:10300000C7300408C7300408C7300408C7300408B4
:10301000C7300408C7300408C7300408C7300408A4
:10302000C7300408C7300408C73004089B300408C0
:10303000C7300408C7300408C7300408C730040884
:10304000C7300408C7300408C7300408C730040874
:10305000C73004086F30040800F0CEFB0246019B25
:103060005A6164E0019800F02BFC0A905FE0019B3C
:10307000B3F910301846E1F7B1F80990099B002B1D
:1030800007D0099B0433019910221846CFF75CF84A
:103090004DE06FF012030A9349E0019BB3F9103041
:1030A0001846E1F79BF80890089B002B07D0019881
:1030B000089B043310221946CFF746F837E06FF02B
:1030C00012030A9333E0019B002B04D1E0F7AAFD21
:1030D0006FF0180399E1039B1B7802991846FFF7DC
:1030E000FBFE0346232B0ADD0198FFF7D6FE0346BD
:1030F0000493019B184600F057FB0B9010E0039BD4
:103100001B7802991846FFF7E7FE0346182B07D1F4
:10311000019B0793079B5B691846E1F75FF80B90EB
:103120000B9B002B02D16FF018030A9300BF0B9B7F
:10313000002B03D1E0F776FD0A9B66E1029BA3F228
:103140000173322B00F2558101A252F823F000BF27
:103150001D3204084D330408313204084532040896
:10316000593204086F320408773204088B3204089D
:103170009F320408F3330408F3330408F3330408DC
:10318000F3330408F3330408F3330408F333040877
:10319000F33304089F320408F3330408EF320408C1
:1031A0002133040877330408F3330408F3330408A5
:1031B000F3330408C5320408E5320408F333040885
:1031C000F3330408F3330408F3330408F333040837
:1031D000F3330408F3330408F33304088733040893
:1031E0008733040887330408F3330408F3330408EF
:1031F000F3330408F3330408E7330408C133040845
:10320000AD330408F3330408F3330408F33304083C
:10321000F3330408F3330408B1320408019B03F1CB
:1032200014020B9B5B6A19461046FFF7EAFDE9E0C2
:10323000019B03F114020B9B9B6A19461046FFF792
:10324000E0FDDFE00B9B03F12802019B14331946DC
:103250001046FFF716FED5E0019B03F114000B9B0F
:10326000596A0B9BDB6A1A46FFF7E5FDCAE06FF06F
:1032700025030A93C6E0019B03F114020B9BDB6A52
:1032800019461046FFF7BDFDBCE00B9B03F12C0275
:10329000019B143319461046FFF7F3FDB2E00B9B78
:1032A0009B8B1A460B9B5B7ED21A019B5A61A9E04D
:1032B000019B5B699BB20B9A527E13449AB20B9BA3
:1032C0009A839FE0019B5B6903F00203002B04D00B
:1032D0000B9800F017FA0A9094E00B9800F038FA77
:1032E0000A908FE00B9B5A69019B5A618AE00B9B05
:1032F0001B7E002B03D00B9B1B7E052B0CD1019B4F
:1033000001229A82019B03F116000B9B1E330622B9
:103310001946CEF768FF75E06FF060030A9371E01D
:103320000B9B1B7E002B03D00B9B1B7E052B09D117
:103330000B9B03F11E00019B163306221946CEF7A4
:1033400052FF5FE06FF060030A935BE0039B1B7822
:103350000A2B52D00B9B5A6A019B14335B689A422A
:103360004DD00B9B03F12402019B143319461046E8
:10337000FFF787FD41E0039B1B780A2B41D00B9B95
:1033800000225A623DE00B9B1B6E002B0AD0019B72
:10339000143305930B9B1B6E059A02990B98984763
:1033A0000A902FE06FF025030A932BE00B9B5B69DB
:1033B00003F00203002B03D06FF00F030A9321E008
:1033C0000B9B1B6E002B0AD0019B143306930B9BA7
:1033D0001B6E069A02990B9898470A9012E06FF0BC
:1033E00025030A930EE00B9B9B7E1AB2019B1A8267
:1033F00008E06FF018030A9304E000BF02E000BF8A
:1034000000E000BFE0F70EFC0A9B18460DB05DF827
:1034100004FB00BF00B585B0039002910192039BAD
:10342000002B1AD0039A019B1A60039B93F831304A
:10343000002B06D0039B3133184600F0B5F9034644
:1034400007E0019B1B685B6819460020E0F79EFEC1
:103450000346029A1360012300E00023184605B0DA
:103460005DF804FB00B589B0039002910192029BC4
:1034700040F60302934250D0029B40F6030293426F
:1034800070DC029B40F60102934205D0029B40F69D
:103490000202934223D065E005AA06AB19460198C3
:1034A000FFF7B8FF0346002B15D0069B002B12D068
:1034B000019B1B88022B0ED1019B1B8A012B0AD179
:1034C0000698059B5968019B12331A46E1F7F4F9F7
:1034D000079000BF4AE06FF01503079346E005AA86
:1034E00006AB19460198FFF795FF0346002B10D055
:1034F000069B002B0DD0019B1B88022B09D1059B3D
:103500005B68069A11461846E1F780FA079000BFFB
:103510002CE06FF01503079328E005AA06AB1946C7
:103520000198FFF777FF0346002B16D0019B1B88FD
:10353000022B12D1059B5868019B03F11201069AD8
:103540000123E1F71FFA0790079B002B09DB019B82
:1035500001221A820023079303E06FF015030793FB
:1035600004E003E06FF01803079300BF079B1846C1
:1035700009B05DF804FB000000B58BB00590049124
:1035800003926FF018030993059B9B68002B0CD0E6
:10359000059B9B685B6B002B07D0059B9B685B6B57
:1035A000039A0499059898470990099B002B05D028
:1035B000099B13F1190F01D0099B55E0049B40F2C0
:1035C0000332934234D0049B40F20A32934247D1F3
:1035D000059B5B680893039B0793059B9B685B684F
:1035E0000598984703468DF81B309DF81B3003F073
:1035F0000103002B18D0079B002B0BD0079B1B68E7
:10360000002B07D0089BDB7F43F00803DAB2089B4E
:10361000DA7706E0089BDB7F23F00803DAB2089B29
:10362000DA77002309931EE06FF0250309931AE06F
:10363000099B13F1190F15D10398059B1B781946A7
:10364000059B5B781A46059B9B78019300920B467D
:10365000074A4FF48071CDF740F90023099301E048
:1036600000BF00E000BF099B18460BB05DF804FBEB
:103670004437050800B587B0039002910192039B7F
:10368000002B03D0039B5B68002B02D16FF0080373
:1036900021E0019B1A1D01921B680493049A029970
:1036A0000398FFF769FF0590059B13F1190F06D1E9
:1036B000049B1A4602990398FFF77CFC0590059B32
:1036C00013F1190F06D1049B1A4602990398FFF7CC
:1036D000C9FE0590059B184607B05DF804FB0EB4C3
:1036E00000B584B0019006AB0293029A0599019847
:1036F000FFF7C0FF0390039B184604B05DF804EB8E
:1037000003B0704700B585B001906FF025030393B7
:10371000019B5B6D002B16D0019B5B6903F00203DC
:10372000002B0ED1019B5B6D019898470390039B82
:10373000002B08D1019B5B6943F00202019B5A6197
:1037400001E000230393039B184605B05DF804FBDA
:1037500000B585B001906FF025030393019B9B6D2D
:10376000002B1BD0019B5B6903F00203002B13D0DD
:10377000019B9B6D019898470390039B002B0DD1F3
:10378000019B5B6923F00602019B5A614FF4805153
:103790000198DFF781FF01E000230393039B1846A4
:1037A00005B05DF804FB000000B585B00190019BF9
:1037B000002B1AD0E0F722FA0E4B1B6803930FE0A0
:1037C000039B043319460198F1F7D5F80346002B03
:1037D00003D1E0F727FA039B08E0039B1B680393E0
:1037E000039B002BECD1E0F71DFA0023184605B02F
:1037F0005DF804FB2437002400B583B0E0F7FEF940
:103800000A4B1B6801930023009305E0019B1B6892
:103810000193009B01330093019B002BF6D1E0F74D
:1038200001FA009B184603B05DF804FB243700241E
:1038300000B587B001900091009B0593059B5B68E4
:103840000493019B5B6A002B34D0019B5B6903F0FE
:103850000203002B2ED0049B1B6803F12402059B5E
:103860001B689A4220D8049B5A68049B1B68134427
:103870000393039B143302930398019B0433102298
:103880001946CEF761FC029B02221A80029B00229D
:103890005A80019B5A6A029B5A60029B0833082295
:1038A00000211846CEF73AFC049B1B6803F1240262
:1038B000049B1A600023184607B05DF804FB000063
:1038C00000B585B00190019B1B680293019B039397
:1038D000019B00221A6002AB19460448E2F72EF859
:1038E0000346184605B05DF804FB00BF31380408F4
:1038F00000B583B00190019B93F824301846E0F79F
:103900006DFC0346184603B05DF804FB00B585B0B6
:103910000190019B0393E0F771F9039BB3F890309A
:1039200023F004039AB2039BA3F89020039B93F81F
:103930003830002B06D140210398DEF741FD039873
:10394000DDF7C0FAE0F76EF900BF05B05DF804FBE3
:1039500000B589B0059004911346ADF80E30049B74
:103960000793BDF80E3003F49653002B1ED1079B2E
:10397000D3F88C30002B09D0059B00229A87BDF824
:103980000E3023F00203ADF80E300CE0059B002250
:103990009A87BDF90E3023F042031BB243F0400377
:1039A0001BB2ADF80E30BDF80E302BE000BF079B08
:1039B000D3F8E430002B10D0079BD3F89800079B76
:1039C000D3F8E410079B03F10802079B0C33DFF7E1
:1039D000E9FD079B0022C3F8E420079BB3F8902081
:1039E000079B42F0040292B2A3F89020079B03F1D8
:1039F000E801079B00220092044A0020EDF7D8FC62
:103A0000BDF80E30184609B05DF804FB0D39040806
:103A100000B585B0019000230393E0F7EFF8019B18
:103A20005B680293029B002283F83820029B93F884
:103A30003C30042B04D0029B93F83C30092B47D137
:103A4000029BD3F89800029B03F10801029B0C3300
:103A50001A46DFF753FD0246029BC3F8E420029B9F
:103A6000D3F8E430002B33D00298DDF7F7F9029B4E
:103A7000D3F8E43041F2D3229A82029BD3F8E430A7
:103A80001C4ADA60029BD3F8E430029A1A61029B66
:103A90005B6903F04003002B15D0C2F79EFF02467E
:103AA000029B9B8B1946642301FB03F309331249E4
:103AB000A1FB0313DB0813441A46029BC3F89420AE
:103AC0000298DDF74BFD02990198DEF76DFA06E0EA
:103AD00040210298DEF774FC0298DDF7F3F9019BB0
:103AE00000225A60E0F79EF8039B184605B05DF887
:103AF00004FB00BF51390408CDCCCCCC00B585B057
:103B00000190019B5B6803930398E3F715FA019812
:103B1000FFF77EFF0346184605B05DF804FB00B5CD
:103B200089B0039002911346ADF80630029B0593CD
:103B3000059B002B6CD000230793BDF8063003F0E3
:103B40002203002B03D0079B43F001030793BDF82A
:103B5000063003F48073002B03D0079B43F004036B
:103B60000793BDF8063003F49653002B2CD0BDF814
:103B7000063003F40073002B02D06E2306930AE094
:103B8000BDF8063003F48053002B02D06523069362
:103B900001E06F230693059B1B68002B06D0059B55
:103BA0001B680493069B1AB2049B1A82059B186833
:103BB000059B9B68BDF806201946DEF711FC079BA4
:103BC00043F0180307930BE0059B1B681846FEF7AC
:103BD000C1FA0346002B03DB079B43F00403079362
:103BE000059B0433079A01211846E5F79AFA059BCD
:103BF0005B689B68002B0BD0059B9B6800229A8218
:103C0000059B9B6800221A61059B9B680022DA6075
:103C1000BDF80630184609B05DF804FB00B58BB05E
:103C2000019000910023089300230793DFF7E6FF3C
:103C3000019B5B680693069B002B02D0009B002B28
:103C400003D16FF015030793BDE0069B93F83C305A
:103C5000012B04D0069B93F83C30032B07D1069B25
:103C6000DB7F03F00803002B01D0012300E00023D9
:103C70008DF817309DF8173003F001038DF81730D9
:103C8000069B03F5827309930CE0099B0C3309939F
:103C9000069B03F58E73099A9A4203D36FF00B03C8
:103CA000079390E0099B1B68002BEED1069BD3F88D
:103CB0009800069B03F10801069B0C331A46DFF7B8
:103CC0001DFC0490049B002B03D16FF00F0307939E
:103CD00079E0099B069A1A60009A099B5A60099B31
:103CE000049A9A60049B4FF496529A82049B099A14
:103CF0001A61049B374ADA60009B5B6803F0040397
:103D0000002B11D0049B9B8A43F010039AB2049BB2
:103D10009A829DF81730002B06D0049B9B8A43F4AF
:103D200080739AB2049B9A82009B5B6803F0010344
:103D3000002B06D0049B9B8A43F022039AB2049B7B
:103D40009A82009B099A5A61069BD3F89C30002BFB
:103D500003D0089B43F0010308939DF8173083F0CC
:103D60000103DBB2002B18D0069BDB7F03F040037E
:103D7000002B12D1069BDB7F03F01003002B0CD12C
:103D8000069B002B04D0069B0393039B6B221A8295
:103D9000089B43F0180308930FE0069BDB7F03F0BA
:103DA0004003002B09D00698FEF7D4F90346002BF8
:103DB00003DB089B43F0040308936B46089A012138
:103DC0001846E5F7AEF9DFF72DFF079B18460BB055
:103DD0005DF804FB1F3B040800B585B0019000911D
:103DE000DFF70CFF019B5B680393039B002B03D061
:103DF000009B5B69002B04D1DFF714FF6FF0150304
:103E00001BE0009B5B690293029B002B12D0039B7B
:103E1000D3F89800029B9968039B03F10802039B67
:103E20000C33DFF7BFFB029B5B6800225A61029BE9
:103E300000221A60DFF7F6FE0023184605B05DF891
:103E400004FB000070B5A6B0099008910792022308
:103E50008DF89730099B24332493099B28332393AF
:103E60009DF897000BAA2E23249903F0BFF905466D
:103E7000099BB3F85830184603F05AF903461E461A
:103E80009DF8970017AA2E23239903F0AFF9044653
:103E9000099BB3F85A30184603F04AF903461A460C
:103EA000099B93F83C301946099BDB7F04930391EF
:103EB0000292019400962B46034A07990898CCF782
:103EC0000CFD00BF26B070BD6C37050800B587B08B
:103ED00003900291019200230593DFF78FFE029B6E
:103EE000B3F5427F1DD0029BB3F5427F26DC029BD7
:103EF00040F20332934219D0029B40F206329342C1
:103F00001CD1039BD3F89C30002B06D0039BD3F825
:103F10009C309A68019B1A6014E0019B00221A6091
:103F200010E0019B4FF406721A600BE0019B4FF406
:103F3000807219460398FFF785FF03E06FF01803BE
:103F4000059300BFDFF76EFE059B184607B05DF8CE
:103F500004FB00B587B0039002911346ADF806301C
:103F6000029B0593039B00229A87BDF9063023F03C
:103F700042031BB243F040031BB2ADF80630059B71
:103F8000D3F8E030002B10D0059BD3F89800059BA8
:103F9000D3F8E010059B03F10802059B0C33DFF713
:103FA00001FB059B0022C3F8E020BDF8063018464F
:103FB00007B05DF804FB000000B585B00190002358
:103FC0000393DFF71BFE019B5B680293029B93F850
:103FD0003C30042B09D0029B93F83C30032B04D0D7
:103FE000029B93F83C30022B2BD1029BD3F8980014
:103FF000029B03F10801029B0C331A46DFF77EFA9D
:104000000246029BC3F8E020029BD3F8E030002B6D
:1040100003D16FF00F03039314E0029BD3F8E03059
:1040200010229A82029BD3F8E0300A4ADA60029B9F
:10403000D3F8E030029A1A6102990198DDF7B4FFD3
:1040400000E000BFDFF7EEFD039B184605B05DF80A
:1040500004FB00BF533F040800B583B001900091FA
:10406000009B03F00203002B02D16FF05E0308E017
:10407000019B5B681846E2F75FFF0198FFF79CFF22
:104080000346184603B05DF804FB00B583B0019009
:10409000019B5B6A002B01D1002308E0019B5A6A57
:1040A000019B5B6A19461046E0F770F80346184614
:1040B00003B05DF804FB00B585B001900091009B52
:1040C000002B05D0009B0293029B5B68039302E0E8
:1040D000019B9B6A0393019B5B6A002B06D0019BAB
:1040E0005B6A1846E0F744F8034611E0019B9B7FAA
:1040F000002B06D0019B9B7F1846E0F76FF8034624
:1041000006E0019B5B6A03991846E0F73FF8034617
:10411000184605B05DF804FB00B587B001904FF07C
:10412000FF330393DFF76AFD019B5B680593059BF3
:104130005B6903F04003002B0CD0059B9B8B002B8D
:1041400006D0059B9B8B1A46642302FB03F300E019
:1041500000230393039B1946019801F0D9FD0490B5
:10416000059B5B6C002B0DD0059B186C059B596C57
:10417000059B03F10802059B0C33DFF713FA059B3F
:1041800000225A64059B002283F83220019B5B6861
:104190001846DEF765FFDFF745FD0023184607B038
:1041A0005DF804FB00B587B0039002911346ADF8AB
:1041B0000630029B0493049B002B29D00023059317
:1041C000BDF8063003F00203002B03D0059B43F03B
:1041D00001030593BDF8063003F48053002B04D08F
:1041E000059B43F0180305930BE0049B1B681846DE
:1041F000FEF7EBFD0346002B03DB059B43F00403B6
:104200000593049B0833059A01211846E4F789FFBA
:10421000BDF80630184607B05DF804FB00B589B05C
:10422000019000910023069300230593DFF7E6FC3D
:10423000019B5B680493049B002B02D0009B002B26
:1042400003D16FF01503059373E0049B4833079384
:104250000BE0079B10330793049B5833079A9A424D
:1042600003D36FF00B03059363E0079B1B68002BE0
:10427000EFD10498FFF709FF0246079B5A60079B9E
:104280005868049B03F10801049B0C331A46DFF7BE
:1042900035F90390039B002B03D16FF00F030593B7
:1042A00047E0079B049A1A60009A079B9A60079B55
:1042B000039ADA60039B4FF480529A82039B079A19
:1042C0001A61039B1E4ADA60009B5B6803F00403DB
:1042D000002B06D0039B9B8A43F010039AB2039BEA
:1042E0009A82009B5B6803F00103002B06D0039BBE
:1042F0009B8A43F002039AB2039B9A82009B079A1F
:104300005A61049B5B6B002B03D0069B43F00103B7
:1043100006930498FEF759FD0346002B03DB069B2A
:1043200043F0040306936B46069A01211846E4F70E
:10433000F8FEDFF777FC059B184609B05DF804FB33
:10434000A541040800B585B001900091DFF756FC47
:10435000019B5B680393039B002B03D0009B5B696D
:10436000002B04D1DFF75EFC6FF015031AE0009B11
:104370005B690293029B002B11D0029B5868029B41
:10438000D968039B03F10802039B0C33DFF70AF99A
:10439000029B9B6800225A61029B00221A60DFF791
:1043A00041FC0023184605B05DF804FB70B5A4B0CD
:1043B00007900691059202238DF88F30079B2433D6
:1043C0002293079B283321939DF88F0009AA2E235F
:1043D000229902F00BFF0546079B9B8D184602F0C1
:1043E000A7FE03461E469DF88F0015AA2E2321998D
:1043F00002F0FCFE0446079BDB8D184602F098FE97
:1044000003461A46079BDB7F0393029201940096B2
:104410002B46044A05990698CCF75FFA00BF24B0F2
:1044200070BD00BF9437050800B589B003900291B4
:10443000019200230793DFF7E1FB029BB3F5427F74
:1044400023D0029BB3F5427F31DC029B40F2033262
:10445000934224D0029B40F20632934227D1039B21
:104460005B6B0693069B002B0BD00DF1160000230F
:1044700002220699F3F7CFFEBDF81620019B1A60C1
:1044800019E0019B00221A6015E00120F4F782F880
:104490000246019BC42101FB02F21A600BE0019B62
:1044A0004FF4807219460398FFF780FF03E06FF026
:1044B0001803079300BFDFF7B5FB079B184609B049
:1044C0005DF804FB00B589B0059004910392029356
:1044D000059B002B03D16FF0120307934DE0039B64
:1044E000002B03D16FF01503079346E0059B9B8BD0
:1044F0001A46059B5B7ED21A029BD31A039A9A42F4
:1045000003DD6FF05903079337E00020F4F742F81A
:104510000346C42202FB03F3039A9A4207DC0022FB
:1045200000210598DFF775FF0346002B03D06FF0DD
:104530000B03079321E0059B186B029B23EAE373AF
:1045400000221946F4F790F8059B186B039A002394
:104550000093029B0499F3F748FE0790079A039B88
:104560009A4203D00598DFF7C4FF06E0039B9AB296
:10457000059BDA87059BDB8F00E0079B184609B097
:104580005DF804FB30B58BB003900291019200936B
:1045900000230993019B03F00203002B04D1019B2C
:1045A00003F00103002B05D10023002B02D16FF093
:1045B0000C0379E0002308933EE0029B1C1D3C495C
:1045C000089A13465B0013449B000B4404331D6898
:1045D0003749089A13465B0013449B000B4404338D
:1045E0001B681846CDF701FF03461A4629462046A8
:1045F000F0F79BFA0346002B1AD12D49089A13466F
:104600005B0013449B000B441B78042B18D12849F2
:10461000089A13465B0013449B000B4408331B6845
:104620001C68009B019A02990398A04703463BE04F
:1046300000BF089B01330893089B032BBDD900E002
:1046400000BF089B032B1AD10298F0F722F80790BD
:10465000079B002B02D16FF00B0325E00798EDF7C5
:1046600085FD06900698FFF79FF809900798CEF70A
:1046700099F9099B002B02D16FF0010314E05C2033
:10468000CEF7D6F90590059B002B02D16FF00B03F6
:104690000AE0059B099A5A60089BDAB2059BDA7218
:1046A000039B059A1A61002318460BB030BD00BF6A
:1046B000D037050800B585B00190019B1B690393B5
:1046C0000398CEF76FF9019B00221A610023184668
:1046D00005B05DF804FB000000B587B003900291BF
:1046E00001926FF015030593039B1B690493049BD0
:1046F000DB7A19460D4A0B465B000B449B001344C2
:1047000008331B68019A0299049898470590059B05
:10471000002B05DD039B9A68059B1A44039B9A6056
:10472000059B184607B05DF804FB00BFD0370508AD
:1047300000B585B001900091019B1B6903935C203B
:10474000CEF776F90290029B002B02D16FF00B039B
:1047500008E05C2203990298CDF745FD009B029A80
:104760001A610023184605B05DF804FB30B587B028
:10477000019000910198CDF738FE0346042B44D9EF
:10478000002305933CE0019B1C1D3C49059A134600
:104790005B0013449B000B4404331D683749059AA2
:1047A00013465B0013449B000B4404331B681846FC
:1047B000CDF71BFE03461A4629462046F0F7B5F909
:1047C0000346002B18D12D49059A13465B0013446C
:1047D0009B000B441B78042B16D12849059A1346DD
:1047E0005B0013449B000B4408331B689B690099D2
:1047F0000198984703463DE000BF059B01330593B0
:10480000059B032BBFD900E000BF3820CEF710F97D
:104810000490049B002B02D16FF00B032AE0049B51
:1048200001221A7216490198F0F7A5F80346002BE9
:1048300006D014490198F0F79EF80346002B11D1D9
:10484000FEF7DAFF0290029B9AB2049B9A81049BC6
:104850009B8903339AB2049B9A81009B049A1A6045
:10486000002307E06FF01303039300BF0498CEF713
:1048700099F8039B184607B030BD00BFD037050834
:10488000C4370508C837050800B583B00190019802
:10489000CEF788F80023184603B05DF804FB00004B
:1048A00000B589B001900091019B0593059B1B7A8F
:1048B000012B64D1059B5B890493059B9B891A4658
:1048C000049B934202DB6FF0010361E0049B022B27
:1048D00019D83149049A13465B0013449B000B44DA
:1048E0001A78009B1A70009B581C2B49049A134697
:1048F0005B0013449B000B4404331B6821221946C0
:10490000CDF722FC32E0059B93F83530002B04D123
:104910000120DFF79DFC069006E0059B93F83530FB
:104920001846DFF795FC0690069B002B02DA6FF025
:1049300001032DE0069BDBB20133DAB2059B83F85D
:1049400035200698DFF74AFC0390039B002B02D129
:104950006FF001031CE0009B08221A70009B581C9A
:10496000039B043321221946CDF7EEFB049B9BB237
:1049700001339AB2059B5A810023079307E0059BF8
:104980001B695B681B6A0099019898470790079B11
:10499000184609B05DF804FBD037050884B00190D3
:1049A000019B0393039B00225A810023184604B005
:1049B0007047000000B587B001900091009B002275
:1049C0009A603F490198EFF7D6FF0346002B06D0C7
:1049D0003C490198EFF7CFFF0346002B04D1009B21
:1049E00044F224129A6039E00023059331E0019BE0
:1049F000181D3549059A13465B0013449B000B4470
:104A000004331B681946EFF7B6FF0346002B1DD190
:104A10002D49059A13465B0013449B000B441B78F9
:104A2000082B04D1009B48F224129A6015E0264915
:104A3000059A13465B0013449B000B441B78042B20
:104A40000BD1009B44F224129A6006E0059B0133CF
:104A50000593059B032BCAD900E000BF009B9B6810
:104A6000002B1ED10198EFF714FE0490049B002B3D
:104A700002D16FF00B031EE00498EDF777FB039073
:104A80000398FEF791FE02900498CDF78BFF029BEE
:104A9000002B02D16FF001030DE0009B48F22412BD
:104AA0009A60009B0022DA61009B00221A87009B1B
:104AB0000022DA630023184607B05DF804FB00BF4C
:104AC000C4370508C8370508D037050800B589B0D0
:104AD000039002910192009300230693039B5B7A5B
:104AE000002B74D0039B5B7A0793079A019B9A4231
:104AF00001D9019B0793039B9B7A0833039A1344C4
:104B00000433079A19460298CDF76DFB029A079B6A
:104B100013440293019A079BD31A0193039B5A7A79
:104B2000079BDBB2D31ADAB2039B5A72039B9A7AC1
:104B3000079BDBB21344DAB2039B9A72079B06937E
:104B400045E0039B1B7A9B00009A13441B68039863
:104B500098470590039B1B7A0133DAB2039B1A72C4
:104B6000059BDAB2039B5A72039B00229A72039B45
:104B70005B7A0793079A019B9A4201D9019B07939D
:104B8000039B9B7A0833039A13440433079A19460C
:104B90000298CDF728FB029A079B13440293019ACF
:104BA000079BD31A0193039B5A7A079BDBB2D31A54
:104BB000DAB2039B5A72039B9A7A079BDBB21344C7
:104BC000DAB2039B9A72069A079B13440693019BE1
:104BD000002B05D0039B1B7A1A460A9B9342B0DC3C
:104BE000069B184609B05DF804FB000070B58CB058
:104BF000039000230A93039B5B680993099B5B69FD
:104C000003F00403002B02D0374B0B930AE0099BFF
:104C10005B6903F00203002B02D0344B0B9301E0DD
:104C2000334B0B93099B1B7E002B01D0052B1ED110
:104C30000A9B0833039A13441C1D0A9BC3F15003BB
:104C40001E46099B1D1D099B1E3304AA11461846CA
:104C5000EDF712FD034600932B46264A31462046C7
:104C6000CBF73BFE02460A9B13440A9311E00A9BD2
:104C70000833039A1344181D0A9BC3F150031946C5
:104C8000099B04331C4ACBF728FE02460A9B1344B7
:104C90000A930A9B0833039A1344181D0A9BC3F115
:104CA000500319460B9B154ACBF717FE02460A9B89
:104CB00013440A930A9B0833039A1344181D0A9B52
:104CC000C3F150031946099B9B8B1A46099B5B7ED7
:104CD000D31A0B4ACBF701FE02460A9B13440A93F0
:104CE0000A9B18460CB070BD343805083C380508DE
:104CF00040380508483805086C3805088438050828
:104D00008C38050830B58BB0019000230993019BC6
:104D10005B680893089B5B6A0793099B0833019AB9
:104D200013441C1D099BC3F150031D4603AB102205
:104D30001946079802F008FA0346224A29462046F7
:104D4000CBF7CBFD0246099B13440993089B9B6A52
:104D50000793099B0833019A13441C1D099BC3F157
:104D600050031D4603AB10221946079802F0ECF9D8
:104D70000346154A29462046CBF7AFFD0246099B5C
:104D800013440993089BDB6A0793099B0833019A34
:104D900013441C1D099BC3F150031D4603AB102295
:104DA0001946079802F0D0F90346084A29462046DA
:104DB000CBF793FD0246099B13440993099B1846C0
:104DC0000BB030BD98380508A8380508B438050878
:104DD00000B587B005900491039202230093054B20
:104DE000039A04990598FFF771FE0346184607B029
:104DF0005DF804FB2C38050800B585B00190002350
:104E00000393039B0833019A1344181D039BC3F1BA
:104E10005003364A1946CBF760FD0246039B134404
:104E20000393039B0833019A1344181D039BC3F19A
:104E300050032F4A1946CBF750FD0246039B1344FB
:104E40000393039B0833019A1344181D039BC3F17A
:104E50005003284A1946CBF740FD0246039B1344F2
:104E60000393039B0833019A1344181D039BC3F15A
:104E70005003214A1946CBF730FD0246039B1344E9
:104E80000393039B0833019A1344181D039BC3F13A
:104E900050031A4A1946CBF720FD0246039B1344E0
:104EA0000393039B0833019A1344181D039BC3F11A
:104EB0005003134A1946CBF710FD0246039B1344D7
:104EC0000393039B0833019A1344181D039BC3F1FA
:104ED00050030C4A1946CBF700FD0246039B1344CE
:104EE0000393039B184605B05DF804FBE8380508FA
:104EF000F4380508FC380508043905080C3905089C
:104F0000143905081C39050800B585B00190002347
:104F10000393039B0833019A1344181D039BC3F1A9
:104F200050033B4A1946CBF7D8FC0246039B134477
:104F30000393039B0833019A1344181D039BC3F189
:104F400050031946334B5B88334ACBF7C6FC024605
:104F5000039B13440393039B0833019A1344181DC6
:104F6000039BC3F1500319462A4B1B8B2A4ACBF7EC
:104F7000B4FC0246039B13440393039B0833019A3A
:104F80001344181D039BC3F150031946214B5B8D3D
:104F9000214ACBF7A2FC0246039B13440393039BD5
:104FA0000833019A1344181D039BC3F1500319469B
:104FB000184B1B8A184ACBF790FC0246039B1344FC
:104FC0000393039B0833019A1344181D039BC3F1F9
:104FD000500319460F4B5B8E0F4ACBF77EFC0246FF
:104FE000039B13440393039B0833019A1344181D36
:104FF000039BC3F15003094A1946CBF76EFC0246E6
:10500000039B13440393039B184605B05DF804FB10
:1050100020390508E44B00242C3905081C39050803
:1050200000B585B0019000230393039B0833019AD8
:105030001344181D039BC3F150033B4A1946CBF799
:105040004CFC0246039B13440393039B0833019AD1
:105050001344181D039BC3F150031946334B1B889F
:10506000334ACBF73AFC0246039B13440393039B5A
:105070000833019A1344181D039BC3F150031946CA
:105080002A4BDB8A2A4ACBF728FC0246039B1344AF
:105090000393039B0833019A1344181D039BC3F128
:1050A00050031946214B1B8D214ACBF716FC0246B3
:1050B000039B13440393039B0833019A1344181D65
:1050C000039BC3F150031946184BDB89184ACBF7F1
:1050D00004FC0246039B13440393039B0833019A89
:1050E0001344181D039BC3F1500319460F4B1B8E2D
:1050F0000F4ACBF7F2FB0246039B13440393039B37
:105100000833019A1344181D039BC3F15003094A45
:105110001946CBF7E2FB0246039B13440393039B20
:10512000184605B05DF804FB34390508E44B00244B
:105130002C3905081C39050800B585B00390039B80
:1051400003F10C00074BDB881A46064B1B890093C2
:105150001346054A5021CBF7C0FB0346184605B05D
:105160005DF804FBE44B00244039050800B585B028
:10517000019000230393039B0833019A1344181DE5
:10518000039BC3F15003394A1946CBF7A6FB0246ED
:10519000039B13440393039B0833019A1344181D84
:1051A000039BC3F150031946314B5B89314ACBF75E
:1051B00094FB0246039B13440393039B0833019A19
:1051C0001344181D039BC3F150031946284B9B8BB6
:1051D000284ACBF782FB0246039B13440393039BAD
:1051E0000833019A1344181D039BC3F15003194659
:1051F0001F4BDB8D1F4ACBF770FB0246039B13440A
:105200000393039B0833019A1344181D039BC3F1B6
:105210005003194A1946CBF760FB0246039B13441F
:105220000393039B0833019A1344181D039BC3F196
:105230005003114A1946CBF750FB0246039B134417
:105240000393039B0833019A1344181D039BC3F176
:1052500050030A4A1946CBF740FB0246039B13440E
:105260000393039B184605B05DF804FB68390508F5
:10527000E44B00242C390508743905081C3905084D
:1052800000B585B00390039B03F10C00074BDB8B4B
:105290001A46064B9B8C00931346054A5021CBF7C8
:1052A0001CFB0346184605B05DF804FBE44B0024E4
:1052B0007C39050800B585B00390039B03F10C0011
:1052C000074B1B8C1A46064BDB8C00931346054A92
:1052D0005021CBF702FB0346184605B05DF804FBEE
:1052E000E44B0024A439050800B585B001900023E3
:1052F0000393039B0833019A1344181D039BC3F1C6
:105300005003384A1946CBF7E8FA0246039B134488
:105310000393039B0833019A1344181D039BC3F1A5
:1053200050031946304B9B89304ACBF7D6FA0246D8
:10533000039B13440393039B0833019A1344181DE2
:10534000039BC3F150032A4A1946CBF7C6FA02461B
:10535000039B13440393039B0833019A1344181DC2
:10536000039BC3F15003224A1946CBF7B6FA024613
:10537000039B13440393039B0833019A1344181DA2
:10538000039BC3F150031946174B9B8A174ACBF76F
:10539000A4FA0246039B13440393039B0833019A28
:1053A0001344181D039BC3F15003114A1946CBF750
:1053B00094FA0246039B13440393039B0833019A18
:1053C0001344181D039BC3F150030A4A1946CBF737
:1053D00084FA0246039B13440393039B184605B0CB
:1053E0005DF804FBC4390508E44B00242C3905089A
:1053F000743905081C39050800B585B001900023F3
:105400000393039B0833019A1344181D039BC3F1B4
:1054100050033B4A1946CBF760FA0246039B1344FC
:105420000393039B0833019A1344181D039BC3F194
:1054300050031946334B9B88334ACBF74EFA02464A
:10544000039B13440393039B0833019A1344181DD1
:10545000039BC3F1500319462A4B5B8B2A4ACBF7B7
:105460003CFA0246039B13440393039B0833019ABF
:105470001344181D039BC3F150031946214B9B8D08
:10548000214ACBF72AFA0246039B13440393039B5A
:105490000833019A1344181D039BC3F150031946A6
:1054A000184B5B8A184ACBF718FA0246039B134441
:1054B0000393039B0833019A1344181D039BC3F104
:1054C000500319460F4B9B8E0F4ACBF706FA024644
:1054D000039B13440393039B0833019A1344181D41
:1054E000039BC3F15003094A1946CBF7F6F902466C
:1054F000039B13440393039B184605B05DF804FB1C
:10550000D0390508E44B00242C3905081C3905085E
:1055100000B585B0019000230393039B0833019AE3
:105520001344181D039BC3F15003374A1946CBF7A8
:10553000D4F90246039B13440393039B0833019A57
:105540001344181D039BC3F15003304A1946CBF78F
:10555000C4F90246039B13440393039B0833019A47
:105560001344181D039BC3F150031946284B5B8C51
:10557000284ACBF7B2F90246039B13440393039BDB
:105580000833019A1344181D039BC3F150031F4AAB
:105590001946CBF7A2F90246039B13440393039BDE
:1055A0000833019A1344181D039BC3F15003174A93
:1055B0001946CBF792F90246039B13440393039BCE
:1055C0000833019A1344181D039BC3F150030F4A7B
:1055D0001946CBF782F90246039B13440393039BBE
:1055E0000833019A1344181D039BC3F150030A4A60
:1055F0001946CBF772F90246039B13440393039BAE
:10560000184605B05DF804FBDC3905087439050857
:10561000E44B00242C3905081C39050800B587B077
:105620000590049103920A230093054B039A049971
:105630000598FFF74BFA0346184607B05DF804FBE0
:10564000C0380508F0B5AFB00F900E910D928DF8EF
:1056500033309DF83330022B01D1102300E02E238C
:105660002B9300232D9300232C93DEF7C7FAA6E09B
:10567000349B1B685A1C349B1A60349B1B680F9A1E
:10568000927A934240F39A802C9B0D9AD31A772BEF
:1056900040F29E802D9B24332A932D9B28332993FF
:1056A0002C9B0E9AD0182C9B0D9AD11A0F9B9B7A8B
:1056B0005A1CD4B20F9A94729C462D9B93F83C309E
:1056C0001C462D9BDB7F1D462D9B93F838301E46D4
:1056D0002D9B93F855301F462D9BD3F88C202D9B86
:1056E00093F8563009932D9BD3F89C30002B04D0AF
:1056F0002D9BD3F89C309B6800E000230693099B08
:105700000593049203970296019500946346344AE8
:10571000CBF7E3F802462C9B13442C932C9B0E9A58
:10572000D6182C9B0D9AD71A9DF833300A2B06D128
:105730002B9B002B00DA01335B101D4600E02B9DF4
:105740009DF833002B9B11AA2A9901F04FFD099077
:105750002D9BB3F85830184601F0EAFC03460A9333
:105760009DF833300A2B06D12B9B002B00DA013336
:105770005B101C4600E02B9C9DF833002B9B1DAA60
:10578000299901F033FD0B902D9BB3F85A30184640
:1057900001F0CEFC034604930B9B039302940A9BF7
:1057A0000193099B00932B460E4A39463046CBF7AE
:1057B00094F802462C9B13442C9300E000BF2D98D4
:1057C000DBF700FC2D902D9B002B7FF451AF00E008
:1057D00000BFDEF727FA2C9B18462FB0F0BD00BFA4
:1057E000E8390508103A050800B58BB00790069116
:1057F00005920123089300230993DEF7FFF90020A7
:10580000DBF7E0FB0346002B23D0079B9B7A002BA2
:105810000FD1134B029317230193124B00931723BD
:10582000114A05990698CBF758F80990079B012271
:105830009A72099B069AD118099B059AD21A08AB4D
:10584000009302230798FFF7FDFE0246099B1344CD
:105850000993DEF7E7F9099B18460BB05DF804FBE6
:10586000583A0508683A0508243A0508F0B5ADB07D
:105870000D900C910B928DF82B309DF82B30022B54
:1058800001D1102300E02E23299300232B93002322
:105890002A93DEF7B3F988E0329B1B685A1C329BCF
:1058A0001A60329B1B680D9A927A93427CDD2A9B88
:1058B0000B9AD31A772B40F281802B9B24332893A9
:1058C0002B9B283327932A9B0C9AD0182A9B0B9A40
:1058D000D11A0D9B9B7A5A1CD4B20D9A94721C4615
:1058E0002B9BDB7F1A462B9B5B6B002B03D02B9BE8
:1058F0005B6B9B6800E00023019300922346334AD0
:10590000CAF7EBFF02462A9B13442A932A9B0C9A60
:10591000D6182A9B0B9AD71A9DF82B300A2B06D142
:10592000299B002B00DA01335B101D4600E0299D06
:105930009DF82B00299B0FAA289901F057FC07908E
:105940002B9B9B8D184601F0F3FB034608939DF8B3
:105950002B300A2B06D1299B002B00DA01335B1078
:105960001C4600E0299C9DF82B00299B1BAA279927
:1059700001F03CFC09902B9BDB8D184601F0D8FB15
:1059800003460493099B03930294089B0193079B8E
:1059900000932B460E4A39463046CAF79EFF024610
:1059A0002A9B13442A9300E000BF2B98DDF7B6FB37
:1059B0002B902B9B002B7FF46FAF00E000BFDEF736
:1059C00031F92A9B18462DB0F0BD00BF783A050882
:1059D0008C3A050800B58BB007900691059201231B
:1059E000089300230993DEF709F90020DDF796FB01
:1059F0000346002B23D0079B9B7A002B0FD1134B20
:105A0000029317230193124B00931723114A059910
:105A10000698CAF762FF0990079B01229A72099BB8
:105A2000069AD118099B059AD21A08AB0093022353
:105A30000798FFF71BFF0246099B13440993DEF703
:105A4000F1F8099B18460BB05DF804FBC03A050855
:105A5000D03A0508A03A050884B003460091ADF895
:105A60000630BDF80630104AA2FB0323DB089BB2C8
:105A70001A46009B1A60009B1B689BB21A46920054
:105A800013445B009BB2BDF80620D31AADF80E306C
:105A9000BDF80E30054A02FB03F31A46009B5A601C
:105AA00000BF04B0704700BFCDCCCCCCA0860100B5
:105AB00084B001900B468DF80330002303939DF8CA
:105AC0000330012B02D0022B04D006E04CF25033FD
:105AD000039302E00B4B039300BF019B1A6813462C
:105AE0009B0013445B001946019B5B681A46039BAD
:105AF00013445B09044AA2FB0323DB090B44184649
:105B000004B070479F860100C55A7C0A00B589B071
:105B100003900291019200930A9B033323F0030345
:105B20000C330793039B5B69079A9A4201D90023C0
:105B30002CE0039B5B690B2B02D9039B1B6900E0E4
:105B400000230693069B029A5A60069B019A9A606C
:105B50000A9B03F10C02069B1A60069B0C3305930B
:105B6000009B002B05D00A9B1A4600990598CCF79C
:105B70003AFB039B1A69079B1A44039B1A61039B18
:105B80005A69079BD21A039B5A61059B184609B0B4
:105B90005DF804FB10B588B0059004910392029360
:105BA000059B002B03D0059B5B68002B02D16FF097
:105BB000150343E0059B5B680793079BDB7F03F0BE
:105BC0001003002B02D16FF0150337E0059B9B6893
:105BD0001B6A002B02D16FF05E032FE0DEF70EF898
:105BE000059B9B681C6A0A9B0093029B039A04997D
:105BF0000598A0470690069B002B1CDB029B5B6868
:105C00000793079BDB7F43F04003DAB2079BDA7709
:105C1000079BDB7F03F07F03DAB2079BDA770A9BEF
:105C200003F40063002B06D0079BDB7F43F00803DF
:105C3000DAB2079BDA77DDF7F5FF069B184608B066
:105C400010BD00B585B0039002910192039B002B1B
:105C500003D0039B5B68002B02D16FF0080318E0B0
:105C6000029B002B02D0019B002B02D16FF0150389
:105C70000FE0039B9B681B69002B02D16FF05E0352
:105C800007E0039B9B681B69019A02990398984758
:105C90000346184605B05DF804FB00B585B00190D9
:105CA0000091019B002B03D0019B5B68002B02D16C
:105CB0006FF015031CE0019B9B689B69002B02D1D0
:105CC0006FF05E0314E0019B9B689B69009901984B
:105CD00098470390039B002B09DB019B5B680293B1
:105CE000029BDB7F43F01003DAB2029BDA77039B5F
:105CF000184605B05DF804FB00B585B00190019B26
:105D000003930398CAF79EFC00BF05B05DF804FB3F
:105D100000B58BB001900091019B5B68089304ABC8
:105D2000002200211846CAF778FBDDF767FF04ABB5
:105D30001A4608991248DFF7BFFD0990099B002B0E
:105D400012DD099B0393CCF72DFC04AB0099184698
:105D5000DDF7A7FF0990099B002B03DA03AB184678
:105D6000DFF7CAFDCCF71EFCDDF75CFF04AB18467D
:105D7000C1F7FAFF099B18460BB05DF804FB00BFA2
:105D8000F95C040800B58DB0039002910192009374
:105D900000230B93039B002B07DACAF7ABF80346EB
:105DA00016221A604FF0FF33E9E100230A93002323
:105DB000099338E0029B002B0DD00A9B5A11029BDD
:105DC00053F822200A9B03F01F0322FA03F303F087
:105DD0000103002B21D1019B002B0DD00A9B5A11EE
:105DE000019B53F822200A9B03F01F0322FA03F3BE
:105DF00003F00103002B10D1009B002B10D00A9B55
:105E00005A11009B53F822200A9B03F01F0322FA29
:105E100003F303F00103002B02D0099B0133099324
:105E20000A9B01330A930A9A039B9A42C2DB099B9D
:105E3000002B13DD099A13465B001344DB00184660
:105E4000CCF7F6FD0B900B9B002B07D1CAF752F84D
:105E500003460C221A604FF0FF3390E100230A93AF
:105E60000023079387E000230593029B002B2DD08E
:105E70000A9B5A11029B53F822200A9B03F01F032E
:105E800022FA03F303F00103002B1FD0079A1346F5
:105E90005B001344DB001A460B9B13440A9A1A60FA
:105EA000079A13465B001344DB001A460B9B13440E
:105EB0005968079A13465B001344DB001A460B9B94
:105EC000134441F001025A6001230593019B002B0A
:105ED0002DD00A9B5A11019B53F822200A9B03F0F4
:105EE0001F0322FA03F303F00103002B1FD0079ACC
:105EF00013465B001344DB001A460B9B13440A9ABB
:105F00001A60079A13465B001344DB001A460B9B8A
:105F100013445968079A13465B001344DB001A4682
:105F20000B9B134441F004025A6001230593009B2C
:105F3000002B19D00A9B5A11009B53F822200A9B70
:105F400003F01F0322FA03F303F00103002B0BD02D
:105F5000079A13465B001344DB001A460B9B13445D
:105F60000A9A1A6001230593079A059B1344079325
:105F70000A9B01330A930A9A039B9A42FFF673AF76
:105F80000E9B002B10D00E9B1B684FF47A7203FB04
:105F900002F20E9B5B687C4981FB03018911DB17D0
:105FA000CB1A1344089302E04FF0FF330893099B88
:105FB000089A19460B98E3F77DF90690029B002B8F
:105FC00004D0202200210298CCF7A8F8019B002BD6
:105FD00004D0202200210198CCF7A0F8009B002BD0
:105FE00004D0202200210098CCF798F8069B002BC3
:105FF00040F3C1800023069300230793B6E0029B81
:10600000002B38D0079A13465B001344DB001A4676
:106010000B9B13449B6803F01103002B2BD0079AB2
:1060200013465B001344DB001A460B9B13441B68AA
:106030005A11029B53F82200079A13465B0013443F
:10604000DB001A460B9B13441B6803F01F0301225D
:1060500002FA03F1079A13465B001344DB001A4669
:106060000B9B13441B685A110143029B43F82210F7
:10607000069B01330693019B002B38D0079A1346E9
:106080005B001344DB001A460B9B13449B6803F030
:106090001403002B2BD0079A13465B001344DB003C
:1060A0001A460B9B13441B685A11019B53F822009C
:1060B000079A13465B001344DB001A460B9B1344FC
:1060C0001B6803F01F03012202FA03F1079A13462B
:1060D0005B001344DB001A460B9B13441B685A11E8
:1060E0000143019B43F82210069B01330693009B5A
:1060F000002B38D0079A13465B001344DB001A4686
:106100000B9B13449B6803F00803002B2BD0079ACA
:1061100013465B001344DB001A460B9B13441B68B9
:106120005A11009B53F82200079A13465B00134450
:10613000DB001A460B9B13441B6803F01F0301226C
:1061400002FA03F1079A13465B001344DB001A4678
:106150000B9B13441B685A110143009B43F8221008
:10616000069B01330693079B01330793079A099B0C
:106170009A42FFF644AF0B98CCF714FC069B1846E6
:106180000DB05DF804FB00BFD34D621000B58FB0B9
:1061900003900291019200936FF018030D93002376
:1061A0000493029B0593019B0693119B0793009B0D
:1061B0000893109B099300230A9300230B93002359
:1061C0000C93109B03F00203002B07D0109B03F0ED
:1061D0000103002B02D06FF0150380E0109B03F049
:1061E0000203002B07D1109B03F00103002B02D107
:1061F0006FF0150373E0109B03F04403002B02D0F3
:106200006FF025036BE0019B002B02D16FF01503AB
:1062100065E0109B03F01003002B1BD09DF8483065
:10622000002B14BF01230023DAB204AB1146184639
:1062300000F074F90D900D9B002B46D1109B03F0DC
:106240008063002B41D1059B069A00211846CBF7AD
:1062500065FF3AE0039B002B02D16FF008033EE09C
:10626000109B03F00103002B0BD0039B1B6803F072
:106270000203002B05D1009B022B02D16FF00C030F
:106280002DE0039B1B6803F00103002B02D16FF08C
:106290000C0324E0039BDB68002B0ED0039BDB6820
:1062A0005B699B69002B08D0039BDB685B699B697A
:1062B00004AA1146039898470D900D9B13F1190FEE
:1062C00005D16FF025030D9302E000BF00E000BF91
:1062D0000D9B002B02DB059A139B1A600D9B184641
:1062E0000FB05DF804FB00B58DB0079006910592E4
:1062F000049300230A93002309930E9BB3F1FF3FFD
:1063000009D00AAB002219460E98E1F73CFE0B902B
:106310000B9B002B1ADB0A9809AB03930023029313
:106320000F9B0193049B0093059B069A0799FFF727
:106330002DFF0B900A9B002B03D00A9B1846E1F718
:1063400046FE0B9B002B03DB099B0AE000BF00E02D
:1063500000BFC9F7CFFD02460B9B5B4213604FF0B5
:10636000FF3318460DB05DF804FB000010B58AB08D
:106370000390029113468DF80730264B1B68079354
:10638000079B9B6806930023099300F0DFFA0346FE
:106390009B68002B06D000F0D9FA03469B6803F5F2
:1063A0001D7300E00023059300230893029B002B3C
:1063B00002D16FF015032AE0CCF72AFC0890089B65
:1063C000002B23D1029A03990598CCF7F1FC099090
:1063D000099B002B03D16FF01503089314E0099B70
:1063E0001C6A029B039A09990698A0470890089B8B
:1063F000002B08D1029A03990598CCF7D9FC099093
:10640000099B002BEBD100BFCCF71EFC089B184664
:106410000AB010BDA80C002400B585B00190009111
:10642000002200990198FFF7A1FF0390039B002B26
:1064300008DAC9F75FFD0246039B5B4213604FF029
:10644000FF330393039B184605B05DF804FB00B5CA
:1064500089B0039002910192009300230793029B5D
:106460009B69002B14BF012300238DF817300023F4
:106470000693019B029A52689B1A0493049A009B0C
:106480001A44029B9B689A4202D26FF0250340E0B7
:10649000029B9A68049BD31A0093029B9B68009A04
:1064A0009A421CD39DF81730002B05D0029B5B68E5
:1064B0001846CCF777FA04E0029B5B681846CCF7E5
:1064C00071FA039B002B03D0039B03F51D7300E0BF
:1064D000002302991846CCF79CFC069018E09DF822
:1064E0001730002B07D0029B5B6800991846CCF749
:1064F00083FA079006E0029B5B6800991846CCF788
:106500007BFA0790029B079A5A60029B009A9A6056
:10651000069B184609B05DF804FB000000B585B085
:1065200001900B468DF803309DF80330002B06D008
:10653000019B9B681846CCF77BFA034605E0019B5C
:106540009B681846CCF774FA0346019A5360019B86
:106550005B68002B02D16FF00B032FE0019B194AFF
:106560001A629DF80320019B9A6100F0EFF903463F
:106570009B68002B06D000F0E9F903469B6803F501
:106580001D7300E0002301991846CCF7B6FB039079
:10659000039B002B11DA9DF80330002B05D0019BE3
:1065A0005B681846CCF7FEF904E0019B5B6818466F
:1065B000CCF7F8F9019B00225A60039B184605B0FE
:1065C0005DF804FB4F64040882B001900023184674
:1065D00002B0704781F0004102E000BF83F0004349
:1065E00030B54FEA41044FEA430594EA050F08BF6E
:1065F00090EA020F1FBF54EA000C55EA020C7FEA32
:10660000645C7FEA655C00F0E2804FEA5454D4EBAE
:106610005555B8BF6D420CDD2C4480EA020281EA78
:10662000030382EA000083EA010180EA020281EAB0
:106630000303362D88BF30BD11F0004F4FEA013102
:106640004FF4801C4CEA113102D0404261EB410111
:1066500013F0004F4FEA03334CEA133302D0524297
:1066600063EB430394EA050F00F0A780A4F1010453
:10667000D5F1200E0DDB02FA0EFC22FA05F280188D
:1066800041F1000103FA0EF2801843FA05F3594173
:106690000EE0A5F120050EF1200E012A03FA0EFCF2
:1066A00028BF4CF0020C43FA05F3C01851EBE3711C
:1066B00001F0004507D54FF0000EDCF1000C7EEB39
:1066C00000006EEB0101B1F5801F1BD3B1F5001F77
:1066D0000CD349085FEA30004FEA3C0C04F1010496
:1066E0004FEA445212F5800F80F09A80BCF1004FBF
:1066F00008BF5FEA500C50F1000041EB045141EA41
:10670000050130BD5FEA4C0C404141EB0101013C09
:1067100028BFB1F5801FE9D291F0000F04BF0146F8
:106720000020B1FA81F308BF2033A3F10B03B3F1CA
:1067300020020CDA0C3208DD02F1140CC2F10C025A
:1067400001FA0CF021FA02F10CE002F11402D8BFB8
:10675000C2F1200C01FA02F120FA0CFCDCBF41EA84
:106760000C019040E41AA2BF01EB0451294330BD53
:106770006FEA04041F3C1CDA0C340EDC04F1140430
:10678000C4F1200220FA04F001FA02F340EA030007
:1067900021FA04F345EA030130BDC4F10C04C4F14D
:1067A000200220FA02F001FA04F340EA030029462D
:1067B00030BD21FA04F0294630BD94F0000F83F477
:1067C000801306BF81F480110134013D4EE77FEA5A
:1067D000645C18BF7FEA655C29D094EA050F08BFA6
:1067E00090EA020F05D054EA000C04BF1946104687
:1067F00030BD91EA030F1EBF0021002030BD5FEACB
:10680000545C05D14000494128BF41F0004130BDF2
:1068100014F580043CBF01F5801130BD01F0004546
:1068200045F0FE4141F470014FF0000030BD7FEAB9
:10683000645C1ABF194610467FEA655C1CBF0B46B4
:10684000024650EA013406BF52EA033591EA030FCB
:1068500041F4002130BD00BF90F0000F04BF0021C3
:10686000704730B54FF4806404F132044FF00005F6
:106870004FF0000150E700BF90F0000F04BF00216F
:10688000704730B54FF4806404F1320410F00045D5
:1068900048BF40424FF000013EE700BF42004FEAD0
:1068A000E2014FEA31014FEA02701FBF12F07F434D
:1068B00093F07F4F81F06051704732F07F4208BF04
:1068C000704793F07F4F04BF41F40021704730B50B
:1068D0004FF4607401F0004521F000411CE700BF57
:1068E00050EA010208BF704730B54FF000050AE0DA
:1068F00050EA010208BF704730B511F0004502D5DB
:10690000404261EB41014FF4806404F132045FEADC
:10691000915C3FF4D8AE4FF003025FEADC0C18BF85
:1069200003325FEADC0C18BF033202EBDC02C2F177
:10693000200300FA03FC20FA02F001FA03FE40EA09
:106940000E0021FA02F11444BDE600BF014B1B68A2
:1069500018467047A80C002400B585B0019000913E
:10696000002200990198C3F763FC0390039B002B5E
:1069700008DAC9F7BFFA0246039B5B4213604FF087
:10698000FF330393039B184605B05DF804FB00B585
:1069900089B00590049111461A460B46ADF80E30A9
:1069A00013468DF80D30BDF80E30049A02FB03F348
:1069B0001846CCF707F803460793079B002B02D134
:1069C0006FF00B031CE0BDF80E30049A02FB03F3DA
:1069D0001A4600210798CBF7A1FBBDF80E209DF8C1
:1069E0000D3000931346049A0799059800F04CFA6D
:1069F0000690069B002B02DA0798CBF7D3FF069B85
:106A0000184609B05DF804FB82B0EFF305830193EB
:106A1000019B184602B0704708B5FFF7F5FF034623
:106A2000002B14BF01230023DBB2184608BD00B5BC
:106A300083B0FFF7F1FF0346002B04D1E8F7BEFD5A
:106A40000346002B01D000230AE0FFF77FFF0190EF
:106A5000019BD3F8A430002B01D0002300E00123D8
:106A6000184603B05DF804FB00B58DB003900291A9
:106A700013468DF8073000230B9300230A9300235D
:106A80000893BBE0634A089B52F823300693069BA9
:106A9000002B00F0B8809DF8073083F00103DBB2D3
:106AA000002B03D0069B1B68DB6802E0069B1B687B
:106AB0001B690593059B002B4CD000230B93069B71
:106AC0001B7903F00203002B2CD10023079325E050
:106AD000039A079B13441B780A2B1BD1039A0B9B29
:106AE000D118079A0B9BD21A059B069898470990D4
:106AF000099B002B05DB059B022247490698984716
:106B00000990099B002B01DA099B7EE0079B01336A
:106B10000B9300E000BF079B01330793079A029B8A
:106B20009A42D5D30B9A029B9A425CD2039A0B9B52
:106B3000D118029A0B9BD21A059B06989847099088
:106B4000099B002B01DA099B5FE0099B0B9A134418
:106B50000B9348E09DF8073083F00103DBB2002B74
:106B600003D0069B1B681B6802E0069B1B685B68E2
:106B70000493049B002B3DD0069B1B7903F002037A
:106B8000002B13D000230B930BE0039A0B9B1344B1
:106B90001B781A46049B1146069898470B9B0133B5
:106BA0000B930B9A029B9A42EFD31CE000230B93AA
:106BB00015E0039A0B9B13441B780A2B03D1049B0B
:106BC0000D2106989847039A0B9B13441B781A468D
:106BD000049B1146069898470B9B01330B930B9A25
:106BE000029B9A42E5D30B9A0A9B9A4203D90B9BCC
:106BF0000A9300E000BF089B01330893089B002B19
:106C00007FF740AF00E000BF0A9B18460DB05DF86B
:106C100004FB00BF28D10408E03A050800B585B0A0
:106C200001900091FFF703FF0346002B14BF0123DF
:106C30000023DBB283F00103DBB28DF80F309DF847
:106C40000F3003F001038DF80F309DF80F301A4616
:106C500000990198FFF708FF0346184605B05DF854
:106C600004FB00B583B00190019BDB7903F00403C2
:106C7000002B0AD0019BDB7903F00303002B04D027
:106C8000019B9B681846CBF78DFE0198CBF78AFED7
:106C900000BF03B05DF804FB84B00190019BDB6989
:106CA0000393039B9B790133DAB2039B9A71002310
:106CB000184604B0704700B585B00190019BDB69B0
:106CC0000393039B9B79013BDAB2039B9A71039B6D
:106CD0009B79002B08D1039BDB7903F00403002B85
:106CE00002D00398FFF7BDFF0023184605B05DF8FA
:106CF00004FB00B587B00390029101920093039BBF
:106D0000DB690593059B1B68019A9A421BD2019A85
:106D1000009B1A44059B1B689A4214D8059B9A68ED
:106D2000059B9B881946019B01FB03F3D118059B2A
:106D30009B881A46009B02FB03F31A460298CBF786
:106D400052FA009B01E06FF01503184607B05DF89A
:106D500004FB00B587B00390029101920093039B5E
:106D6000DB690593059BDB7903F00103002B02D15E
:106D70006FF00C0322E0059B1B68019A9A421BD21C
:106D8000019A009B1A44059B1B689A4214D8059BE4
:106D90009A68059B9B881946019B01FB03F3D01859
:106DA000059B9B881A46009B02FB03F31A46029937
:106DB000CBF719FA009B01E06FF01A03184607B0F1
:106DC0005DF804FB00B585B001900091009B002B9D
:106DD0001FD0019BDB6903932C2200210098CBF785
:106DE0009DF9009B01221A70009B00225A70039BA0
:106DF000DB7903F00103DAB2009B9A70039B1A68F7
:106E0000009B5A60039B9B881AB2009B1A81002347
:106E100001E06FF01503184605B05DF804FB86B07D
:106E2000039002910192019B0593029B40F2015253
:106E300093420BD1059B002B08D0039BDB69049385
:106E4000049B9A68059B1A60002301E06FF0180309
:106E5000184606B0704700B585B00190019BDB690C
:106E60000393039BDB7943F00403DAB2039BDA71EB
:106E7000039B9B79002B02D10398FFF7F2FE0023BE
:106E8000184605B05DF804FB00B58BB00390029185
:106E90000192ADF802306FF00B030993039B002BB6
:106EA0000CDB039BFF2B09DC029B002B06D0019B14
:106EB000002B03D0BDF80230002B02D16FF0150378
:106EC0002BE00C20CBF7B4FD0890089B002B23D0BF
:106ED000089B019A1A60089BBDF802209A80089BC3
:106EE000029A9A609DF8303003F00303DAB2089BEF
:106EF000DA7104A8039B0B4A1021C9F7EEFC04A821
:106F0000089B0022084901F047FB0990099B002BD0
:106F100002DA0898CBF746FD099B18460BB05DF8DE
:106F200004FB00BF003B0508E43A050800B587B044
:106F3000039002910192029B0493019B059304AB81
:106F400001221946039800F0DFF800BF07B05DF892
:106F500004FB82B003468DF807309DF80730092BFB
:106F600004D89DF807303033DBB203E09DF80730DA
:106F70005733DBB2184602B070470EB400B584B088
:106F8000019006AB0393039A05990620CBF764FAA8
:106F900000BF04B05DF804EB03B0704710B59CB0BF
:106FA0000390029101920093029B1B9300231A937A
:106FB00000231893009B002B00F09F80039B002B65
:106FC00006D0029B1B68009C039A4D491E98A0475F
:106FD00020238DF8443000238DF8553080E005AB38
:106FE0001793002319936FE01B9B1B681693169A47
:106FF0001A9B13441B781B09DAB2179C631C179366
:107000001046FFF7A6FF03462370169A1A9B1344F7
:107010001B7803F00F03DAB2179C631C179310461A
:10702000FFF797FF03462370179B5A1C17922022E5
:107030001A70169A1A9B13441B781F2B10D9169A94
:107040001A9B13441B787E2B0AD8169A1A9B1A4453
:10705000199B3133127870336B4403F85C2C06E0D3
:10706000199B313370336B442E2203F85C2C1A9B2E
:1070700001331A931B9B5B681A9A9A4221D1002311
:107080001A931B9B08331B93019BDB00029A13444A
:107090001B9A9A4215D1199B1A469B00D31A2D337D
:1070A0001A4620211798CBF739F8199B323305AAD5
:1070B000D018199BC3F10F031A462021CBF72EF8E5
:1070C00005E0199B01331993199B0F2B8CD9189B41
:1070D0005A1C18921A0105AB009C0A491E98A04739
:1070E000019BDB00029A13441B9A9A4206D01B9B19
:1070F0005B68002B7FF473AF00E000BF1CB010BDD5
:107100000C3B0508183B050800B587B005900491B5
:10711000039200230093054B039A04990598FFF707
:107120003DFF00BF07B05DF804FB00BF7B6F0408A4
:1071300082B00346ADF80630BDF806305BBA9BB2AC
:10714000184602B07047000000B58BB0079006915A
:10715000059207AB0993099B1B781846099B0133DD
:107160001B781A46099B02331B781946099B033387
:107170001B780293019100920346054A05990698EF
:10718000C9F7ABFB069B18460BB05DF804FB00BFCC
:10719000243B050800B58BB0079006910592059B2E
:1071A0000F2B02D86FF01B0319E0079B0993099B73
:1071B0001B781846099B01331B781A46099B02333A
:1071C0001B781946099B03331B78029301910092A7
:1071D0000346054A10210698C9F77FFB002318468D
:1071E0000BB05DF804FB00BF303B050800B587B06D
:1071F0000390029101920093039B022B06D1009A07
:1072000001990298FFF7C6FF059003E06FF0600355
:10721000059300BF059B002B0CDAC8F76BFE0246F6
:10722000059B5B421360009A00210198CAF776FF24
:10723000002300E0019B184607B05DF804FB00B591
:107240008BB001900091042200210098CAF766FFDC
:10725000009B0693002309930023089300230793C0
:10726000099B5A1C0992019A13441B788DF8173018
:107270009DF817302E2B03D09DF81730002B2ED100
:107280009DF817302E2B02D1079B032B3CDC089B6B
:10729000002B3BD003AA089B134400221A70002342
:1072A000089303AB1846EBF71BFE0490049B002BDE
:1072B00031DB049BFF2B2EDC079B069A1344049AB8
:1072C000D2B21A709DF81730002B04D1079B032B04
:1072D0001ED1012320E0079B0133079313E09DF8A3
:1072E00017302F2B17D99DF81730392B13D8089B3F
:1072F0005A1C089228336B449DF8172003F81C2C65
:10730000089B032B06D8ABE700BF04E000BF02E0F8
:1073100000BF00E000BF002318460BB05DF804FB7F
:1073200000B585B0039002910192039B022B05D119
:1073300001990298FFF783FF034606E0C8F7DAFDDC
:10734000034661221A604FF0FF33184605B05DF81E
:1073500004FB000000B58DB001900022124902200C
:10736000E3F72BFC0B900B9B002B18DB02AB1022DE
:1073700001991846CAF7E8FE02AB1A4640F22B7193
:107380000B98E1F7AFFA0346002B05DB0B98E1F70A
:107390001DF9BDF9183003E00B98E1F717F9002348
:1073A00018460DB05DF804FB0600080000B58FB06C
:1073B000019000916FF015030D93019B3F2B27D88F
:1073C000019B092B24D0019B132B21D0009B0893F8
:1073D00000230B9308AB04331846C9F7C8F9009B88
:1073E000002B09D008AB043301991846C9F7A6F958
:1073F0000D900D9B002B0DDB03AA08AB19460198DD
:10740000C2F70AFD0D900D9B002B05D1039B0CE0EC
:1074100000BF02E000BF00E000BFC8F76BFD0246FE
:107420000D9B5B4213604FF0FF3318460FB05DF8C1
:1074300004FB0FB400B583B005AB00930120CBF77C
:1074400081FA0346009A0499184600F0E8FB01907F
:10745000019B184603B05DF804EB04B070470000D0
:1074600010B582B001900220CBF76CFA0446C8F741
:1074700041FD03461B68019A0349204600F0BCFB0E
:1074800000BF02B010BD00BF3C3B050800B583B093
:1074900001900120CBF756FA03461946019800F0F7
:1074A00097FB0346184603B05DF804FB00B585B0B2
:1074B0000190019B1846C9F703F80390039B1846F7
:1074C00005B05DF804FB00B583B00190019B184640
:1074D000C9F7B8F80346184603B05DF804FB00B5D9
:1074E00083B00190019B00221A61019B1846C8F7E6
:1074F0005FFE0346184603B05DF804FB00B589B093
:1075000001900091CBF713FA0590002307930098A0
:1075100000F0BAF80490049B002B01DA002385E008
:10752000019B022B3CDD8420CBF782FA0790079B5E
:10753000002B03D16FF00B03069370E0059B1846F8
:10754000FFF7B4FF0690069B002B03DA0798CBF7F2
:1075500029FA64E0079B0393039B00221A60059BB2
:10756000D3F89C31002B08D1059B039AC3F89C21CA
:10757000059B039AC3F8A02108E0059BD3F8A0312E
:10758000039A1A60059B039AC3F8A021059B18462D
:10759000FFF799FF079B04331846FFF7A0FF08E0A9
:1075A000019A13465B0113449B001033059A134460
:1075B0000793079B03F13C02079BDA62079BDB6A98
:1075C00003F14002079B1A63079BDA6A079B5A6321
:1075D000079BDA6A079B9A63079B082283F87E2041
:1075E000079B93F87E3043F00403DAB2079B83F8DD
:1075F0007E20019A079B9A62049B9AB2079BA3F88C
:107600007C20079B00229A61079B0022DA61079B7E
:1076100000221A62079B00225A62079B06E0C8F705
:1076200069FC0246069B5B4213600023184609B0C2
:107630005DF804FB00B587B001900091002305932D
:10764000009800F021F80490049B002B01DA00233D
:1076500015E04FF4DB7204990198E1F7D9FB039030
:10766000039B002B0ADB00990398FFF747FF059067
:10767000059B002B02D10398E0F7A8FF059B184655
:1076800007B05DF804FB000000B585B00190002351
:10769000039300230293B6E0019B1B782B2B5AD057
:1076A0002B2BC0F2B780782B00F3B480612BC0F293
:1076B000B180613B172B00F2AD8001A252F823F09C
:1076C00045770408AF77040815780408157804088E
:1076D000C377040815780408157804081578040899
:1076E0001578040815780408157804081578040836
:1076F000A777040815780408157804081578040895
:10770000157804082177040815780408EB77040835
:10771000157804081578040833770408D777040827
:10772000039B002B78D140F20113029301230393B2
:1077300066E0039B002B71D14FF4937302930223F5
:1077400003935DE0039B002B6AD14FF48B7302938C
:107750000423039354E0039B03F00703042B18D086
:10776000042B5FD8012B02D0022B09D05AE0029BD8
:1077700003F4A1630293029B43F00303029311E01D
:10778000029B03F4A1630293029B43F0270302933D
:1077900008E0029B03F4A1630293029B43F01703EA
:1077A000029300BF2CE0039B012B28D043E0039BF6
:1077B00003F00703002B37D0029B23F4807302935E
:1077C0001EE0039B03F00703002B2FD0029B43F422
:1077D0008063029314E0039B03F00703002B27D080
:1077E000029B43F0080302930AE0039B03F00703A4
:1077F000002B1FD0029B43F48073029300E000BF74
:10780000019B01330193019B1B78002B7FF444AF54
:10781000029B17E000BF0EE000BF0CE000BF0AE0D3
:1078200000BF08E000BF06E000BF04E000BF02E0C8
:1078300000BF00E000BFC8F75DFB034616221A60D8
:107840004FF0FF33184605B05DF804FB84B001909B
:107850000091019B1B680393009B1B68002B15D0B4
:10786000039B002B12D0009B5B68039A9A4206D1BF
:10787000009B019A5A60019B00221A6003E0039B5F
:107880001A68019B1A60039B00221A60039B18462A
:1078900004B0704700B583B00190019B1846C0F753
:1078A00063FA0346184603B05DF804FB00B585B0E3
:1078B0000190019B1846C8F703FE0390039B1846EE
:1078C00005B05DF804FB00B583B00190019B18463C
:1078D000C8F7B8FE0346184603B05DF804FB00B5D0
:1078E00085B00190019B1846FFF7D4FF0390039BDE
:1078F000002B02DB019B00221A61039B184605B096
:107900005DF804FB00B58DB0019016230B934FF08A
:10791000FF330A93019B002B00F0E2800020CBF79D
:1079200011F80246019B93420DD00120CBF70AF8D3
:107930000246019B934206D00220CBF703F8024691
:10794000019B934201D1012300E000238DF8173001
:107950009DF8173003F001038DF817309DF81730AC
:107960008DF82330CAF7E3FF0490049B1846FFF715
:107970009DFF049BD3F89C31079309E0019A079B74
:107980009A4202D101238DF82330079B1B6807938D
:10799000079B002B06D09DF8233083F00103DBB258
:1079A000002BEBD19DF8233083F00103DBB2002BD9
:1079B00006D0049B1846FFF786FF16230B9390E032
:1079C00000230A93019BB3F87C3003F00203002BE1
:1079D00008D00198CAF781FF0A90C8F78BFA0346CE
:1079E0001B680B939DF81730002B04D0049B18469E
:1079F000FFF769FF75E0019B0393049BD3F89C316B
:107A0000002B33D0039B002B30D0049BD3F89C3148
:107A1000039A9A4213D1039B1A68049BC3F89C21D2
:107A2000049BD3F8A031039A9A4204D1049B00220C
:107A3000C3F8A0211AE0039B00221A6016E0049B01
:107A4000D3F89C3106930EE0069B1B68039A9A427A
:107A500006D1049B03F5CE7319460698FFF7F6FE90
:107A6000069B1B680693069B002BEDD1049B1846D2
:107A7000FFF729FF019B5B6A002B07D0019B5B6A24
:107A8000019A926A10469847099006E0019B9B6A0A
:107A900002930298E0F79AFD09900A9B002B06D109
:107AA000099B0A93C8F726FA03461B680B93019BB0
:107AB00004331846FFF713FF019BDB6A002B0BD042
:107AC000019B93F87E3003F00803002B04D1019B47
:107AD000DB6A1846CAF766FF0198CAF763FF00E041
:107AE00000BF0A9B002B07D0C8F704FA02460B9B85
:107AF00013604FF0FF3300E0002318460DB05DF82F
:107B000004FB00B589B00390029101920093019BA0
:107B1000029A02FB03F3069300230793009A069947
:107B20000398EBF755F80590059B002B04DD059AAB
:107B3000029BB2FBF3F30793079B184609B05DF86D
:107B400004FB00B587B00390029101920093009866
:107B5000CAF7D5FE009B019A02990398FFF7D1FF5F
:107B600005900098CAF7D7FE059B184607B05DF848
:107B700004FB00B585B001900091019BDBB28DF84C
:107B80000B300DF10B03009A01211846EBF720F89A
:107B90000390039B002B15DD019B0A2B10D1009B4A
:107BA00093F87E3003F00403002B09D00098CAF745
:107BB00019FE0390039B002B02DA4FF0FF3303E022
:107BC000019B01E04FF0FF33184605B05DF804FB60
:107BD00000B585B0019000910098CAF790FE009919
:107BE0000198FFF7C6FF03900098CAF794FE039B25
:107BF000184605B05DF804FB0EB400B584B00190E2
:107C000006AB0293029A0599019800F008F80390D8
:107C1000039B184604B05DF804EB03B0704700B551
:107C20008BB00390029101924FF0FF33099304ABA4
:107C30000399184600F0A6FB0398CAF760FE04AB50
:107C4000019A02991846CAF72FF809900398CAF7C3
:107C500062FE099B18460BB05DF804FB00B585B0C9
:107C600001900091009B002B01D0002300E0022333
:107C700003934023039A0099019800F004F800BF91
:107C800005B05DF804FB00B589B003900291019244
:107C9000009300230793019B002B08D0019B012B2D
:107CA00005D0019B022B02D0162305939BE0029B7B
:107CB000002B05D0009B002B02D11623059392E0E8
:107CC000019B002B02D0019B012B09D1009B002BB3
:107CD00006D1039BDB6A002B02D14023009306E010
:107CE000019B022B03D100230293002300930398EE
:107CF000CAF705FE039B5A6B039BDB6A9A4202D0CC
:107D0000102305936CE0039B93F87E3023F00C0363
:107D10008DF81B30019B022B36D0019B022B37DCE8
:107D2000019B002B08D0019B012B31D19DF81B300A
:107D300043F004038DF81B30009B002B16D0029BF0
:107D4000002B08D0029B07939DF81B3043F00803DB
:107D50008DF81B301BE00098CAF734FE03460793EA
:107D6000079B002B13D10C23059339E0039B93F859
:107D70007E305BB203F008035AB29DF91B30134307
:107D80005BB28DF81B3021E00023079300E000BFB9
:107D9000039BDB6A002B0BD0039B93F87E3003F030
:107DA0000803002B04D1039BDB6A1846CAF7FAFDCF
:107DB000039B079ADA62039B079A5A63039B079A0D
:107DC0009A63079A009B1A44039B1A63039B9DF8CE
:107DD0001B2083F87E200398CAF79DFD002309E04D
:107DE0000398CAF798FDC8F785F80246059B13600B
:107DF0004FF0FF33184609B05DF804FB70B487B04C
:107E00000390029101920093009B012B13DC019BD4
:107E10009B080593039D029C2E682B461D1D22681E
:107E20001A6023461C1D1E60059B013B0593059BA4
:107E3000002BF1DC12E0019B0493039D029C2E7841
:107E40002B465D1C22781A7023465C1C32461A7041
:107E5000049B013B0493049B002BF0DC00BF07B0A4
:107E600070BC704700B585B00390029101920093F9
:107E7000009B0299039898470346002B13DA009B56
:107E80000199029898470346002B0ADB009B019951
:107E9000039898470346002B01DA019B16E0039BE9
:107EA00014E0029B12E0009B019902989847034658
:107EB000002B0ADC009B0199039898470346002B8E
:107EC00001DA039B02E0019B00E0029B184605B02B
:107ED0005DF804FB00B597B0039002910192009306
:107EE000039B03F00303002B0BD1019B03F003035F
:107EF000002B06D1019B042B14BF01230023DBB20E
:107F000000E002230D9300230E93029B062B46D81C
:107F1000039A019B1344109337E0109B119321E0C7
:107F20000D9B002B10D1119B1B680593019B5B429D
:107F3000119A13441A68119B1A60019B5B42119AB3
:107F40001344059A1A6008E0019B5B42119AD1180C
:107F5000019A0D9B1198FFF751FF019B5B42119A0B
:107F600013441193119A039B9A420AD9019B5B42D5
:107F7000119A1A44009B1199104698470346002B0A
:107F8000CEDC109A019B13441093029B019A02FBD2
:107F900003F3039A1344109A9A42BED396E1029BCC
:107FA0005B08019A02FB03F3039A13441093029BAC
:107FB000072B40D9039B1193029B013B019A02FBC3
:107FC00003F3039A13440F93029B282B2CD9029B93
:107FD000DB08019A02FB03F30C930C9B119AD11856
:107FE0000C9B5B001A46119B1A44009B1198FFF7EB
:107FF00039FF11900C9B5B42109AD0180C9B109A81
:108000001A44009B1099FFF72DFF10900C9B5B000A
:108010005B420F9AD0180C9B5B420F9AD118009BC1
:108020000F9AFFF71FFF0F90009B0F9A109911985E
:10803000FFF718FF10900D9B002B0AD1039B1B68C4
:108040000B93109B1A68039B1A60109B0B9A1A6083
:1080500005E0019A0D9B10990398FFF7CFFE039A54
:10806000019B13441493149B1593029B013B019AAB
:1080700002FB03F3039A13441293129B139320E021
:108080000A9B002B19D101230E930D9B002B0AD1C3
:10809000159B1B680993149B1A68159B1A60149B07
:1080A000099A1A6005E0019A0D9B14991598FFF73B
:1080B000A5FE159A019B13441593149A019B134432
:1080C0001493149A139B9A422BD8009B03991498EB
:1080D00098470A900A9B002BD2DD22E00A9B002BD6
:1080E0001AD101230E930D9B002B0AD1139B1B6801
:1080F0000893129B1A68139B1A60129B089A1A60C5
:1081000005E0019A0D9B12991398FFF777FE019BEA
:108110005B42129A13441293019B5B42139A1344DD
:108120001393149A139B9A4207D8009B03991398B0
:1081300098470A900A9B002BD0DA149A139B9A4214
:108140001FD80D9B002B0AD1149B1B680793139B10
:108150001A68149B1A60139B079A1A6005E0019A2B
:108160000D9B13991498FFF749FE01230E93149A5F
:10817000019B13441493019B5B42139A1344139382
:108180009FE700BF0E9B002B46D1039A019B13442F
:10819000109337E0109B119321E00D9B002B10D121
:1081A000119B1B680693019B5B42119A13441A684A
:1081B000119B1A60019B5B42119A1344069A1A6044
:1081C00008E0019B5B42119AD118019A0D9B11980E
:1081D000FFF714FE019B5B42119A13441193119A0D
:1081E000039B9A420AD9019B5B42119A1A44009B55
:1081F0001199104698470346002BCEDC109A019B3C
:1082000013441093029B019A02FB03F3039A134455
:10821000109A9A42BED359E0029B019A02FB03F3E3
:10822000039A13440F93149A159BD21A1599039B22
:10823000CB1A9342A8BF13460A930A9B002B08DD72
:108240000A9B5B42149AD1180D9B0A9A0398FFF778
:10825000D5FD0F9A129BD31A1A46019BD31A129975
:10826000139A8A1A934228BF13460A930A9B002B3B
:1082700008DD0A9B5B420F9AD1180D9B0A9A14984D
:10828000FFF7BCFD149A159BD31A0A930A9B019A17
:108290009A4208D20A9A019BB2FBF3F1009B019A21
:1082A0000398FFF717FE129A139BD31A0A930A9B9F
:1082B000019A9A420AD20A9B5B420F9A1344039393
:1082C0000A9A019BB2FBF3F3029309E617B05DF83B
:1082D00004FB00B585B001900091019B0393039BC3
:1082E0001B6919460098FFF773FC0290029BB3F1DB
:1082F000FF3F05D0019B1B685A1C019B1A6005E0DB
:10830000C7F7F8FD03461B68042BE8D005B05DF8FD
:1083100004FB00B587B0039002910192039B059383
:10832000059B1B69019A01210298FFF70AFC03468D
:108330000493049B002B07DB039B1A68049B1A44DD
:10834000039B1A60049B0AE0C7F7D4FD03461B6831
:108350005B420493049B13F1040FE1D0049B184685
:1083600007B05DF804FB00B585B00190019B039355
:10837000039B1B691846CAF7B0FA0346184605B0B6
:108380005DF804FB82B001900091019B0F4A5A6096
:10839000019B0F4A9A60009BDB6A002B0AD0009B6E
:1083A000B3F87C3003F48073002B03D0019B094A9F
:1083B000DA6002E0019B084ADA60019B00221A6041
:1083C000019B009A1A6100BF02B07047D382040873
:1083D0001383040867830408710D010800B583B096
:1083E0000190019B074A13210748C8F776FA034614
:1083F000122B01D8044B00E0044B184603B05DF883
:1084000004FB00BF4C3B05089C520024603B050860
:1084100000B587B00190019B1B680593019B00226A
:108420001A600DE0059B5B680493059B1B68039332
:10843000059800F06FF8039B05930498EFF748FF49
:10844000059B002BEED100BF00BF07B05DF804FB19
:1084500084B0019000230393019B1B680293029B4D
:10846000002B02D0029B5B680393039B184604B069
:10847000704700B585B0019000230393019B1B68F2
:108480000293029B002B10D0029B1A68019B1A607A
:10849000019B1B68002B02D1019B00225A60029BAA
:1084A0005B680393029800F035F8039B184605B00B
:1084B0005DF804FB82B0EFF311830193019BDBB203
:1084C000184602B0704782B00190019B83F3118877
:1084D00000BF02B0704700B583B0FFF7EBFF034663
:1084E0008DF807308020FFF7EEFF9DF80730184623
:1084F00003B05DF804FB00B583B003468DF8073088
:108500009DF807301846FFF7DEFF00BF03B05DF8A7
:1085100004FB000000B585B00190019B1B6803932C
:10852000FFF7D9FF03468DF80B30174BB3F9003036
:10853000002B18DD154B1A68019B1A60134A019B2A
:108540001360114BB3F900309BB2013B9BB21AB2DE
:108550000D4B1A809DF80B301846FFF7CCFF0C48E6
:10856000C8F770F80BE00B4B1A68019B1A60094AB8
:10857000019B13609DF80B301846FFF7BCFF039B6F
:10858000184605B05DF804FB18340024F4330024C9
:1085900008340024F033002400B587B00390029122
:1085A00001920093DFF78EFD04AB1A460199039800
:1085B000DFF74EFE0590059B002B15DB049B1B8A05
:1085C0001BB223F00F031BB243F002031AB2049B49
:1085D00092B21A82049B029A5A61049B009ADA6151
:1085E000DFF780FD002302E0DFF77CFD059B1846E6
:1085F00007B05DF804FB0000B0560024AD0C000885
:10860000A50D0008050E0008450E0008010F000822
:108610001D0F0008590F0008C30F0008EF0F0008D6
:108620001110000877100008771000080000000003
:10863000000000000000000000000000000000003A
:108640000000002400000000000000000000000006
:1086500000000000000000002F6465762F636F6E3D
:10866000736F6C65000000002F6465762F74747959
:10867000533000002F6465762F74747953780000AE
:10868000000002580004025800080258000C02586A
:10869000001002580014025800180258001C02581A
:1086A00025733A2050414E4943212121204E4D4906
:1086B0002072656365697665640A000070616E69A1
:1086C0006300000025733A2050414E494321212187
:1086D0002050656E645356207265636569766564E3
:1086E0000A00000025733A2050414E4943212121C0
:1086F00020526573657276656420696E7465727266
:108700007570740A0000000073746D33325F6E6D13
:108710006900000073746D33325F70656E64737648
:108720000000000073746D33325F7265736572769A
:108730006564000070616E696300000070616E69BD
:108740006300000070616E696300000070616E6913
:10875000630000002F6465762F757365726C656425
:10876000730000005B4552524F523A204252494E2C
:108770004755505D202D20757365726C65645F6C84
:108780006F7765725F696E697469616C697A652873
:1087900029206661696C65643A2025640A0000003E
:1087A0005B494E464F3A204252494E4755505D2054
:1087B0002D2055736572204C45447320696E697491
:1087C00069616C697A6564206174202F6465762F15
:1087D000757365726C6564730A00000070726F6374
:1087E000667300002F70726F630000004552524F95
:1087F000523A204661696C656420746F206D6F7514
:108800006E742050524F4346533A2025640A0000AC
:1088100050524F434653206D6F756E7465642061EE
:10882000742025730A0000004552524F523A2046E8
:1088300061696C656420746F20696E697469616C2C
:10884000697A65204750494F206472697665723AAB
:108850002025640A000000004750494F20647269D7
:1088600076657220696E697469616C697A65640AFB
:10887000000000005B464443414E315D205374616B
:108880007274696E6720696E697469616C697A6176
:1088900074696F6E2E2E2E0A000000005B46444362
:1088A000414E315D204552524F523A204661696C2B
:1088B000656420746F20696E697469616C697A659A
:1088C0003A2025640A0000005B464443414E315D76
:1088D0002044726976657220696E697469616C6999
:1088E0007A6564206173202F6465762F63616E3032
:1088F0000A0000005B464443414E315D20466F72E2
:1089000063696E67204750494F207265636F6E66DA
:10891000696775726174696F6E2E2E2E0A000000F1
:108920005B464443414E315D204750494F5F4341D0
:108930004E315F52583A2030782530386C580A0052
:108940005B464443414E315D204750494F5F4341B0
:108950004E315F54583A2030782530386C580A0030
:108960005B464443414E315D20504F53542D434F9D
:108970004E4649473A0A00005B464443414E315D4A
:108980002020205243435F4150423148454E523AE5
:108990002030782530386C58202862697420383DA2
:1089A0002564290A000000005B464443414E315DC6
:1089B0002020205243435F44324343495031523ACE
:1089C0002030782530386C582028636C6B5F7365D5
:1089D0006C3D256C75290A005B464443414E315D70
:1089E0002020204750494F425F4D4F4445523A2086
:1089F00030782530386C5820285042385B31373A6F
:108A000031365D3D256C752C205042395B31393A49
:108A100031385D3D256C75290A0000005B464443F2
:108A2000414E315D2020204750494F425F41465220
:108A3000483A2030782530386C5820285042385B2E
:108A4000333A305D3D256C752C205042395B373A06
:108A5000345D3D256C75290A000000005B464443E7
:108A6000414E315D2020204750494F425F4F5459BD
:108A70005045523A2030782530386C5820285042E2
:108A8000385B385D3D25642C205042395B395D3DB3
:108A90002564290A000000005B464443414E315DD5
:108AA000204552524F523A204750494F206E6F7422
:108AB00020696E204146206D6F6465210A00000028
:108AC0005B464443414E315D204552524F523A205D
:108AD0004750494F206E6F742073657420746F2067
:108AE000414639210A0000004552524F523A207344
:108AF000746D33325F7370695F696E697469616C3C
:108B0000697A65206661696C65643A2025640A00AB
:108B100053504920627573657320696E6974696189
:108B20006C697A65640A00004552524F523A2073CC
:108B3000746D33325F7370696465765F72656769FF
:108B4000737465725F616C6C206661696C65643A10
:108B50002025640A000000005350492064657669AE
:108B600063657320726567697374657265640A0072
:108B70002F6465762F627574746F6E730000000049
:108B80004552524F523A2062746E5F6C6F77657235
:108B90005F696E697469616C697A6528292066610C
:108BA000696C65643A2025640A000000427574749B
:108BB0006F6E73206472697665722072656769737F
:108BC0007465726564206173202F6465762F627509
:108BD00074746F6E730A00002F6465762F72666975
:108BE000643000004552524F523A2073746D333254
:108BF0005F6D667263353232696E697469616C6982
:108C00007A652829206661696C65643A2025640AC2
:108C1000000000004D46524335323220524649444E
:108C20002072656164657220696E697469616C693E
:108C30007A6564207375636365737366756C6C79AC
:108C40002061742025730A00496E697469616C693A
:108C50007A696E672053543737393620544654208A
:108C6000646973706C61792E2E2E0A004552524F42
:108C7000523A2073746D33325F7374373739366903
:108C80006E697469616C697A652829206661696C0E
:108C900065643A2025640A002F6465762F66623089
:108CA00000000000535437373936205446542064AE
:108CB0006973706C617920696E697469616C697A35
:108CC0006564207375636365737366756C6C792076
:108CD00061742025730A00005354373739362062F7
:108CE00061636B6C6967687420656E61626C656452
:108CF0000A0000000A5B494E464F3A204252494E54
:108D00004755505D204E75636C656F2D4837353380
:108D10005A4920696E697469616C697A6174696F16
:108D20006E2E2E2E0A0000005B494E464F3A20421E
:108D300052494E4755505D20506861736520313A65
:108D400020496E697469616C697A696E6720626135
:108D50007369632073797374656D20262076697357
:108D600075616C20666565646261636B0A00000072
:108D70005B494E464F3A204252494E4755505D207E
:108D8000506861736520323A20496E697469616C7C
:108D9000697A696E672068617264776172652069BB
:108DA0006E7465726661636573202620636F6D6DF6
:108DB000756E69636174696F6E2070726F746F6332
:108DC0006F6C730A000000005B494E464F3A204228
:108DD00052494E4755505D20506861736520333AC3
:108DE00020496E697469616C697A696E6720757370
:108DF000657220696E746572666163652026205510
:108E000053422073657276696365730A000000003F
:108E10005B494E464F3A204252494E4755505D20DD
:108E2000506861736520343A20496E697469616CD9
:108E3000697A696E6720616E616C6F67206D65612C
:108E4000737572656D656E742028414443290A006C
:108E50005B494E464F3A204252494E4755505D209D
:108E6000506861736520353A20496E697469616C98
:108E7000697A696E6720646973706C6179206472C5
:108E800069766572730A00005B494E464F3A20428C
:108E900052494E4755505D20506861736520363AFF
:108EA00020496E697469616C697A696E67207365BF
:108EB0006E736F7273202620776972656C657373A9
:108EC00020636F6E6E65637469766974790A000059
:108ED0005B494E464F3A204252494E4755505D201D
:108EE000506861736520373A20496E697469616C16
:108EF000697A696E672073746F7261676520646553
:108F000076696365732028534420636172642C2062
:108F1000666C617368290A005B494E464F3A2042ED
:108F200052494E4755505D20506861736520383A6C
:108F300020496E697469616C697A696E6720746929
:108F40006D6572732C2050574D2026207369676E13
:108F5000616C2070726F63657373696E670A0000DD
:108F60005B494E464F3A204252494E4755505D208C
:108F7000506861736520393A20496E697469616C83
:108F8000697A696E672073797374656D206D6F6E91
:108F900069746F72696E6720287761746368646FA3
:108FA00067290A005B494E464F3A204252494E47D4
:108FB00055505D204E75636C656F2D483735335ABB
:108FC0004920626F61726420696E697469616C69BD
:108FD0007A6174696F6E20636F6D706C657465641F
:108FE000207375636365737366756C6C790A000032
:108FF0005B5741524E494E473A204252494E4755DF
:10900000505D204E75636C656F2D483735335A4976
:1090100020626F61726420696E697469616C697A3B
:109020006174696F6E20636F6D706C657465642028
:1090300077697468206572726F72733A2025640ACA
:10904000000000005B494E464F3A204252494E47CD
:1090500055505D2053797374656D20697320667572
:109060006E6374696F6E616C2C2062757420736F0F
:109070006D652064726976657273206D6179206216
:109080006520756E617661696C61626C650A0000CD
:10909000434F4D4D414E44004441544100000000B7
:1090A0004C4F57004849474800000000535049259D
:1090B00064204443256C753A202573202870696E1E
:1090C00020257329205B4750494F3D3078253038A3
:1090D0006C785D0A000000004552524F523A20461B
:1090E00061696C656420746F20726567697374656B
:1090F0007220535049313A2025640A0053504931B7
:109100002072656769737465726564206173202FCE
:109110006465762F737069310A0000004552524F22
:10912000523A204661696C656420746F20726567ED
:10913000697374657220535049323A2025640A00DD
:109140005350493220726567697374657265642093
:109150006173202F6465762F737069320A000000F6
:109160002F6465762F72666964300000496E6974F9
:1091700069616C697A696E67204D465243353232B7
:10918000206F6E2053504925642C206465766963F6
:10919000652049443A2025642C20706174683A2087
:1091A00025730A00504631004552524F523A20462C
:1091B00061696C656420746F20726567697374659A
:1091C000722043532064657669636520666F722060
:1091D0004D4652433532323A2025640A00000000E1
:1091E0004D465243353232204353206465766963DD
:1091F0006520726567697374657265643A205350BF
:109200004925642C2049442025642C2070696E2057
:10921000257320282573290A000000006163746902
:1092200076655F6C6F7700004552524F523A204688
:1092300061696C656420746F20696E697469616C22
:10924000697A652053504925640A00005350492526
:10925000642062757320696E697469616C697A65EE
:1092600064207375636365737366756C6C790A004B
:109270004552524F523A204661696C656420746FC2
:10928000207265676973746572204D4652433532AA
:1092900032206472697665723A2025640A00000003
:1092A0004D465243353232206472697665722072BF
:1092B000656769737465726564207375636365734C
:1092C0007366756C6C792061742025730A00000048
:1092D0005741524E494E473A204661696C656420B9
:1092E000746F20756E7265676973746572204D4680
:1092F0005243353232204353206465763A20256448
:109300000A0000004D465243353232204353206458
:10931000657669636520756E7265676973746572D9
:109320006564207375636365737366756C6C790A25
:10933000000000005354373739363A20436F6E66C9
:1093400069677572696E67204750494F2070696E72
:10935000732E2E2E0A000000504132004552524F0B
:10936000523A20496E76616C6964205245534554E7
:109370002070696E20272573273A2025640A000093
:109380004552524F523A204661696C656420746FB1
:1093900020636F6E66696775726520524553455448
:1093A0002070696E3A2025640A00000050413100A7
:1093B0004552524F523A20496E76616C6964204C96
:1093C00045442070696E20272573273A2025640ABA
:1093D000000000004552524F523A204661696C65C8
:1093E0006420746F20636F6E666967757265204CC8
:1093F00045442070696E3A2025640A00535437377B
:109400003936204750494F2070696E7320696E6964
:109410007469616C697A65643A0A000020205245DB
:109420005345543A2025730A0000000020204C4583
:10943000443A2025730A00005354373739363A200E
:10944000506572666F726D696E67206861726477CD
:109450006172652072657365742E2E2E0A000000FD
:109460005354373739363A20526573657420636F29
:109470006D706C6574650A003D3D3D3D3D3D3D3D73
:109480003D3D3D3D3D3D3D3D3D3D3D3D3D3D3D3D0C
:109490003D3D3D3D3D3D3D3D3D3D3D3D3D3D3D3DFC
:1094A0000A0000005354373739363A20537461723A
:1094B00074696E6720696E697469616C697A617438
:1094C000696F6E0A00000000202053504920427549
:1094D000733A2053504925640A0000002020446557
:1094E000766963652049443A2025640A000000003B
:1094F00050413400202043532050696E3A20257398
:109500000A00000050413300202044432050696E7F
:109510003A2025730A0000004552524F523A204625
:1095200061696C656420746F20696E697469616C2F
:10953000697A65204750494F3A2025640A000000A7
:109540005354373739363A205265676973746572F8
:10955000696E67204353206465766963652E2E2EFD
:109560000A0000004552524F523A204661696C652C
:109570006420746F20726567697374657220435349
:10958000206465766963653A2025640A000000005E
:1095900053543737393620435320726567697374E3
:1095A00065726564207375636365737366756C6C4F
:1095B000790A00005354373739363A2052656769C3
:1095C00073746572696E672044432070696E2E2E35
:1095D0002E0A00004552524F523A204661696C658E
:1095E0006420746F207265676973746572204443E8
:1095F0002070696E3A2025640A0000005354373702
:1096000039362044432070696E207265676973742F
:1096100065726564207375636365737366756C6CDE
:10962000790A00005354373739363A20496E697445
:1096300069616C697A696E672053504925642062BC
:1096400075732E2E2E0A00004552524F523A204674
:1096500061696C656420746F20696E697469616CFE
:10966000697A652053504925640A00005350492502
:10967000642062757320696E697469616C697A65CA
:1096800064207375636365737366756C6C790A0027
:109690005354373739363A20496E697469616C69B9
:1096A0007A696E67206672616D656275666665725D
:1096B000206472697665722E2E2E0A004552524F32
:1096C000523A204661696C656420746F20696E6946
:1096D0007469616C697A6520535437373936206470
:1096E00072697665720A000053543737393620663E
:1096F00072616D6562756666657220647269766511
:109700007220696E697469616C697A656420737529
:10971000636365737366756C6C790A0053543737ED
:1097200039363A205265676973746572696E6720CD
:109730006672616D656275666665722064657669DC
:1097400063652E2E2E0A00004552524F523A204693
:1097500061696C656420746F2072656769737465F4
:1097600072206672616D656275666665723A202563
:10977000640A00005354373739363A20496E697409
:1097800069616C697A6174696F6E20636F6D706C6A
:10979000657465210A0000002020446576696365D0
:1097A0003A202F6465762F666225640A0000000067
:1097B0004F4E00004F46460053543737393620622B
:1097C00061636B6C696768743A2025730A00000056
:1097D0005354373739363A20506F776572696E6760
:1097E000206F6E20646973706C61790A000000005C
:1097F0005354373739363A20506F776572696E6740
:10980000206F666620646973706C61790A000000DD
:109810005354373739363A204D616E75616C20727A
:1098200065736574207265717565737465640A008B
:109830005354373739363A205374617274696E67FE
:1098400020636C65616E75702E2E2E0A000000007C
:109850005354373739363A20556E636F6E666967F1
:109860007572696E67204750494F2070696E732E7C
:109870002E2E0A005741524E494E473A2046616902
:109880006C656420746F20756E72656769737465AA
:10989000722043533A2025640A000000535437379E
:1098A00039362043532064657669636520756E728E
:1098B0006567697374657265640A000053543737CD
:1098C00039363A20436C65616E757020636F6D7038
:1098D0006C6574650A000000693A00080000000029
:1098E000000000000000000000000000953A0008A1
:1098F000CD3A000800000000000000000000000059
:10990000053B0008000000002B3B00085D3B000801
:109910000000000010080400410804001E080400B4
:109920006E73685F6D61696E000000004170704287
:1099300072696E67557000002F0000005057440098
:1099400025733A204552524F52206972713A2025B0
:10995000640A000070616E69630000006972715FE3
:10996000756E65787065637465645F697372000015
:109970004649464F000000005252000053504F52DB
:1099800041444943000000005461736B0000000033
:1099900070746872656164004B746872656164001C
:1099A000496E76616C69640025733A2025703A200F
:1099B0002530387820253038782025303878202513
:1099C00030387820253038782025303878202530F8
:1099D000387820253038780A0000000025733A20B6
:1099E000257320537461636B3A0A000025733A2093
:1099F0002020626173653A2025700A0025733A20A1
:109A0000202073697A653A202530387A750A00007B
:109A100025733A202020202073703A2025700A00F8
:109A200025733A204552524F523A20537461636B6A
:109A300020706F696E7465722025786973206E6F6F
:109A4000742077697468696E207468652073746126
:109A5000636B0A00557365720000000025733A209D
:109A600020202025346420253564202533642025DA
:109A70002D387320252D377320252D336320252D78
:109A8000313873202530386C782530386C782025B3
:109A90007020202025377A75202020257325730A11
:109AA000000000003C6E6F6E616D653E00000000BE
:109AB00025733A202020205049442047524F5550CA
:109AC0002050524920504F4C49435920202054598E
:109AD0005045202020204E505820535441544520BA
:109AE00020204556454E5420202020202053494711
:109AF0004D41534B20202020202020202020535453
:109B000041434B424153452020535441434B534919
:109B10005A45202020434F4D4D414E440A0000003D
:109B200025733A2043757272656E742056657273A0
:109B3000696F6E3A202573202573202573202573C5
:109B40002025730A00000000000000004B65726EC3
:109B5000656C000025733A20417373657274696FF8
:109B60006E206661696C65642025733A20617420FB
:109B700066696C653A2025733A2564207461736BBD
:109B80003A2025732070726F636573733A202573D2
:109B90002025700A000000007099040878990408D4
:109BA0007C99040800000000889904089099040832
:109BB00098990408A0990408737461636B5F6475D5
:109BC0006D70000064756D705F737461636B696EB6
:109BD000666F000064756D705F737461636B730012
:109BE00064756D705F7461736B00000064756D70F7
:109BF0005F7461736B73000064756D705F61737384
:109C00006572745F696E666F00000000496E766170
:109C10006C69640057616974696E672C556E6C6F6E
:109C2000636B0000526561647900000052756E6ECE
:109C3000696E6700496E61637469766500000000B3
:109C400057616974696E672C53656D6170686F72D6
:109C50006500000057616974696E672C5369676E0F
:109C6000616C000057616974696E672C4D51206505
:109C70006D7074790000000057616974696E672C1B
:109C80004D512066756C6C0057616974696E672C64
:109C90004D757465783A2564000000000C9C04083A
:109CA000149C0408249C04082C9C0408349C04087C
:109CB000409C0408549C0408649C0408789C040894
:109CC0002025702025700000202573003C6E6F6EEB
:109CD000616D653E00000000257000006870776FC0
:109CE000726B000025733D25730000002F646576BC
:109CF0002F636F6E736F6C65000000003DAA000853
:109D000059AA00086DAA0008000000008BAC0008EA
:109D100000000000ADAC000817AD000899AD0008C8
:109D2000D5AD00080000000000000000EDB0000804
:109D30000000000000000000000000006770696F74
:109D4000257500002F6465762F257300C300000081
:109D500096000000280000005500000001000000EF
:109D600080023B00408A00002919A533060000004C
:109D7000A700000018000000F0090B0604152F547E
:109D8000423C1714181B0000F0090B0604032D4376
:109D9000423B1614171B00003C0000006900000045
:109DA000010000000000000000009600110000000B
:109DB0000000000000009600F00000004C9D040828
:109DC00001000000F0000000509D040801000000A8
:109DD00036000000549D0408010000003A00000015
:109DE000589D040801000000B40000005C9D0408B8
:109DF00001000000B6000000609D040803000000A0
:109E0000E8000000649D040808000000C100000094
:109E10006C9D040801000000C2000000709D040851
:109E200001000000C5000000749D0408010000004E
:109E3000E0000000789D04080E000000E100000032
:109E4000889D04080E000000F0000000989D0408A2
:109E500001000000F00000009C9D040801000000CB
:109E6000210000000000000000000A0013000000B4
:109E70000000000000000A002900000000000000AF
:109E80000000780021B700083DB700085FB7000860
:109E90000000000000000000A1B70008B1B70008F2
:109EA00000000000000000000000000000000000B2
:109EB000C1B7000800000000000000000000000022
:109EC0002F6465762F6E756C6C000000000000003A
:109ED0000000000009B8000827B8000800000000D2
:109EE00000000000000000000000000037B800087B
:109EF0000000000000000000000000002F646576F4
:109F00002F7A65726F0000003DBE000825BF000873
:109F100000000000000000000000000055C500081F
:109F2000000000000000000081C8000841C00008D7
:109F3000EDC30008F7C900080A0000000D0000008A
:109F40004FCF000899CF000811D0000821D0000899
:109F50000000000031D000080000000000000000F8
:109F600000000000000000000000000093D0000886
:109F70002F6465762F737069256400008DD4000806
:109F80002BD50008DBD5000869D60008F9D60008F3
:109F90008DD700081DDD0008000000009BDD0008D3
:109FA0000000000000000000000000002F64657643
:109FB0002F666225640000002F6465762F66622597
:109FC000642E2564000000000000BC391ECFFFFF96
:109FD0003029B75C7C5D00009A0002060A019A00F5
:109FE000990002060C019900980002060E019800E3
:109FF000970002061001970096000206060103046E
:10A000000901960095000206060105040901950064
:10A0100094000206060102040306020409019400EA
:10A02000930002060601020402060301020409016C
:10A0300093009200020606010204020605010204D2
:10A0400009019200910002060601020402060701BE
:10A0500002040901910090000206060102040206B2
:10A0600009010204090190008F00020606010204A2
:10A0700002060B01020409018F008E000206060190
:10A08000020402060D01020409018E008D00020681
:10A090000601020402060F01020409018D008C0072
:10A0A00002060601020402061101020409018C00E5
:10A0B0008B000206060102040206130102040901D4
:10A0C0008B008A0002060601020402061501020442
:10A0D00009018A008900020606010204020617012E
:10A0E0000204090189008800020606010204020632
:10A0F0001901020409018800870002060601020412
:10A1000002061B01020409018700860002060601FF
:10A11000020402061D0102040901860085000206F0
:10A120000601020402061F010204090185008400E1
:10A13000020606010204020621010204090184004C
:10A14000830002060601020402062301020409013B
:10A1500083008200020606010204020625010204B1
:10A16000090182008100020606010204020627019D
:10A1700002040901810080000206060102040206B1
:10A1800029010204090180007F0002060601020481
:10A1900002062B01020409017F007E00020606016F
:10A1A000020402062D01020409017E007D00020660
:10A1B0000601020402062F01020409017D007C0051
:10A1C00002060601020402063101020409017C00B4
:10A1D0007B000206060102040206330102040901A3
:10A1E0007B007A0002060601020402063501020421
:10A1F00009017A007900020606010204020637010D
:10A200000204090179007800020606010204020630
:10A2100039010204090178007700020606010204F0
:10A2200002063B01020409017700760002060601DE
:10A23000020402063D010204090138000A0234004A
:10A24000750002060601020402063F01020409012C
:10A2500035000E02320074000206060102040206F6
:10A2600041010204090132001202300073000206AB
:10A27000060102040206430102040901300014022F
:10A280002F007200020606010204020618010A02EB
:10A290002301020409012E0016022E00710002069D
:10A2A00006010204020617010E022201020409013E
:10A2B0002D0017022D0030000B02350002060601AA
:10A2C00002040206170111022101020409012B00F8
:10A2D00019022C002E000E023300020606010204B1
:10A2E0000206170113022101020409012A001A02C1
:10A2F0002B002C00120230000206060102040206A6
:10A300001701150221010204090128001C022A007C
:10A310002B0014022E000206060102040206170199
:10A32000170221010204090127001C022A002A0049
:10A3300016022C0002060601020402061701190289
:10A34000080419010204090125001E0229002A003F
:10A3500017022A00020606010204020618011A0268
:10A36000090418010204090124000E0202030E026E
:10A37000290029001902010009051E000206060134
:10A380000204020618011C02090418010204090152
:10A3900022000C0208030C020205260028001B0202
:10A3A0000B051B00020606010204020619011C022D
:10A3B0000A0418010204090121000B020A030B021E
:10A3C0000305250027001D020C05180002060601E2
:10A3D0000204020619010B0206030D020A04180109
:10A3E000020409011F000B020C030B0203052400E9
:10A3F00027001D020C0517000206060102040206D2
:10A400001A010A0208030C020B04180102040901D4
:10A410001E000B020C030B020405230026001F0282
:10A420000C05150002060601020402061B010A02C1
:10A4300009030C020B041801020409011C000B02A1
:10A440000E030A020505220026000C0205030E0277
:10A450000C05140002060601020402061B010A0292
:10A460000B030B020C041801020409011B000B0270
:10A470000E030A020605210025000B0208030E0246
:10A480000C05120002060601020402061C010A0263
:10A490000C030B020C0418010204090119000B0241
:10A4A0000F030A020705200025000A020A030D0215
:10A4B0000C05110002060601020402061D01090234
:10A4C0000D030B020C0419010204090118000B0210
:10A4D0000F030A020705200024000A020B030E02E4
:10A4E0000C050F0002060601020402061E01090205
:10A4F0000E030B020C0419010204090116000B02E1
:10A500000F030B0208051F0024000A020C030D02B2
:10A510000C050E0002060601020402061F010902D4
:10A520000E030B020C041A010204090115000B02B0
:10A530000F030B0208051F00240009020E030D0281
:10A540000C050C00020606010204020620010802A6
:10A5500010030B020C041A010204090113000B0280
:10A560000F030B020A051E00240009020E030D0250
:10A570000C050B0002060601020402062101080276
:10A5800010030B020C041B010204090112000B0250
:10A590000F030B020A051E002400080210030D021F
:10A5A0000C05090002060601020402062201080247
:10A5B00011030B020C041B010204090110000B0221
:10A5C0000F030B020B051E002400080210030D02EE
:10A5D0000C05080002060601020402062301080217
:10A5E00011030B020C041C01020409010F000B02F1
:10A5F0000F030B020C051D002400080211030D02BD
:10A600000C050600020606010204020624010802E7
:10A6100012030B020C041C01020409010D000B02C1
:10A620000F030B020D051D002400080211030D028B
:10A630000C050500020606010204020625010802B7
:10A6400012030B020C041D01020409010C000B0291
:10A650000F030B020D051D002400080212030D025A
:10A660000C05030002060601020402062601080288
:10A6700013030B020C041D01020409010A000B0262
:10A680000F030B020E051D002400080212030D0229
:10A690000C05020002060601020402062701080258
:10A6A00013030B020C041E010204090109000B0232
:10A6B0000F030B020D051E002400080213030D02F8
:10A6C0000C05020606010204020628010802140312
:10A6D0000B020C041E010204090107000B020F0308
:10A6E0000B020E051E002400080213030D020B05C9
:10A6F00001040106060102040206290108021403EE
:10A700000B020C041F010204090106000B020F03D7
:10A710000B020E051E002400080214030D02090599
:10A7200003040501020402062A01080215030B02B4
:10A730000C041F010204090104000B020F030B02A9
:10A740000E051F002400080214030D02080504046E
:10A750000401020402062B01080215030B020C047B
:10A7600020010204090103000B020F030A020F0576
:10A770001F002400080215030D020605060402014D
:10A78000020402062C01080216030B020C0420012D
:10A790000204090101000B020F030B020E05200049
:10A7A0002400080215030D02050507040101020437
:10A7B00002062D01080216030B020C0421010204FB
:10A7C00009010B020F030B020E05200024000802F2
:10A7D00016030D0203050A0402062E0108021703E0
:10A7E0000B020C042101020407010B020F030B02F0
:10A7F0000E0521002400080216030D0202050B04B9
:10A8000001062F01080217030B020C0422010204A7
:10A8100006010B020F030B020E05210024000802A3
:10A8200017030D020C043001080218030B020C047C
:10A830002201020404010B020F030B020E05220089
:10A840002400080217030D020D042F01080218034B
:10A850000B020C042301020403010B020F030B0281
:10A860000E0522002400080218030D020C042F011B
:10A87000080219030B020C042301020401010B025C
:10A880000F030B020E0523002400080218030D021B
:10A890000C042F01080219030B020C04240102040A
:10A8A0000B020F030B020E052300240008021903FC
:10A8B0000D020C042E0108021A030B020C042401E1
:10A8C0000B020F030B020E052400240008021903DB
:10A8D0000D020C042E0108021A030B020C042401C1
:10A8E0000B020F030B020E052400240008021A03BA
:10A8F0000D020C042D0108021B030B020C042201A3
:10A900000B020F030B020E052500240008021A0398
:10A910000D020C042D0108021B030B020C04220182
:10A920000B020F030B020E052500240008021B0377
:10A930000D020C042C0108021C030B020C04200164
:10A940000B020F030B020E052600240008021B0356
:10A950000D020C042C0108021C030B020C04200144
:10A960000B020F030B020E052600240008021C0335
:10A970000D020C042B0108021D030B020C041E0126
:10A980000B020F030B020E052700240008021C0314
:10A990000D020C042B0108021D030B020C041E0106
:10A9A0000B020F030B020E052700240008021D03F3
:10A9B0000D020C042A0108020E0301020F030B0210
:10A9C0000C041C010B020F030B020E0528002400CF
:10A9D00008021D030D020C042A0108020E030102E5
:10A9E0000F030B020C041C010B020F030B020E05DC
:10A9F0002800240008021E030D020C04290108028D
:10AA00000E0302020F030B020C041A010B020F03C8
:10AA10000B020E052900240008021E030D020C047F
:10AA2000290108020E0302020F030B020C041A0193
:10AA30000B020F030B020E0529002400080210036D
:10AA400001020E030D020C04280108020E0303028A
:10AA50000F030B020C0418010B020F030B020E056F
:10AA60002A0024000802100301020E030D020C0448
:10AA7000280108020E0303020F030B020C04180145
:10AA80000B020F030B020E052A002400080210031C
:10AA900002020E030D020C04270108020E03040239
:10AAA0000F030B020C0416010B020F030B020E0521
:10AAB0002B0024000802100302020E030D020C04F6
:10AAC000270108020E0304020F030B020C041601F7
:10AAD0000B020F030B020E052B00240008021003CB
:10AAE00003020E030D020C04260108020E030502E8
:10AAF0000F030B020C0414010B020F030B020E05D3
:10AB00002C0024000802100303020E030D020C04A3
:10AB1000260108020E0305020F030B020C041401A8
:10AB20000B020F030B020E052C0024000802100379
:10AB300004020E030D020C04250108020E03060296
:10AB40000F030B020C0412010B020F030B020E0584
:10AB50002D0024000802100304020E030D020C0451
:10AB6000250108020E0306020F030B020C0412015A
:10AB70000B020F030B020E052D0024000802100328
:10AB800005020E030D020C04240108020E03070245
:10AB90000F030B020C0410010B020F030B02020443
:10ABA0000C052E0024000802100305020E030D02FE
:10ABB0000C04240108020E0307020F030B020C040D
:10ABC00010010B020F030B0203040B052E002400DF
:10ABD0000802100306020E030D020C0423010802F2
:10ABE0000E0308020F030B020C040E010B020F03ED
:10ABF0000B02050409052F002400080210030602B9
:10AC00000E030D020C04230108020E0308020F03B9
:10AC10000B020C040E010B020F030B0206040805C5
:10AC20002F0024000802100307020E030D020C047B
:10AC3000220108020E0309020F030B020C040C018F
:10AC40000B020F030B020804060530002400080263
:10AC5000100307020E030D020C04220108020E036A
:10AC600009020F030B020C040C010B020F030B0271
:10AC700009040505300024000802100308020E0331
:10AC80000D020C04210108020E030A020F030B023D
:10AC90000C040A010B020F030B020B040305310025
:10ACA00024000802100308020E030D020C04210107
:10ACB00008020E030A020F030B020C040A010B0226
:10ACC0000F030B020C0402053100240008021003DC
:10ACD00009020E030D020C04200108020E030B02F0
:10ACE0000F030B020C0408010B020F030B020E04EE
:10ACF000320024000802100309020E030D020C04A6
:10AD0000200108020E030B020F030B020C040801C2
:10AD10000B020F030B020F04310024000802100382
:10AD20000A020E030D020C041F0108020E030C029E
:10AD30000F030B020C0406010B020F030B020F049E
:10AD4000020130002400080210030A020E030D0263
:10AD50000C041F0108020E030C020F030B020C046B
:10AD600006010B020F030B020F0403012F00240046
:10AD7000080210030B020E030D020C041E01080250
:10AD80000E030D020F030B020C0404010B020F0350
:10AD90000B020E0406012E002400080210030B0211
:10ADA0000E030D020C041E0108020E030D020F0318
:10ADB0000B020C0404010B020F030B020E0407012B
:10ADC0002D002400080210030C020E030D020C04D7
:10ADD0001D0108020E030E020F030B020C040201F8
:10ADE0000B020F030B02100407012C0024000802C1
:10ADF00010030C020E030D020C041D0108020E03C9
:10AE00000E020F030B020C0402010B020F030B02D4
:10AE10000E040101020407012B00240008021003A4
:10AE20000D020E030D020C041C0108020E030F029A
:10AE30000F030B020C040B020F030B020E040301A1
:10AE4000020407012A002400080210030D020E0369
:10AE50000D020C041C0108020E030F020F030B026B
:10AE60000C040B020F030B020E0404010204070181
:10AE700029002400080210030E020E030D020C0428
:10AE80001B0108020E0310020F030B020A040B023F
:10AE90000F030B020E040601020407012800240020
:10AEA000080210030E020E030D020C041B0108021F
:10AEB0000E0310020F030B020A040B020F030B0216
:10AEC0000E040701020407012700240008021003F2
:10AED0000F020E030D020C041A0108020E031102E8
:10AEE0000F030B0208040B020F030B020E040901EF
:10AEF00002040701260023000106080210030F02C6
:10AF00000E030D020C041A0108020E0311020F03B6
:10AF10000B0208040B020F030B020E040A010204C9
:10AF200007012500220002060802100310020E038A
:10AF30000D020C04190108020E0312020F030B028A
:10AF400006040B020F030B020E040C01020407019E
:10AF500024002100020601010802100310020E0362
:10AF60000D020C04190108020E0312020F030B025A
:10AF700006040B020F030B020E040D01020407016D
:10AF800023002000020602010802100311020E0332
:10AF90000D020C04180108020E03080201040A0243
:10AFA0000F030B0204040B020F030B020E040F012C
:10AFB0000204070122001F00020603010802100319
:10AFC00011020E030D020C04180108020E03080200
:10AFD00001040A020F030B0204040B020F030B020D
:10AFE0000E0410010204070121001E0002060401E4
:10AFF0000802100312020E030D020C0417010802CE
:10B000000E03080202040A020F030B0202040B02E1
:10B010000F030B020E0412010204070120001D00A1
:10B02000020605010802100312020E030D020C04B1
:10B03000170108020E03080202040A020F030B02A2
:10B0400002040B020F030B020E041301020407019A
:10B050001F001C0002060501010408021003130270
:10B060000E030D020C04160108020E03080203046D
:10B070000A020F0316020F030B020E04150102044D
:10B0800007011E001B00020605010204080210034E
:10B0900013020E030D020C04160108020E0308022F
:10B0A00003040A020F0316020F030B020E0416011B
:10B0B000020407011D001A00020605010204010630
:10B0C00008021003080201040B020E030D020C0417
:10B0D000150108020E03080204040A020F031402F9
:10B0E0000F030B020E041801020407011C001900D3
:10B0F0000206050102040206080210030802010408
:10B100000B020E030D020C04150108020E030802C7
:10B1100004040A020F0314020F030B020E041901A8
:10B12000020407011B0018000206050102040206C2
:10B13000010108021003080202040B020E030D02B3
:10B140000C04140108020E03080205040A020F038E
:10B1500012020F030B020E041B01020407011A0066
:10B16000170002060501020402060201080210038C
:10B17000080202040B020E030D020C041401080263
:10B180000E03080205040A020F0312020F030B024A
:10B190000E041C0102040701190016000206050135
:10B1A00002040206030108021003080203040B0252
:10B1B0000E030D020C04130108020E03080206041C
:10B1C0000A020F0310020F030B020E041E010204F9
:10B1D0000701180015000206050102040206040119
:10B1E00008021003080203040B020E030D020C04F4
:10B1F000130108020E03080206040A020F031002DC
:10B200000F030B020E041F010204070117001400B4
:10B2100002060501020402060501080210030802E5
:10B2200004040B020E030D020C04120108020E03AB
:10B23000080207040A020F030E020F030B020E049A
:10B240002101020407011600130002060501020491
:10B250000206060108021003080204040B020E0392
:10B260000D020C04120108020E03080207040A0270
:10B270000F030E020F030B020E042201020407014A
:10B280001500120002060501020402060701080269
:10B290001003080205040B020E030D020C04110139
:10B2A00008020E03080208040A020F030C020F032F
:10B2B0000B020E042401020407011400110002060F
:10B2C0000501020402060801080210030802050431
:10B2D0000B020E030D020C04110108020E030802FA
:10B2E00008040A020F030C020F030B020E042501CF
:10B2F0000204070113001000020605010204020601
:10B30000090108021003080206040B020E030D02D5
:10B310000C04100108020E03080209040A020F03BC
:10B320000A020F030B020E04270102040701120098
:10B330000F0002060501020402060A0108021003BA
:10B34000080206040B020E030D020C041001080291
:10B350000E03080209040A020F030A020F030B027C
:10B360000E0428010204070111000E000206050167
:10B37000020402060B0108021003080207040B0274
:10B380000E030D020C040F0108020E0308020A044A
:10B390000A020F0308020F030B020E042A01020423
:10B3A000070110000D0002060501020402060C014F
:10B3B00008021003080207040B020E030D020C041E
:10B3C0000F0108020E0308020A040A020F03080212
:10B3D0000F030B020E042B01020407010F000C00E7
:10B3E00002060501020402060D010802100308020C
:10B3F00008040B020E030D020C040E0108020E03DA
:10B4000008020B040A020F0306020F030B020E04CC
:10B410002D01020407010E000B00020605010204C3
:10B4200002060E0108021003080208040B020E03B4
:10B430000D020C040E0108020E0308020B040A029E
:10B440000F0306020F030B020E042E010204070174
:10B450000D000A0002060501020402060F0108029F
:10B460001003080209040B020E030D020C040D0167
:10B4700008020E0308020C040A020F0304020F0361
:10B480000B020E043001020407010C000900020641
:10B490000501020402061001080210030802090453
:10B4A0000B020E030D020C040D0108020E0308022C
:10B4B0000C040A020F0304020F030B020E043101F5
:10B4C000020407010B00080002060501020402063F
:10B4D00011010802100308020A040B020E030D02F8
:10B4E0000C040C0108020E0308020D040A020F03EB
:10B4F00002020F030B020E043301020407010A00CB
:10B5000007000206050102040206120108021003E8
:10B5100008020A040B020E030D020C040C010802BF
:10B520000E0308020D040A020F0302020F030B02AE
:10B530000E04340102040701090006000206050199
:10B540000204020613010802100308020B040B0296
:10B550000E030D020C040B0108020E0308020E0478
:10B560000A021E030B020E04360102040701080042
:10B570000500020605010204020614010802100378
:10B5800008020B040B020E030D020C040B0108024F
:10B590000E0308020E040A021E030B020E043701FA
:10B5A0000204070107000400020605010204020666
:10B5B00015010802100308020C040B020E030D0211
:10B5C0000C040A0108020E0308020E0401010A021B
:10B5D0001C030B020E0439010204070106000300DC
:10B5E0000206050102040206160108021003080201
:10B5F0000C040B020E030D020C040A0108020E03D8
:10B6000008020E0401010A021C030B020E043A0197
:10B6100002040701050002000206050102040206F9
:10B6200017010802100308020D040B020E030D029D
:10B630000C04090108020E0308020E0402010A02AA
:10B640001A030B020E043C0102040701040001006E
:10B65000020605010204020618010802100308028E
:10B660000D040B020E030D020C04090108020E0367
:10B6700008020E0402010A021A030B020E043D0125
:10B680000204070103000206050102040206190173
:10B690000802100308020E040B020E030D020C0434
:10B6A000080108020E0308020E0403010A0218032F
:10B6B0000B020E043F01020407010200010605010E
:10B6C000020402061A010802100308020E040B020B
:10B6D0000E030D020C04080108020E0308020E04FA
:10B6E00003010A0218030B020E04400102040701C1
:10B6F00001000501020402061B01080210030802F2
:10B700000E0401010B020E030D020C0407010802D6
:10B710000E0308020E0404010A0216030B020E04B3
:10B720004201020407010401020402061C0108028E
:10B73000100308020E0401010B020E030D020C049B
:10B74000070108020E0308020E0404010A02160390
:10B750000B020E0443010204060103010204020667
:10B760001D010802100308020E0402010B020E0361
:10B770000D020C04060108020E0308020E04050166
:10B780000A0214030B020E04450102040501030121
:10B79000020401061E010802100308020E04020141
:10B7A0000B020E030D020C04060108020E03080230
:10B7B0000E0405010A0214030B020E0446010204E2
:10B7C0000401040102041E010802100308020E0411
:10B7D00003010B020E030D020C04050108020E0307
:10B7E00008020E0405010B0213030A020E044801AD
:10B7F00003040201050102041D01080210030802EE
:10B800000E0403010B020E030D020C0405010802D5
:10B810000E0308020E0405010B0212030B020E04B4
:10B82000480103040201060102041C01080210037E
:10B8300008020E0404010B020E030D020C040401A5
:10B8400008020E0308020E0404010B0213030A028D
:10B850000E044801020402060201070102041B0152
:10B860000802100308020E0404010B020E030D026D
:10B870000C04040108020E0308020E0404010B026A
:10B8800012030B020E044701020402060301080121
:10B8900002041A010802100308020E0405010B023B
:10B8A0000E030D020C04030108020E0308020E042D
:10B8B00003010B0214030B020D04460102040206ED
:10B8C00004010901020419010802100308020E0410
:10B8D00005010B020E030D020C04030108020E0306
:10B8E00008020E0403010B0214030B020D044501B0
:10B8F0000204020605010100090102041801080200
:10B90000100308020E0406010B020E030D020C04C4
:10B91000020108020E0308020E0402010B021603C4
:10B920000B020D044301020402060501010002009E
:10B930000901020417010802100308020E0406019F
:10B940000B020E030D020C04020108020E03080292
:10B950000E0402010B0216030B020D044201020445
:10B960000206050102000300090102041601080293
:10B97000100308020E0407010B020E030D020C0453
:10B98000010108020E0308020E0401010B02180354
:10B990000B020D044001020402060501030004002D
:10B9A0000901020415010802100308020E04070130
:10B9B0000B020E030D020C04010108020E03080223
:10B9C0000E0401010B0218030B020D043F010204D7
:10B9D0000206050104000500090102041401080221
:10B9E000100308020E0408010B020E030D020C04E2
:10B9F00008020E0308020E040B021A030B020D04C8
:10BA00003D010204020605010500060009010204C9
:10BA100013010802100308020E0408010B020E03B2
:10BA20000D020C0408020E0308020E040B021A0396
:10BA30000B020D043C01020402060501060007008A
:10BA40000901020412010802100308020E04090190
:10BA50000B020E030D020B0408020E0308020D0474
:10BA60000B021C030B020D043A010204020605013D
:10BA7000070008000901020411010802100308026E
:10BA80000E0409010B020E030D020B0408020E0343
:10BA900008020D040B021C030B020D043901020401
:10BAA000020605010800090009010204100108024C
:10BAB000100308020E040A010B020E030D020A0411
:10BAC00008020E0308020C040B021E030B020D04F5
:10BAD000370102040206050109000A0009010204F7
:10BAE0000F010802100308020E040A010B020E03E4
:10BAF0000D020A0408020E0308020C040B021E03C6
:10BB00000B020D0436010204020605010A000B00B7
:10BB1000090102040E010802100308020E040B01C1
:10BB20000B020E030D02090408020E0308020B04A7
:10BB30000B0220030B020D0434010204020605016E
:10BB40000B000C00090102040D0108021003080299
:10BB50000E040B010B020E030D02090408020E0372
:10BB600008020B040B0220030B020D043301020434
:10BB7000020605010C000D00090102040C01080277
:10BB8000100308020E040C010B020E030D02080440
:10BB900008020E0308020A040B02100303020F033B
:10BBA0000B020D0431010204020605010D000E0016
:10BBB000090102040B010802100308020E040C0123
:10BBC0000B020E030D02080408020E0308020A0409
:10BBD0000B02100303020F030B020D0430010204D9
:10BBE000020605010E000F00090102040A01080205
:10BBF000100308020E040D010B020E030D020704D0
:10BC000008020E03080209040B02100305020F03C9
:10BC10000B020D042E010204020605010F001000A4
:10BC20000901020409010802100308020E040D01B3
:10BC30000B020E030D02070408020E03080209049A
:10BC40000B02100305020F030B020D042D01020469
:10BC50000206050110001100090102040801080292
:10BC6000100308020E040E010B020E030D0206045F
:10BC700008020E03080208040B02100307020F0358
:10BC80000B020D042B010204020605011100120033
:10BC90000901020407010802100308020E040E0144
:10BCA0000B020E030D02060408020E03080208042C
:10BCB0000B02100307020F030B020D042A010204FA
:10BCC0000206050112001300090102040601080220
:10BCD000100308020E040F010B020E030D020504EF
:10BCE00008020E03080207040B02100309020F03E7
:10BCF0000B020D04280102040206050113001400C2
:10BD00000901020405010802100308020E040F01D4
:10BD10000B020E030D02050408020E0308020704BD
:10BD20000B02100309020F030B020D04270102048A
:10BD300002060501140015000901020404010802AD
:10BD4000100308020E0410010B020E030D0204047E
:10BD500008020E03080206040B0210030B020F0375
:10BD60000B020D0425010204020605011500160050
:10BD70000901020403010802100308020E04100165
:10BD80000B020E030D02040408020E03080206044F
:10BD90000B0210030B020F030B020D04240102041B
:10BDA000020605011600170009010204020108023B
:10BDB000100308020E0411010B020E030D0203040E
:10BDC00008020E03080205040B0210030D020F0304
:10BDD0000B020D04220102040206050117001800DF
:10BDE0000901020401010802100308020E041101F6
:10BDF0000B020E030D02030408020E0308020504E1
:10BE00000B0210030D020F030B020D0421010204AB
:10BE100002060501180019000901020408021003B6
:10BE200008020E0412010B020E030D0202040802A6
:10BE30000E03080204040B0210030F020F030B028F
:10BE40000D041F0102040206050119001A00090170
:10BE500001040802100308020E0412010B020E0373
:10BE60000D02020408020E03080204040B02100370
:10BE70000F020F030B020D041E010204020605014E
:10BE80001A001B0009010802100308020E04130126
:10BE90000B020E030D02010408020E030802030444
:10BEA0000B02100311020F030B020D041C0102040C
:10BEB000020605011B001C0008010802100308020D
:10BEC0000E0413010B020E030D02010408020E03FF
:10BED000080203040B02100311020F030B020D04EE
:10BEE0001B010204020605011C001D0007010802D7
:10BEF000100308020E0414010B020E0315020E03B8
:10BF0000080202040B02100313020F030B020D04BC
:10BF100019010204020605011D001E0006010802A7
:10BF2000100308020E0414010B020E0315020E0387
:10BF3000080202040B02100313020F030B020D048C
:10BF400018010204020605011E001F000501080277
:10BF5000100308020E0415010B020E0314020E0357
:10BF6000080201040B0210030B02010409020F0373
:10BF70000B020D0416010204020605011F00200039
:10BF800004010802100308020E0415010B020E033F
:10BF900014020E03080201040B0210030B02010439
:10BFA00009020F030B020D0415010204020605012C
:10BFB0002000210003010802100308020E041601EC
:10BFC0000B020E0313020E03130210030B020304F1
:10BFD00009020F030B020D041301020402060501FE
:10BFE0002100220002010802100308020E041601BB
:10BFF0000B020E0313020E03130210030B020304C1
:10C0000009020F030B020D041201020402060501CE
:10C010002200230001010802100308020E04170188
:10C020000B020E0312020E03120210030B02050490
:10C0300009020F030B020D041001020402060501A0
:10C04000230024000802100308020E0417010B024B
:10C050000E0312020E03120210030B020504090262
:10C060000F030B020D040F01020402060501240058
:10C0700024000802100308020E0418010B020E032C
:10C0800011020E03110210030B02070409020F0331
:10C090000B020D040D010204020605012500240017
:10C0A0000802100308020E0418010B020E0311020D
:10C0B0000E03110210030B02070409020F030B0207
:10C0C0000D040C01020402060501260024000802EA
:10C0D000100308020E0419010B020E0310020E03D6
:10C0E000100210030B02090409020F030B020D04D6
:10C0F0000A010204020605012700240008021003B9
:10C1000008020E0419010B020E0310020E031002A6
:10C1100010030B02090409020F030B020D040901AD
:10C120000204020605012800240008021003080288
:10C130000E041A010B020E030F020E030F0210036E
:10C140000B020B0409020F030B020D04070102048A
:10C1500002060501290024000802100308020E044B
:10C160001A010B020E030F020E030F0210030B0243
:10C170000B0409020F030B020D0406010204020660
:10C1800005012A0024000802100308020E041B0106
:10C190000B020E030E020E030E0210030B020D041F
:10C1A00009020F030B020D0404010204020605013B
:10C1B0002B0024000802100308020E041B010B02CE
:10C1C0000E030E020E030E0210030B020D040902F1
:10C1D0000F030B020D0403010204020605012C00EB
:10C1E00024000802100308020E041C010B020E03B7
:10C1F0000D020E030D0210030B020F0409020F03C0
:10C200000B020D0401010204020605012D002400A9
:10C210000802100308020E041C010B020E030D029B
:10C220000E030D0210030B020F0409020F030B0291
:10C230000F04020605012E00240008021003080264
:10C240000E041D010B020E030C020E030C02100360
:10C250000B020F04020109020F030B020D04020678
:10C2600005012F0024000802100308020E041D011E
:10C270000B020E030C020E030C0210030B020F0440
:10C28000020109020F030B020E0405013000240015
:10C290000802100308020E041E010B020E030B021B
:10C2A0000E030B0210030B020F04040109020F031B
:10C2B0000B020E04030131002400080210030802DF
:10C2C0000E041E010B020E030B020E030B021003E1
:10C2D0000B020F04040109020F030B020E040201FA
:10C2E000320024000802100308020E041F010B0292
:10C2F0000E030A020E030A0210030B020F040601CA
:10C3000009020F030B020C04010501013300240094
:10C310000802100308020E041F010B020E030A029A
:10C320000E030A0210030B020F04060109020F0399
:10C330000B020B040305330024000802100308025B
:10C340000E0420010B020E0309020E030902100362
:10C350000B020F04080109020F030B020904050573
:10C36000320024000802100308020E0420010B0210
:10C370000E0309020E03090210030B020F04080149
:10C3800009020F030B02080406053200240008020C
:10C39000100308020E0421010B020E0308020E0313
:10C3A000080210030B020F040A0109020F030B021B
:10C3B00006040805310024000802100308020E04D8
:10C3C00021010B020E0308020E03080210030B02E8
:10C3D0000F040A0109020F030B02050409053100CD
:10C3E00024000802100308020E0422010B020E03AF
:10C3F00007020E03070210030B020F040C010902CF
:10C400000F030B0203040B05300024000802100385
:10C4100008020E0422010B020E0307020E0307029C
:10C4200010030B020F040C0109020F030B0202049C
:10C430000C05300024000802100308020E0423013A
:10C440000B020E0306020E03060210030B020F047A
:10C450000E0109020F030B020E052F002400080233
:10C46000100308020E0423010B020E0306020E0342
:10C47000060210030B020F040E0109020F030B0248
:10C480000E052F0024000802100308020E042401E8
:10C490000B020E0305020E03050210030B020F042C
:10C4A000100109020F030B020E052E0024000802E2
:10C4B000100308020E0424010B020E0305020E03F2
:10C4C000050210030B020F04100109020F030B02F7
:10C4D0000E052E0024000802100308020E04250198
:10C4E0000B020E0304020E03040210030B020F04DE
:10C4F000120109020F030B020E052D002400080291
:10C50000100308020E0425010B020E0304020E03A1
:10C51000040210030B020F04120109020F030B02A5
:10C520000E052D0024000802100308020E04260147
:10C530000B020E0303020E03030210030B020F048F
:10C54000140109020F030B020E052C00240008023F
:10C55000100308020E0426010B020E0303020E0351
:10C56000030210030B020F04140109020F030B0254
:10C570000E052C0024000802100308020E042701F7
:10C580000B020E0302020E03020210030B020F0441
:10C59000160109020F030B020E052B0024000802EE
:10C5A000100308020E0427010B020E0302020E0301
:10C5B000020210030B020F04160109020F030B0203
:10C5C0000E052B00240008021003080201050D04CB
:10C5D00028010B020E0301020E03010210030B02DD
:10C5E0000F04180109020F030B020E052A00240094
:10C5F00008021003080202050C0428010B020E03B6
:10C6000001020E03010210030B020F0418010902BC
:10C610000F030B020E052A00240008021003080273
:10C6200003050B0429010B022C030B020F041A0152
:10C6300009020F030B020E05290024000802100353
:10C64000080204050B0428010B022C030B020F0443
:10C650001A0109020F030B020E052900240008022B
:10C660001003080205050B0428010B022A030B0224
:10C670000F041C0109020F030B020E052800240001
:10C68000080210030802060508040101020427013C
:10C690000B022A030B020F041C0109020F030B02F9
:10C6A0000E052800240008021003080207050704ED
:10C6B0000201020427010B0228030B020F041E01D2
:10C6C00009020F030B020E052700240008021003C5
:10C6D0000802080506040301020426010B022803D0
:10C6E0000B020F041D01010409020F030B020E05CA
:10C6F00027002400080210030802090505040401AC
:10C70000020426010B0226030B020F041D01020482
:10C71000010609020F030B020E0526002400080281
:10C72000100308020A0504040501020425010B0296
:10C7300026030B020F041C010204020609020F0368
:10C740000B020E05260024000802100308020B0548
:10C7500003040601020425010B0224030B020F044B
:10C760001C0102040206020109020F030B020E055E
:10C77000250024000802100308020C05020407012A
:10C78000020424010B0224030B020F041B01020408
:10C790000206030109020F030B020E052500240007
:10C7A0000802100308020D05010408010204240117
:10C7B0000B0222030B020F041B01020402060501F7
:10C7C00009020F030B020E052400240008021003C7
:10C7D00008020E050901020423010B0222030B02C9
:10C7E0000F041A01020402060501010009020F03E9
:10C7F0000B020E05240024000802100308020E0597
:10C8000001000901020423010B0220030B020F04A3
:10C810001A0102040206050102000A020F030B02BC
:10C820000E05230024000802100308020E05020072
:10C830000901020422010B0220030B020F0419015B
:10C84000020402060501040009020F030B020E0593
:10C85000230024000802100308020E05030009014A
:10C86000020422010B021E030B020F041901020431
:10C8700002060501060009020F030B020E05220045
:10C8800024000802100308020E0504000901020436
:10C8900021010B021E030B020F0418010204020601
:10C8A0000501070009020F030B020E0522002400F8
:10C8B0000802100308020E05050009010204210107
:10C8C0000B021C030B020F041801020402060501EF
:10C8D000090009020F030B020E05210024000802C3
:10C8E000100308020E0506000901020420010B02D4
:10C8F0001C030B020F0417010204020605010A00C3
:10C9000009020F030B020E05210024000802100388
:10C9100008020E0507000901020420010B021A0398
:10C920000B020F0417010204020605010C000902A4
:10C930000F030B020E05200024000802100308025A
:10C940000E050800090102041F010B021A030B0265
:10C950000F0416010204020605010D0009020F036F
:10C960000B020E05200024000802100308020E0529
:10C970000900090102041F010B0218030B020F0436
:10C9800016010204020605010F0009020F030B0243
:10C990000E051F0024000802100308020E050A00FD
:10C9A000090102041E010B0218030B020F041501FA
:10C9B000020402060501100009020F030B020E0516
:10C9C0001F0024000802100308020E050B000901D5
:10C9D00002041E010B0216030B020F0415010204D0
:10C9E00002060501120009020F030B020E051E00CC
:10C9F00024000802100308020E050C0009010204BD
:10CA00001D010B0216030B020F041401020402069F
:10CA10000501130009020F030B020E051E0024007E
:10CA20000802100308020E050D00090102041D0191
:10CA30000B0214030B020F04140102040206050189
:10CA4000150009020F030B020E051D002400080249
:10CA5000100308020E050E00090102041C010B025E
:10CA600014030B020F041301020402060501160051
:10CA700009020F030B020E051D002400080210031B
:10CA800008020E050F00090102041C010B0212032B
:10CA90000B020F041301020402060501180009022B
:10CAA0000F030A020E051D002400080210030802ED
:10CAB0000E051000090102041B010B0212030B02F8
:10CAC0000F041201020402060501190009020F03F6
:10CAD0000A020E051D0024000802100308020E05BC
:10CAE0001100090102041B010B0210030B020F04C9
:10CAF00012010204020605011B0009020E030A02CC
:10CB00000F051C0024000802100308020E05120085
:10CB1000090102041A010B0210030B020F04110198
:10CB20000204020605011C0009020E030A020F0599
:10CB30001C0024000802100308020E05130009015E
:10CB400002041A010B020E030B020F04110102046E
:10CB5000020605011E0009020D030A0210051B0052
:10CB600024000802100308020E0514000901020443
:10CB700019010B020E030B020F041001020402063E
:10CB800005011F0009020D03090211051B00240005
:10CB90000802100308020E0515000901020419011C
:10CBA0000B020C030B020F04100102040206050124
:10CBB000210009020B030A0211051B0024000802D0
:10CBC000100308020E0516000901020418010C02E8
:10CBD0000A030C020F040F010204020605012200E1
:10CBE00009020B030A0211051B00240008021003AE
:10CBF00008020E0517000901020418010C020803BF
:10CC00000C020F040F0102040206050124000902B0
:10CC100008030B0212051B0024000802100308027F
:10CC20000E0518000901020417010E0204030E028A
:10CC30000F040E0102040206050125000B02040385
:10CC40000D0212051B0024000802100308020E0545
:10CC500019000901020417011E020F040E0102044B
:10CC60000206050127001A0213051B002400080212
:10CC7000100308020E051A000901020416011E0223
:10CC80000F040D0102040206050128001A02120514
:10CC90001C0024000802100308020E051B000901F5
:10CCA000020416011C020F040D0102040206050114
:10CCB0002A00180213051C002400080210030802B1
:10CCC0000E051C000901020415011C020F040C01D1
:10CCD0000204020605012B00170214051C002400A3
:10CCE0000802100308020E051D00090102041501C7
:10CCF0001A020F040C010204020605012D001502A0
:10CD000014051D0024000802100308020E051E0071
:10CD10000901020414011A020F040B0102040206A5
:10CD200005012E00140215051D0024000802100341
:10CD300008020E051F0009010204140118020F0465
:10CD40000B010204020605013000120215051E0047
:10CD500024000802100308020E0520000901020445
:10CD60001401160210040A01020402060501330030
:10CD70000E0217051E0032002005210009010204E1
:10CD80001401140210040A0102040206050137000E
:10CD9000080219051F0032002005220009010204C3
:10CDA00015011002120409010204020605013D00EA
:10CDB0001C051F0032002005230009010204160192
:10CDC0000C02130409010204020605013E001B05C2
:10CDD0002000320020052400090102041701080286
:10CDE0001404090102040206050140001A0520008E
:10CDF0003200200525000901020418011904090167
:10CE00000204020605014200170522003200200537
:10CE1000260009010204190115040A010204020690
:10CE200005014300170522003200200527000901F3
:10CE300002041A0111040B01020402060501450057
:10CE400014052400320020052800090102041B01FA
:10CE50000D040C010204020605014600140524001D
:10CE600032002005290009010204320102040206F1
:10CE70000501480011052600320020052A0009019D
:10CE8000020430010204020605014A000E052800D2
:10CE9000320020052B00090102042E0102040206C3
:10CEA00005018100320020052C00090102042C013B
:10CEB0000204020605018200320020052D0009014E
:10CEC00002042A0102040206050183003200200543
:10CED0002E00090102042801020402060501840053
:10CEE00081000901020426010204020605018500F1
:10CEF00082000901020424010204020605018600E1
:10CF000083000901020422010204020605018700D0
:10CF100084000901020420010204020605018800C0
:10CF20008500090102041E010204020605018900B0
:10CF30008600090102041C010204020605018A00A0
:10CF40008700090102041A010204020605018B0090
:10CF500088000901020418010204020605018C0080
:10CF600089000901020416010204020605018D0070
:10CF70008A000901020414010204020605018E0060
:10CF80008B000901020412010204020605018F0050
:10CF90008C00090102041001020402060501900040
:10CFA0008D00090102040E01020402060501910030
:10CFB0008E00090102040C01020402060501920020
:10CFC0008F00090102040A01020402060501930010
:10CFD0009000090102040801020402060501940000
:10CFE00091000901020406010204020605019500F0
:10CFF00092000901020404010204020605019600E0
:10D0000093000901020402010204020605019700CF
:10D010009400090104040206050198009500090125
:10D0200002040206050199009600090102060501A5
:10D030009A0097000701020605019B0098000C0169
:10D040009C0099000A019D009A0008019E000000C2
:10D0500040014001C89F0408D89F040827F0000839
:10D0600061F0000881F00008F9F0000800000000FD
:10D0700017F10008000000000000000000000000A0
:10D0800000000000000000000000000020253032F9
:10D09000780000003078253032582530325825305D
:10D0A000325825303258000055F40008D7F40008F3
:10D0B0006BF50008CDF500080000000031F600080F
:10D0C000000000000000000039F700080000000028
:10D0D000000000000000000025F900088FF900089A
:10D0E0000000000053FA000800000000B5FA000834
:10D0F0000000000000000000000000000000000030
:10D1000000000000000000003DFE00083DFE000899
:10D11000000000007BFE000800000000000000008E
:10D1200008D104080000000020D104084E75747472
:10D130005800000031322E31312E300061726D0006
:10D14000286E756C6C290000696E66006E616E0059
:10D1500000000000000024400000000000005940D2
:10D16000000000000088C3400000000084D7974101
:10D170000080E03779C34143176E05B5B5B89346D3
:10D18000F5F93FE9034F384D321D30F94877825A9F
:10D190003CBF737FDD4F15759A9999999999B93F5D
:10D1A0007B14AE47E17A843F2D431CEBE2361A3FF5
:10D1B0003A8C30E28E79453EBC89D897B2D29C3CFD
:10D1C00033A7A8D523F649393DA7F444FD0FA5326E
:10D1D0009D978CCF08BA5B25436FAC642806C80ABC
:10D1E0000080E03779C3314300003426F56BFC4200
:10D1F0000000901EC4BCC642000040E59C30924234
:10D20000000000A2941A5D42000000E87648274220
:10D21000000000205FA0F2410000000065CDBD418C
:10D220000000000084D7874100000000D012534165
:10D230000000000080841E4100000000006AE840F9
:10D24000000000000088B3400000000000407F4064
:10D2500000000000000049400000000000001440F1
:10D2600000001F003B005A0078009700B500D40072
:10D27000F300110130014E016D010000556D656D27
:10D28000000000005352414D312C322C330000007D
:10D290005352414D340000004454434D00000000FF
:10D2A00019900800189008002300000025000000D5
:10D2B0004552524F523A20496E76616C6964204360
:10D2C000414E2074696D696E677300004552524F7C
:10D2D000523A20496E76616C69642043414E206465
:10D2E0006174612070686173652074696D696E672F
:10D2F000730000004552524F523A204661696C65F6
:10D300006420746F206174746163682043414E200F
:10D3100052582049525100004552524F523A20462D
:10D3200061696C656420746F206174746163682046
:10D3300043414E20545820495251000084030000BC
:10D340001000000008000000655A0108F5320008CE
:10D35000DD5A0108115C0108D55C01081933000889
:10D36000273300083D5D0108E55D0108000000006D
:10D37000655A01084D330008DD5A0108115C0108A7
:10D38000D55C0108713300087F3300083D5D01085A
:10D39000E55D01080000000070616E696300000037
:10D3A00025733A2052303A202530386C782052319B
:10D3B0003A202530386C782052323A202530386CAB
:10D3C00078202052333A202530386C780A0000004B
:10D3D00025733A2052343A202530386C7820523563
:10D3E0003A202530386C782052363A202530386C77
:10D3F00078202046503A202530386C780A0000000A
:10D4000025733A2052383A202530386C7820534220
:10D410003A202530386C7820534C3A202530386C2F
:10D4200078205231313A202530386C780A000000DB
:10D4300025733A2049503A202530386C78205350D3
:10D440003A202530386C78204C523A202530386C00
:10D4500078202050433A202530386C780A000000AC
:10D4600025733A20785053523A202530386C782072
:10D47000424153455052493A202530386C78204378
:10D480004F4E54524F4C3A202530386C780A0000E9
:10D4900025733A204558435F52455455524E3A2021
:10D4A0002530386C780A000075705F64756D705FA8
:10D4B0007265676973746572000000004552524FCF
:10D4C000523A206E73685F636F6E736F6C656D6147
:10D4D000696E28292072657475726E65643A20251C
:10D4E000640A0000505331003E2000006E73683E15
:10D4F000200000002D68000055736167653A202503
:10D5000073205B3C7363726970742D706174683E44
:10D510007C2D63203C636F6D6D616E643E5D0A001F
:10D520002D630000636C65006E73685F73657373D1
:10D53000696F6E0065746830000000001B5B3F324D
:10D54000356800001B5B3F32356C00001B5B4B00F5
:10D550001B5B324A1B5B324B1B5B48001B5B256429
:10D56000440000001B5B25644300000025733A2043
:10D570004552524F523A205B25645D204661696CEA
:10D58000656420746F2073656E64206275666665DD
:10D59000723A2025640A000025733A204552524F02
:10D5A000523A205B25645D204661696C6564207495
:10D5B0006F2072656164206275666665723A202527
:10D5C000640A00006E73685F636F6E736F6C6577DB
:10D5D00072697465000000006E73685F636F6E733C
:10D5E0006F6C65726561640020090A002722600083
:10D5F0002227233B0A000000602400003E000000B8
:10D600003E3E00003C0000003F0000002100000002
:10D610003000000031000000000000000A4E757468
:10D62000745368656C6C20284E534829204E7574DD
:10D6300074582D31322E31312E300A006E73683A13
:10D640002025733A2073796E746178206572726F49
:10D65000720A00006E73683A2025733A206D697370
:10D6600073696E6720726571756972656420617295
:10D6700067756D656E742873290A00006E73683AC9
:10D680002025733A206E6F206D61746368696E6740
:10D690002025730A000000006E73683A2025733A53
:10D6A00020617267756D656E7420696E76616C6954
:10D6B000640A00006E73683A2025733A2076616C24
:10D6C0007565206F7574206F662072616E67650ADC
:10D6D000000000006E73683A2025733A20636F6D76
:10D6E0006D616E64206E6F7420666F756E640A00E3
:10D6F0006E73683A2025733A206E6F2073756368E5
:10D700002025733A2025730A000000006E73683AE2
:10D710002025733A20746F6F206D616E79206172DD
:10D7200067756D656E74730A000000006E73683A69
:10D730002025733A206E657374696E6720746F6F6D
:10D7400020646565700A00006E73683A2025733A9C
:10D75000206E6F742076616C696420696E20746835
:10D76000697320636F6E746578740A006E73683A2B
:10D770002025733A202573206661696C65643A2020
:10D7800025640A006E73683A2025733A206F757419
:10D79000206F66206D656D6F72790A006E73683A4E
:10D7A0002025733A20496E7465726E616C20657233
:10D7B000726F720A000000006E73683A2025733A97
:10D7C00020496E7465727275707465642062792088
:10D7D0007369676E616C0A007368000020000000C6
:10D7E0002D6300006F70656E0000000024000000D3
:10D7F0007D000000247B0000286E756C6C29000001
:10D80000202025733D25730A000000007768696CAD
:10D8100065000000756E74696C000000646F0000A4
:10D82000646F6E65000000006C7365656B0000003E
:10D8300069660000210000007468656E0000000049
:10D84000656C736500000000666900006E696365C1
:10D85000000000002D64000026000000FFFFFFFF15
:10D86000FFFFFFFF000000000000000000000000BC
:10D87000000000006F70656E000000006C7365654D
:10D880006B0000006C6F6F700000000025730000DB
:10D89000616C6961732025733D272573270A000099
:10D8A000616C6961732025733D27257327206661AC
:10D8B000696C65640A000000616C696173000000B6
:10D8C00025733A202573206E6F7420666F756E6421
:10D8D0000A00000061000000756E616C69617300F0
:10D8E00077616974706964002573205B25643A254B
:10D8F000645D0A002E0000003C7363726970742D31
:10D90000706174683E0000005B0000003C65787048
:10D9100072657373696F6E3E205D00003F0000000A
:10D92000616C6961730000005B6E616D655B3D76E3
:10D93000616C75655D202E2E2E205D00756E616C0C
:10D94000696173005B2D615D206E616D65205B6EAA
:10D95000616D65202E2E2E205D000000617270002A
:10D960005B2D69203C69666E616D653E5D205B2DB7
:10D9700061203C6970616464723E7C2D64203C6966
:10D9800070616464723E7C2D73203C6970616464D4
:10D99000723E203C6877616464723E5D0000000066
:10D9A000626173656E616D65000000003C706174BA
:10D9B000683E205B3C7375666669783E5D000000DA
:10D9C000627265616B000000636174005B3C7061B2
:10D9D00074683E205B3C706174683E205B3C706103
:10D9E00074683E202E2E2E5D5D5D00006364000095
:10D9F0005B3C6469722D706174683E7C2D7C7E7C1A
:10DA00002E2E5D00637000005B2D725D203C736FF5
:10DA1000757263652D706174683E203C6465737433
:10DA20002D706174683E0000636D70003C7061741D
:10DA300068313E203C70617468323E006469726EE9
:10DA4000616D65003C706174683E000064617465DE
:10DA5000000000005B2D7320224D4D4D20444420DA
:10DA600048483A4D4D3A53532059595959225D204F
:10DA70005B2D755D205B2B666F726D61745D0000C0
:10DA8000646600005B2D685D00000000646D6573D6
:10DA9000670000005B2D632C2D2D636C6561722087
:10DAA0007C2D432C2D2D726561642D636C65617234
:10DAB0005D0000006563686F000000005B2D6E5D17
:10DAC000205B3C737472696E677C246E616D653E89
:10DAD000205B3C737472696E677C246E616D653E79
:10DAE0002E2E2E5D5D000000656E76006578656304
:10DAF000000000003C6865782D6164647265737392
:10DB00003E0000006578697400000000657870725E
:10DB1000000000003C6F706572616E64313E203C15
:10DB20006F70657261746F723E203C6F70657261D8
:10DB30006E64323E0000000066616C736500000098
:10DB40006664696E666F00005B7069645D0000006A
:10DB5000667265650000000068656C70000000007A
:10DB60005B2D765D205B3C636D643E5D00000000D4
:10DB700068657864756D70003C66696C65206F72CD
:10DB8000206465766963653E205B736B69703D3C1C
:10DB900062797465733E5D205B636F756E743D3CA6
:10DBA00062797465733E5D006966636F6E6669676E
:10DBB000000000005B696E74657266616365205BDE
:10DBC0006D7475203C6C656E3E5D7C5B6164647257
:10DBD0006573735F66616D696C795D205B5B616421
:10DBE000647C64656C5D203C69702D616464726561
:10DBF00073733E7C646863705D5D5B64727C6777A1
:10DC00007C67617465776179203C64722D6164641E
:10DC1000726573733E5D205B6E65746D61736B201E
:10DC20003C6E65742D6D61736B3E7C7072656669C8
:10DC3000786C656E203C6C656E3E5D205B646E7337
:10DC4000203C646E732D616464726573733E5D2065
:10DC50005B6877203C68772D6D61633E5D00000056
:10DC60006966646F776E00003C696E746572666108
:10DC700063653E0069667570000000006B696C6C3E
:10DC8000000000005B2D3C7369676E616C3E5D2097
:10DC90003C7069643E000000706B696C6C000000B1
:10DCA0005B2D3C7369676E616C3E5D203C6E616DFF
:10DCB000653E00006C7300005B2D6C5273685D2044
:10DCC0003C6469722D706174683E00006D620000F2
:10DCD0003C6865782D616464726573733E5B3D3C9E
:10DCE0006865782D76616C75653E5D205B3C686586
:10DCF000782D627974652D636F756E743E5D0000DA
:10DD00006D6B6469720000005B2D705D203C70617A
:10DD100074683E006D6B7264000000005B2D6D2026
:10DD20003C6D696E6F723E5D205B2D73203C7365A8
:10DD300063746F722D73697A653E5D203C6E736506
:10DD400063746F72733E00006D6800006D6F756ED6
:10DD5000740000005B2D74203C6673747970653E1E
:10DD6000205B2D6F203C6F7074696F6E733E5D2079
:10DD70005B3C626C6F636B2D6465766963653E5DC9
:10DD8000203C6D6F756E742D706F696E743E5D0012
:10DD90006D7600003C6F6C642D706174683E203CB1
:10DDA0006E65772D706174683E0000006D7700002D
:10DDB0007069646F660000003C6E616D653E000036
:10DDC0007072696E746600005B5C784E4E5D205B1D
:10DDD0005C6E5C725C745D205B3C737472696E6730
:10DDE0007C246E616D653E205B3C737472696E6766
:10DDF0007C246E616D653E2E2E2E5D5D0000000060
:10DE0000707300003C2D686561703E203C70696451
:10DE1000312070696432202E2E2E3E00707764000F
:10DE2000726D00005B2D72665D203C66696C652D2D
:10DE3000706174683E000000726D646972000000D9
:10DE40003C6469722D706174683E000073657400F3
:10DE50005B7B2B7C2D7D7B657C787C78657C657815
:10DE60007D5D205B3C6E616D653E203C76616C752E
:10DE7000653E5D00736C6565700000003C73656312
:10DE80003E000000736F7572636500007465737403
:10DE9000000000003C65787072657373696F6E3EB8
:10DEA0000000000074696D6500000000223C636F93
:10DEB0006D6D616E643E2200747275650000000035
:10DEC0007472756E63617465000000002D73203CF0
:10DED0006C656E6774683E203C66696C652D706188
:10DEE00074683E00756E616D650000005B2D6120F9
:10DEF0007C202D696D6E6F707273765D000000007E
:10DF0000756D6F756E740000756E7365740000003A
:10DF1000757074696D6500005B2D7370685D00003D
:10DF200075736C65657000003C757365633E000039
:10DF300077617463680000005B2D6E5D20696E740C
:10DF4000657276616C205B2D635D20636F756E7406
:10DF5000203C636F6D6D616E643E0000786400006C
:10DF60003C6865782D616464726573733E203C6221
:10DF70007974652D636F756E743E00007761697406
:10DF80000000000070696431205B70696432205BBE
:10DF9000706964335D202E2E2E5D00004E534820A4
:10DFA000636F6D6D616E6420666F726D733A0A0007
:10DFB00020205B6E696365205B2D64203C6E696385
:10DFC000656E6573733E3E5D5D203C636D643E200F
:10DFD0005B3E203C66696C653E7C3E3E203C66694B
:10DFE0006C653E5D205B265D0A0A00004F520A0008
:10DFF00020206966203C636D643E0A00202074681E
:10E00000656E0A00202020205B73657175656E6364
:10E0100065206F66203C636D643E5D0A0000000071
:10E020002020656C73650A00202066690A0A0000DA
:10E0300020207768696C65203C636D643E0A0000AF
:10E040002020646F0A0000002020646F6E650A0AB9
:10E05000000000002020756E74696C203C636D64C4
:10E060003E0A0000202025732025730A00000000CE
:10E07000202025730A0000002573207573616765F1
:10E080003A0000002D7600005768657265203C63F9
:10E090006D643E206973206F6E65206F663A0A00DA
:10E0A0000A00000055736167653A202573203C6FB4
:10E0B000706572616E64313E203C6F706572617490
:10E0C0006F723E203C6F706572616E64323E0A0072
:10E0D0006F706572616E643120696E76616C69641F
:10E0E0000A0000006F706572616E643220696E769E
:10E0F000616C69640A000000556E6B6E6F776E206C
:10E100006F70657261746F720A00000025640A0006
:10E110000A4275696C74696E20417070733A0A0026
:10E12000F4D8040869C4010802020000F8D8040801
:10E1300008D9040899F10108040B00000CD904085F
:10E140001CD90408019F0108010100000000000023
:10E1500020D9040801980108010B000028D90408FF
:10E160003CD90408D9980108010B000044D90408DF
:10E170005CD9040865D701080106000060D90408CD
:10E18000A0D90408C5B8010802030000ACD90408EE
:10E19000C0D90408AD900108010100000000000092
:10E1A000C8D9040879B90108010B0000CCD90408CA
:10E1B000ECD90408FDAB010801020000F0D9040805
:10E1C00004DA040825BB01080304000008DA040887
:10E1D00028DA040891C40108030300002CDA0408BB
:10E1E0003CDA040845B901080202000044DA0408D8
:10E1F0004CDA040861F601080104000054DA04084E
:10E2000080DA0408EDCE01080102000084DA040877
:10E210008CDA040849BA01080102000094DA040803
:10E22000B4DA0408FDAC0108010B0000BCDA0408F4
:10E23000E8DA040821AE0108010100000000000036
:10E24000ECDA0408C1E1010802030000F4DA040872
:10E2500004DB040813A00108010100000000000015
:10E260000CDB040829A001080404000014DB0408E6
:10E2700038DB040801A001080101000000000000D3
:10E2800040DB04088DC801080102000048DB0408D7
:10E2900050DB0408C5CE01080101000000000000A9
:10E2A00058DB0408019F01080103000060DB04083B
:10E2B00070DB040879A601080204000078DB04087A
:10E2C000A8DB0408F5D30108010C0000B4DB040846
:10E2D00060DC040881D301080202000068DC040845
:10E2E00074DC04080DD301080202000068DC040895
:10E2F0007CDC040875E301080203000084DC0408E8
:10E3000098DC04089DE4010802030000A0DC040876
:10E31000B4DC04082DBC010801050000B8DC0408C9
:10E32000CCDC0408D9A2010802030000D0DC0408F8
:10E3300000DD040831BE01080203000008DD040806
:10E3400014DD04083DBF0108020600001CDD0408BE
:10E3500048DD040885A3010802030000D0DC04089E
:10E360004CDD040849CF01080107000054DD040812
:10E3700090DD0408F5C001080303000094DD0408E3
:10E38000ACDD040831A4010802030000D0DC04085D
:10E39000B0DD0408DDE2010802020000B8DD040877
:10E3A000C0DD040835DA0108010B0000C8DD0408EF
:10E3B00000DE040831E20108010B000004DE04085D
:10E3C0001CDE040849AE0108010100000000000045
:10E3D00020DE0408B1C201080203000024DE0408A4
:10E3E00038DE040801C401080202000040DE04080F
:10E3F0004CDE040875AE01080204000050DE04087B
:10E4000074DE0408D9E50108020200007CDE04087D
:10E4100084DE040869C4010802020000F8D8040878
:10E420008CDE040875F10108030B000094DE04087B
:10E43000A4DE040841F5010802020000ACDE040875
:10E44000B8DE0408F19F010801010000000000008F
:10E45000C0DE0408D1C6010804040000CCDE0408B4
:10E46000E4DE040869E9010801070000ECDE0408A5
:10E4700000DF040859D101080202000040DE040850
:10E4800008DF040849B0010802020000B8DD0408F2
:10E4900010DF040899E601080102000018DF0408F3
:10E4A00020DF040839E601080202000028DF040822
:10E4B00030DF040879F701080206000038DF04089D
:10E4C0005CDF0408F9A501080303000060DF04080D
:10E4D0007CDF0408B1F80108010B000084DF0408A8
:10E4E000000000000000000001010000000000002A
:10E4F00010E1040820202570203D2030782530329E
:10E5000078000000202D3E20307825303278000041
:10E510000A00000020202570203D2030782530346E
:10E5200078000000202D3E2030782530347800001F
:10E5300020202570203D2030782530386C78000070
:10E54000202D3E2030782530386C780025733A0A2B
:10E5500000000000253034783A2000002530327861
:10E5600020000000202020002563000025730A0001
:10E570004865782064756D70000000006F70656EEE
:10E580000000000068657864756D70006D616C6CEA
:10E590006F630000736B69703D000000636F756E00
:10E5A000743D000072656164000000002573206105
:10E5B00074202530386A7800505744004F4C44503E
:10E5C000574400002F0000002E0000007E000000D5
:10E5D0002D0000002E2E00006368646972000000A8
:10E5E00025730000200000000A0000002F70726FE9
:10E5F000632F73656C662F67726F75702F656E760B
:10E600000000000025730A0073657400736574656B
:10E610006E76000065780000756E736574656E76C1
:10E62000000000006F70656E5F7264666400000039
:10E63000637000006F70656E5F7772666400000043
:10E640007265616400000000777269746500000003
:10E650006F70656E646972002E0000002E2E00003F
:10E6600073746174000000006D6B646972000000D7
:10E670006C730000202573002531312E3166470070
:10E680002531312E31664D002531312E31664B005A
:10E690002531326C640000002F0A00000A000000DF
:10E6A0002025730A000000002D2D2D2D2D2D2D2D40
:10E6B0002D2D000025733A0A0000000025732F2538
:10E6C000732F67726F75702F6664000061737072CC
:10E6D000696E7466000000006664696E666F000013
:10E6E0000A7069643A2573006E73685F63617466CB
:10E6F00061696C650000000025730A0063433A00FD
:10E700002F6465762F747479533100006F70656ED5
:10E7100000000000696F63746C000000720000006C
:10E720006C527368000000007000000000000000E0
:10E730003A6D3A733A000000626F61726463746C00
:10E7400028424F415244494F435F4D4B52442900A8
:10E7500072656E616D6500002F257300556E6B6EDE
:10E760006F776E206F7074696F6E20307825780A2D
:10E770000000000072660000756E6C696E6B000030
:10E78000726D64697200000066696C65732064696B
:10E79000666665723A206279746520257A640A009B
:10E7A0002D730000667472756E63617465000000FD
:10E7B0007472756E63617465000000006E6F742082
:10E7C00070726F6365737320696400002F70726FDD
:10E7D0006300000025732F25732F636D646C696ED1
:10E7E000650000002F70726F630000006E73683A5E
:10E7F0002025733A20436F756C64206E6F74206F10
:10E8000070656E202573202869732070726F6366AF
:10E8100073206D6F756E7465643F290A00000000F7
:10E820006F70656E000000006D616C6C6F630000BE
:10E830007265616400000000777269746500000011
:10E840006F70656E646972002F0000002F257300E1
:10E8500025732F25730000007069646F6600000047
:10E860002F70726F632F6D656D696E666F000000AB
:10E8700075736564000000002D68000068656C70A9
:10E88000000000002F70726F632F6D656D64756DF1
:10E8900070000000200000002D6800002F70726FD3
:10E8A000632F66732F757361676500002F70726F39
:10E8B000632F66732F626C6F636B73002F70726FC0
:10E8C000632F66732F6D6F756E7400003A6F3A7424
:10E8D0003A0000006D6F756E74000000756D6F7505
:10E8E0006E7400002F70726F632F6E65742F7374D7
:10E8F000617400006966636F6E66696700000000FE
:10E900002F70726F632F6E65742F257300000000E7
:10E910003A626E663A683A002F70726F632F6E65C6
:10E92000740000002F70726F630000006E73683A0D
:10E930002025733A20436F756C64206E6F74206FCE
:10E9400070656E2025732F6E6574202869732070A2
:10E95000726F636673206D6F756E7465643F290A0C
:10E96000000000006F70656E64697200506C656134
:10E9700073652073656C6563742069666E616D658F
:10E980003A0A000069667570000000004F4B0000F5
:10E990004661696C65640000696675702025732E98
:10E9A0002E2E25730A0000006966646F776E0000E2
:10E9B0006966646F776E2025732E2E2E25730A00EC
:10E9C00064720000677700006761746577617900A1
:10E9D0006E65746D61736B00696E65740000000094
:10E9E000696E657436000000687700006164640039
:10E9F0006D7475003235352E3235352E3235352E63
:10EA000030000000616473693A0000004857616497
:10EA100064723A2025730A0041525020656E747268
:10EA200079000000696F63746C0000002563256342
:10EA300025632563000000002563256300000000B6
:10EA4000256300000A0000000D000000090000001E
:10EA500025730000547970653A00000047726F75A5
:10EA6000703A000053746174653A0000466C616747
:10EA7000733A00005072696F726974793A0000004D
:10EA80005363686564756C65723A00005369674D3D
:10EA900061736B3A00000000506172656E743A0059
:10EAA000537461636B53697A653A000025732F25AF
:10EAB000732F25730000000061737072696E7466B5
:10EAC00000000000707300000000000073746174A7
:10EAD0007573000067726F75702F7374617475734E
:10EAE00000000000737461636B000000636D646C70
:10EAF000696E6500505049440000000050494400D0
:10EB00002535732025357320253573202533732053
:10EB1000252D387320252D37732025337320252D7F
:10EB2000387320252D397320252D31367320253754
:10EB3000732025730A000000434F4D4D414E4400A1
:10EB4000535441434B0000005349474D41534B0040
:10EB50004556454E540000005354415445000000B2
:10EB60004E5058005459504500000000504F4C4939
:10EB7000435900005052490047524F555000000081
:10EB800025356420253564202535732025337320F1
:10EB9000252D387320252D37732025337320252DFF
:10EBA000387320252D397320252D387320253037D3
:10EBB0006C752025730A000043616C6C696E6720D8
:10EBC00025700A002F70726F630000007461736B10
:10EBD00000000000256420000A0000006B696C6CD6
:10EBE00000000000253032753A253032753A253064
:10EBF000327520002D7000002D7300002530347513
:10EC00002D253032752D2530327520253032753A5C
:10EC1000253032753A253032750A00002D68000023
:10EC2000757074696D653A20696E76616C696420EF
:10EC30006F7074696F6E202D2D2025730A000000FF
:10EC400055736167653A0A00757074696D65205B7C
:10EC50006F7074696F6E735D0A0000004F707469A5
:10EC60006F6E733A0A0000002D702C2073686F7766
:10EC700020757074696D6520696E2070726574749A
:10EC80007920666F726D61740A0000002D682C2077
:10EC9000646973706C617920746869732068656C4D
:10ECA0007020616E6420657869740A002D732C20D1
:10ECB00073797374656D2075702073696E63650A6E
:10ECC000000000007570200073000000256C7520A6
:10ECD00064617925732C2000256C7520686F75722E
:10ECE00025732C2000000000256C75206D696E7561
:10ECF000746525730000000025326C753A253032AA
:10ED00006C7500002C206C6F616420617665726107
:10ED100067653A20256C752E2530326C752C2025C0
:10ED20006C752E2530326C752C20256C752E253097
:10ED3000326C7500756E6B6E6F776E0061736F6EFF
:10ED400072766D7069000000756E616D650000007F
:10ED50006E75636C656F2D683735337A6900000016
:10ED60003D0000003D3D0000213D00002D6571008B
:10ED70002D6765002D6774002D6C65002D6C740087
:10ED80002D6E65002D6E00002D7A00002D620000B2
:10ED90002D6300002D6400002D6500002D6600002D
:10EDA0002D7200002D7300002D770000210000005F
:10EDB0002D6100002D6F0000746573740000000069
:10EDC0005D0000006A616E00666562006D61720040
:10EDD000617072006D6179006A756E006A756C0011
:10EDE00061756700736570006F6374006E6F760005
:10EDF00064656300636C6F636B5F67657474696DF2
:10EE000065000000676D74696D655F720000000049
:10EE10006C6F63616C74696D655F720073747266A8
:10EE200074696D650000000025730A002009000068
:10EE300020093A00636C6F636B5F73657474696D6E
:10EE4000650000000A256C752E2530346C75207322
:10EE500065630A0025612C20256220256420254851
:10EE60003A254D3A2553202559000000733A750084
:10EE70006E3A633A00000000C4ED0408C8ED0408CF
:10EE8000CCED0408D0ED0408D4ED0408D8ED040856
:10EE9000DCED0408E0ED0408E4ED0408E8ED040806
:10EEA000ECED0408F0ED040847726F75703A00004D
:10EEB0002F70726F632F25642F73746174757300E4
:10EEC00077616974000000001B5B4B006574682566
:10EED0006400000063616E2564000000000102030D
:10EEE00004050607080C1014182030400001020326
:10EEF0000405060708090909090A0A0A0A0B0B0B87
:10EF00000B0C0C0C0C0D0D0D0D0D0D0D0D0E0E0E34
:10EF10000E0E0E0E0E0E0E0E0E0E0E0E0E0F0F0F0E
:10EF20000F0F0F0F0F0F0F0F0F0F0F0F0F0000001E
:10EF3000FFFFFFFFFFFFFFFFFFFF0000FFFFFFFFDF
:10EF400000000000000000000000000000000000C1
:10EF5000505744002F00000025732F257300000038
:10EF600025732F2573000000B9A50208DBA5020850
:10EF700051A6020800000000CBA6020833A7020831
:10EF80000000000000000000000000000000000081
:10EF90000000000000000000257325732F00000012
:10EFA000FBA9020841AA020865AA02088FAA020862
:10EFB00000000000B1AA020800000000FBAA02083D
:10EFC000D3AA0208000000000000000000000000BA
:10EFD00070726F6366730000D0EF040840F104089C
:10EFE00000000000000000005B302D395D2A2F2A50
:10EFF0002A0000005B302D395D2A000063707569BE
:10F000006E666F0066732F626C6F636B7300000037
:10F0100066732F6D6F756E740000000066732F7538
:10F020007361676500000000696F62696E666F005A
:10F030006D656D64756D70006D656D696E666F00F0
:10F040006E6574006E65742F2A2A000073656C6605
:10F050000000000073656C662F2A2A0074636269E1
:10F060006E666F00757074696D6500007665727309
:10F07000696F6E00000000002F0000002564000092
:10F08000E8EF040828F6040800000000F4EF040884
:10F0900028F6040802000000FCEF0408B4F104089C
:10F0A0000100000004F00408ECF70408010000006F
:10F0B00010F00408ECF70408010000001CF004083C
:10F0C000ECF704080100000028F00408E0F104084F
:10F0D0000100000030F0040884F204080100000080
:10F0E00038F0040858F204080100000040F0040859
:10F0F000003805080200000044F004080038050844
:10F10000000000004CF0040828F60408020000008B
:10F1100054F0040828F60408000000005CF004081D
:10F12000FCF604080100000064F0040850F704082D
:10F13000010000006CF0040884F7040801000000DE
:10F1400005B10208B1B10208F3B102081DB202080C
:10F150000000000099B2020800000000000000005A
:10F1600057B202080000000000000000000000008C
:10F17000ABB20208D1B202080000000015B30208C9
:10F18000E5B4020829B50208F1B7020823B802085D
:10F1900033B8020845B80208000000000000000073
:10F1A00000000000000000007DB802080000000020
:10F1B0000000000069B9020899B90208BBB9020849
:10F1C0000000000000000000F9B902080000000083
:10F1D00000000000000000000000000037BA020834
:10F1E0005BBA0208A5BA0208C9BA0208000000000A
:10F1F00000000000A1BB02080000000000000000A9
:10F200000000000000000000DFBB02086E746F7495
:10F21000616C000025313073253130732531307336
:10F22000253130730A0000006E7468726F74746C5C
:10F23000650000006E776169740000006E6672659B
:10F24000650000002531306425313064253130649B
:10F25000253130640A00000003BC020835BC0208F6
:10F2600059BC02080000000000000000CDBE0208EA
:10F27000000000000000000000000000000000008E
:10F280000FBF020803BC020835BC0208A5BD020876
:10F2900005BE020800000000CDBE0208000000000C
:10F2A0000000000000000000000000000FBF020886
:10F2B000746F74616C000000253131732531317336
:10F2C000253131732531317325313173253773255C
:10F2D000377325730A000000206E616D6500000021
:10F2E0006E667265650000006E75736564000000EF
:10F2F0006D617866726565006D617875736564002F
:10F3000066726565000000007573656400000000AA
:10F310002531316C752531316C752531316C752590
:10F3200031316C752531316C7525376C7525376C2D
:10F33000752025730A00000075736167653A203CEB
:10F34000757365642F667265652F6F727068616E84
:10F350002F626967676573743E0A757365643A2046
:10F3600064756D7020616C6C20616C6C6F6361748E
:10F370006564206E6F64650A667265653A2064751F
:10F380006D7020616C6C2066726565206E6F6465BF
:10F390000A6F727068616E3A2064756D7020616CDE
:10F3A0006C6F63617465642066726565206E656963
:10F3B0006768626F726564206E6F64650A62696770
:10F3C000676573743A2064756D7020616C6C6F634F
:10F3D0006174656420746F70206E206E6F64650ABE
:10F3E0000000000053434845445F4649464F000033
:10F3F00053434845445F5252000000005343484580
:10F40000445F53504F524144494300000000000004
:10F410007374617475730000636D646C696E65006C
:10F42000737461636B00000067726F757000000099
:10F4300067726F75702F73746174757300000000CC
:10F4400067726F75702F66640000000066640000CC
:10F4500067726F75702F656E76000000656E7600BE
:10F460005461736B00000000707468726561640021
:10F470004B74687265616400496E76616C69640002
:10F480003C6E6F6E616D653E000000004E616D6503
:10F490003A000000252D313273252E3138730A00D1
:10F4A000547970653A000000252D31327325730AB6
:10F4B0000000000047726F75703A0000252D313250
:10F4C0007325640A0000000053746174653A0000FB
:10F4D000466C6167733A0000252D31327325630A4B
:10F4E000000000005072696F726974793A00000080
:10F4F0005363686564756C65723A00005369674DC3
:10F5000061736B3A00000000252D313273253038CD
:10F510006C782530386C780A000000000A00000082
:10F52000537461636B416C6C6F633A00252D31320B
:10F530007325700A00000000537461636B426173AD
:10F54000653A0000537461636B53697A653A000051
:10F55000252D313273256C640A0000004D61696EFF
:10F56000207461736B3A0000506172656E743A00EA
:10F57000252D3132733078253032780A00000000B2
:10F580004D656D626572733A00000000252D3132C1
:10F5900073257A750A0000004D656D626572204919
:10F5A00044733A0020256400464400000A252D33A8
:10F5B0007320252D377320252D347320252D397385
:10F5C00020252D3134732025730A00005041544802
:10F5D00000000000504F53005459504500000000F7
:10F5E0004F464C4147530000252D336420252D37CD
:10F5F0006420252D347820252D396C6420252D316B
:10F600003473200025733D25730A000073656C6612
:10F61000000000002F000000E4F30408F0F30408E9
:10F62000FCF304080000000075CB02084DCC020872
:10F6300071CC020891CD020800000000CBCD020879
:10F640000DCE020831CF020849CF0208F5CF0208DB
:10F650000DD002080CF404080CF4040800040000A7
:10F6600010F4040810F404080108000018F4040859
:10F6700018F404080208000020F4040820F4040828
:10F680000308000028F4040828F404080404000017
:10F6900030F4040810F404080508000040F40408DD
:10F6A0004CF404080608000050F404085CF4040854
:10F6B0000708000060F604086CF6040878F60408F1
:10F6C00084F6040890F604089CF60408A8F60408DA
:10F6D00060F604086CF6040878F6040884F604085A
:10F6E00090F604089CF60408A8F6040860F40408E0
:10F6F00068F4040870F4040878F40408F9D00208E7
:10F7000043D1020875D1020800000000000000008B
:10F71000F9D1020800000000000000000000000015
:10F720000000000037D20208706F696E74657220A5
:10F7300025702073697A6520257A75206375727249
:10F74000656E7420726567732025700A00000000E2
:10F750005BD20208A5D20208C9D20208000000004C
:10F760000000000065D30208000000000000000057
:10F770000000000000000000A3D302082531302E55
:10F7800032660A0035D502087FD50208A1D50208E5
:10F79000000000000000000031D602080000000058
:10F7A0000000000000000000000000006FD602080A
:10F7B00025732076657273696F6E2025732025731B
:10F7C0002025730A000000006E75636C656F2D685C
:10F7D0003735337A693A6576616C756174696F6E35
:10F7E0002D646972747900002F000000DDDB0208CF
:10F7F00085DC0208A9DC020800000000000000000F
:10F800004DDD0208000000000000000000000000C4
:10F81000000000008BDD0208202025732074797021
:10F82000652025730A0000002020426C6F636B2066
:10F830002020204E756D6265720A000020205369F9
:10F840007A652020202020426C6F636B732020207B
:10F850002020202055736564202020417661696C4A
:10F8600061626C65204D6F756E746564206F6E0A01
:10F870000000000025367A75202531306C75202572
:10F8800031306C7520202531306C752025730A00CD
:10F89000202046696C6573797374656D2020202083
:10F8A000202053697A65202020202020557365642C
:10F8B0002020417661696C61626C65204D6F756EC8
:10F8C000746564206F6E0A002020252D313073206E
:10F8D00025386C7525632025386C75256320202517
:10F8E000386C7525632025730A00000066732F6D40
:10F8F0006F756E740000000066732F626C6F636B2F
:10F900007300000066732F75736167650000000067
:10F91000424B4D475400000070726F6366730000E5
:10F92000556E7265636F676E697A656400000000EA
:10F930002F2573002F2573001008040041080400D0
:10F940001E0804000A0000003D3D3D3D3D3D3D3D9B
:10F950003D3D3D3D3D3D3D3D3D3D3D3D3D3D3D3DD7
:10F960003D3D3D3D3D3D3D3D3D3D3D3D3D3D3D3DC7
:10F970003D3D3D3D3D3D3D3D3D3D3D3D3D3D3D3DB7
:10F980000A0000002020435249544943414C20457D
:10F9900052524F523A2045585449204C494E452026
:10F9A000434F4E464C4943542044455445435445E7
:10F9B00044210A00427574746F6E2025642028501B
:10F9C000256325642920616E6420427574746F6E0E
:10F9D00020256420282573203D2050256325642997
:10F9E00020626F74682075736520455854492564FA
:10F9F0000A0000004558504C414E4154494F4E3A80
:10FA00000A000000202053544D33322045585449F9
:10FA1000206C696E65732061726520736861726520
:10FA200064206163726F7373204750494F20706F79
:10FA30007274732E0A00000020204F6E6C79204FE4
:10FA40004E452070696E20706572206E756D62651E
:10FA5000722063616E206265207573656420617336
:10FA600020696E7465727275707420736F7572633D
:10FA7000652E0A0020204578616D706C653A205033
:10FA800041332C205042332C205043332C205044FF
:10FA9000332E2E2E20616C6C2073686172652045B8
:10FAA000585449332E0A0000574841542057494CB6
:10FAB0004C2048415050454E20494620594F552032
:10FAC00049474E4F524520544849533A0A000000D6
:10FAD00020202D20546865204C4153542070696EBD
:10FAE00020285025632564292077696C6C20776F66
:10FAF000726B0A0020202D2054686520464952531D
:10FB0000542070696E202850256325642920776968
:10FB10006C6C204E4F54207472696767657220695F
:10FB20006E74657272757074730A000020202D2047
:10FB3000596F752077696C6C20736565202767683D
:10FB40006F73742720627574746F6E2070726573A2
:10FB50007365730A00000000534F4C5554494F4ED3
:10FB60003A0A000020204368616E6765206F6E6569
:10FB7000206F662074686520636F6E666C696374BD
:10FB8000696E672070696E7320746F2061206469EC
:10FB900066666572656E74206E756D6265722E0A9A
:10FBA0000000000020204578616D706C652066695A
:10FBB0007865733A0A00000020202D204368616EAA
:10FBC000676520502563256420746F2050256325C8
:10FBD000642028455854492564206973206672655D
:10FBE00065290A0043757272656E742062757474BB
:10FBF0006F6E20636F6E66696775726174696F6E90
:10FC00003A0A0000203C2D20434F4E464C494354B5
:10FC100000000000000000002020427574746F6E28
:10FC20002025643A205025632564202845585449EE
:10FC300025642925730A00002020427574746F6EB4
:10FC40002025643A202573202850256325642C2024
:10FC500045585449256429203C2D20434F4E464C9D
:10FC60004943540A00000000427574746F6E2064AA
:10FC700072697665723A20496E697469616C697A55
:10FC8000696E6720636F6E66696775726174696F0C
:10FC90006E0A0000427574746F6E2025643A20501D
:10FCA00043313320286275696C742D696E2C2045B0
:10FCB0005854492564290A004275696C742D696E8F
:10FCC00020656E61626C65642C2065787065637474
:10FCD000696E672025642065787465726E616C209A
:10FCE00070696E730A000000427574746F6E206351
:10FCF0006F6E66696775726174696F6E20636F6D90
:10FD0000706C6574653A20256420627574746F6E3A
:10FD1000730A00005041312C504232004552524F7C
:10FD2000523A20427574746F6E2070696E73206E43
:10FD30006F7420636F6E66696775726564210A006F
:10FD40004578706563746564202564204750494F89
:10FD50002070696E732062757420425554544F4E62
:10FD60005F50494E5320697320656D7074790A00A5
:10FD7000436F6E66696775726520696E3A20426FDF
:10FD80006172642053656C656374696F6E202D3EEB
:10FD900020427574746F6E20436F6E66696775726A
:10FDA0006174696F6E0A00004552524F523A2050FA
:10FDB000696E20636F6E66696775726174696F6ED4
:10FDC00020746F6F206C6F6E672028257A75206213
:10FDD000797465732C206D6178202564290A0000F0
:10FDE0002C20090A0D0000004552524F523A20497A
:10FDF0006E76616C6964204750494F2070696E3A95
:10FE000020222573220A000055736520666F726DEB
:10FE100061743A20504F52542B50494E2028652E81
:10FE2000672E2C2022504130222C20225046313582
:10FE300022290A0056616C696420706F7274733AEB
:10FE40002050412D50482C2056616C696420706907
:10FE50006E733A20302D31350A0000004552524F62
:10FE6000523A204475706C6963617465204750494B
:10FE70004F2070696E3A20222573220A000000008C
:10FE8000546869732070696E20697320616C7265B3
:10FE90006164792075736564206279204275747499
:10FEA0006F6E2025640A00004552524F523A204698
:10FEB00061696C656420746F2064657465726D6936
:10FEC0006E652045585449206C696E6520666F72D6
:10FED00020222573220A0000427574746F6E20255B
:10FEE000643A202573202845585449256429206305
:10FEF0006F6E666967757265642073756363657399
:10FF00007366756C6C790A004552524F523A204222
:10FF10007574746F6E20636F756E74206D69736D88
:10FF200061746368210A00004578706563746564D4
:10FF30003A2025642C20476F743A2025640A00007B
:10FF4000427574746F6E20636F6E66696775726157
:10FF500074696F6E20636F6D706C65746564207377
:10FF600075636365737366756C6C790A00000000D5
:10FF7000546F74616C20627574746F6E733A2025CF
:10FF8000640A00002020425554544F4E20434F4EE7
:10FF900046494755524154494F4E204641494C45E8
:10FFA000440A0000506C65617365206669782074AE
:10FFB0006865206572726F72732061626F7665206A
:10FFC000616E642072656275696C642E0A000000BF
:10FFD0004552524F523A204661696C656420746FF5
:10FFE00020636F6E666967757265204750494F20C0
:10FFF000666F7220627574746F6E2025642028729B
:020000040805ED
:1000000065743D2564290A00427574746F6E20641E
:10001000726976657220696E697469616C697A6566
:10002000643A20256420627574746F6E7320726563
:100030006164790A00000000496E76616C69642091
:10004000627574746F6E204944202564202876619F
:100050006C69643A20302D2564290A0049525120E8
:1000600068616E646C65722072656769737465722D
:10007000656420666F7220627574746F6E202564EB
:100080000A0000004661696C656420746F20726527
:100090006769737465722049525120666F722062DD
:1000A0007574746F6E20256420287265743D256414
:1000B000290A00002E0000002E0000002F00000082
:1000C0002F00000025752E25752E25752E2575000F
:1000D000253032783A253032783A253032783A2550
:1000E0003032783A253032783A25303278000000C4
:1000F000303132333435363738396162636465669E
:100100006768696A6B6C6D6E6F7071727374757607
:100110007778797A000000006469626F75707858AA
:10012000637365456646674761416E2500000000C0
:10013000646F62707858756900000000614166461E
:10014000654567470000000053756E004D6F6E00F7
:1001500054756500576564005468750046726900FF
:100160005361740053756E64617900004D6F6E6465
:100170006179000054756573646179005765646E38
:100180006573646179000000546875727364617905
:100190000000000046726964617900005361747563
:1001A00072646179000000004A616E004665620079
:1001B0004D617200417072004D6179004A756E00A8
:1001C0004A756C0041756700536570004F63740099
:1001D0004E6F7600446563004A616E756172790006
:1001E0004665627275617279000000004D6172634C
:1001F00068000000417072696C0000004A756E650D
:10020000000000004A756C790000000041756775B8
:100210007374000053657074656D62657200000050
:100220004F63746F626572004E6F76656D626572C2
:1002300000000000446563656D62657200000000A7
:100240002573000025303264000000002532640070
:10025000253034642D253032642D25303264000081
:1002600025303464000000002530336400000000B5
:10027000504D0000414D0000706D0000616D0000A8
:10028000253032643A253032643A253032642025F4
:1002900073000000253032643A25303264000000DB
:1002A000256A7500253032643A253032643A2530AB
:1002B0003264000025640000253032642F2530327E
:1002C000642F2530346400002B2530346400000096
:1002D000480105084C0105085001050854010508AE
:1002E000580105085C01050860010508640105085E
:1002F0006C010508740105087C01050888010508E2
:10030000940105089C010508A8010508AC01050831
:10031000B0010508B4010508B8010508BC010508CD
:10032000C0010508C4010508C8010508CC0105087D
:10033000D0010508D4010508D8010508E001050829
:10034000EC010508F4010508B8010508FC010508E1
:10035000040205080C02050814020508200205081D
:1003600028020508340205081F0000001C000000D8
:100370001F0000001E0000001F0000001E00000003
:100380001F0000001F0000001E0000001F000000F2
:100390001E0000001F0000001F0000001D000000E4
:1003A0001F0000001E0000001F0000001E000000D3
:1003B0001F0000001F0000001E0000001F000000C2
:1003C0001E0000001F000000505744002F000000D6
:1003D000505744002F0000004F4C44505744000039
:1003E0000A00000064000000E8030000102700007D
:1003F000A086010040420F008096980000E1F505BC
:10040000696E66696E697479000000006E616E0045
:100410002531327A7525397A75252A700A0000004F
:100420004D656D64756D70206D656D706F6F6C0AD4
:10043000000000004D656D64756D70206C65616B2A
:100440000A000000414C4C00556E6B6E6F776E00D9
:100450004D656D64756D70207461736B2025730A32
:10046000000000003C6E6F6E616D653E0000000094
:100470004D656D64756D70207461736B207374616C
:10048000636B5F616C6C6F635F7074723A20257090
:100490002C2061646A5F737461636B5F73697A6552
:1004A0003A20257A752C206E616D653A2025730AF5
:1004B0000000000044756D7020616C6C20667265F0
:1004C00065206D656D6F7279206E6F646520696E51
:1004D000666F0A004D656D64756D702062696767AF
:1004E00065737420616C6C6F636174656420746FF4
:1004F000702025640A00000044756D7020616C6CEA
:100500006F6361746564206F727068616E206E6FD6
:100510006465730A000000004F7665726865616467
:100520000000000053697A65000000002531327335
:10053000253973252A730A00416464726573730058
:10054000546F74616C2053697A650000546F746154
:100550006C20426C6B73000025313273253132738D
:100560000A00000025313264253132640A0000009F
:1005700070726F636573736F72093A2025640A00A5
:10058000426F676F4D495053093A2025752E25302B
:1005900032750A00637075204D487A09093A2025A2
:1005A000752E253033750A00466561747572657362
:1005B000093A0000202573202573000066617374DA
:1005C0006D756C740000000068616C6600000000CE
:1005D00020257300737770006964697674000000E9
:1005E0007468756D6200000065647370000000003F
:1005F0006C706165000000002025732025732025A4
:1006000073000000766670763364313600000000B7
:1006100066707370000000006670763500000000A0
:1006200066706470000000000A6D6F64656C206E77
:10063000616D65093A2025732072657620256C78F6
:1006400020282573290A4350552061726368697414
:100650006563747572653A2025730A00374D000092
:1006600076376D6C0000000041524D76372D4D00FD
:1006700043505520696D706C656D656E74657209C7
:100680003A2030782530326C780A43505520766114
:100690007269616E74093A203078256C780A43508B
:1006A000552070617274093A2030782530336C78A7
:1006B0000A435055207265766973696F6E093A2056
:1006C000256C750A0A0000007000740078007C0038
:1006D00008000C001000140018001C00200024006A
:1006E00080000000840088008C0000003000400082
:1006F000340000006C006400A0001100C80605086A
:1007000000000000627574746F6E730063616E6444
:10071000756D700063616E73656E640064640000E3
:10072000666200006770696F0000000068656C6CAD
:100730006F0000006C656473000000006E73680059
:10074000706F7369785F737464696F00726669644F
:100750005F72656164756964000000007368000081
:10076000746370636C69656E740000007564707307
:1007700065727665720000000407050864000000D9
:100780000008000029B603080C07050864000000F3
:1007900000080000699003081407050864000000C1
:1007A00000080000B1A403081C070508640000004D
:1007B00000080000D9D203082007050864000000E3
:1007C0000008000015BF03082407050864000000A6
:1007D0000008000031C403082C070508640000006D
:1007E00000080000B1CA03083407050864000000CF
:1007F00000080000EDCC03083C0705086400000079
:100800000008000075640108400705086400000046
:100810000008000091CD03084C07050864000000A3
:1008200000080000F1CD03085C0705086400000023
:100830000008000081D90308600705086400000073
:100840000008000099CE03086C070508640000004A
:1008500000080000B7CE0308000000000000000000
:1008600000000000000000000F0000001B5B316D65
:100870001B5B33346D000000000000000000001B13
:100880005B316D1B5B33316D000000000000000028
:1008900000001B5B316D1B5B33326D0000000000FC
:1008A00000000000001B5B316D0000000000000034
:1008B00000000000000000001B5B316D1B5B333546
:1008C0006D000000000000000000001B5B316D1B8C
:1008D0005B33366D000000000000000000000000E7
:1008E0001B5B306D00000000010000007C2F2D5CC0
:1008F0002D202D0042202D002D20450042204500B6
:100900002573202D2064756D702043414E20627543
:100910007320747261666669632E0A000A557361FA
:1009200067653A202573205B6F7074696F6E735D25
:10093000203C43414E20696E746572666163653E7A
:100940002B0A0000202028757365204354524C2D3B
:100950004320746F207465726D696E617465202523
:1009600073290A0A000000004F7074696F6E733AB1
:100970000A0000002020202020202020202D74208C
:100980003C747970653E2020202874696D6573740D
:10099000616D703A2028612962736F6C7574652FE0
:1009A000286429656C74612F287A2965726F2F2855
:1009B000412962736F6C757465207720646174657A
:1009C000290A00002020202020202020202D48203F
:1009D00020202020202020202028726561642068AB
:1009E000617264776172652074696D657374616D9D
:1009F000707320696E7374656164206F662073790B
:100A00007374656D2074696D657374616D7073299D
:100A10000A0000002020202020202020202D6320FC
:100A200020202020202020202028696E6372656D00
:100A3000656E7420636F6C6F72206D6F6465206CDF
:100A40006576656C290A00002020202020202020C7
:100A5000202D6920202020202020202020286269AD
:100A60006E617279206F7574707574202D206D61C0
:100A70007920657863656564203830206368617229
:100A8000732F6C696E65290A000000002020202069
:100A900020202020202D6120202020202020202008
:100AA0002028656E61626C65206164646974696F99
:100AB0006E616C204153434949206F7574707574A1
:100AC000290A00002020202020202020202D532033
:100AD0002020202020202020202873776170206291
:100AE000797465206F7264657220696E2070726916
:100AF0006E7465642043414E20646174615B5D20C7
:100B00002D206D61726B65642077697468202725DC
:100B1000632720290A0000002020202020202020F8
:100B2000202D73203C6C6576656C3E20202873690F
:100B30006C656E74206D6F6465202D2025643A20ED
:100B40006F6666202864656661756C74292025646B
:100B50003A20616E696D6174696F6E2025643A2078
:100B600073696C656E74290A000000002020202043
:100B700020202020202D6C2020202020202020201C
:100B800020286C6F672043414E2D6672616D65733E
:100B900020696E746F2066696C652E2053657473CE
:100BA00020272D73202564272062792064656661E3
:100BB000756C74290A0000002020202020202020AD
:100BC000202D4C202020202020202020202875733C
:100BD00065206C6F672066696C6520666F726D6159
:100BE00074206F6E207374646F7574290A0000009E
:100BF0002020202020202020202D6E203C636F7597
:100C00006E743E2020287465726D696E6174652073
:100C1000616674657220726563657074696F6E20B9
:100C20006F66203C636F756E743E2043414E2066B4
:100C300072616D6573290A00202020202020202069
:100C4000202D72203C73697A653E20202028736530
:100C50007420736F636B6574207265636569766574
:100C60002062756666657220746F203C73697A65D0
:100C70003E290A002020202020202020202D442052
:100C800020202020202020202028446F6E27742040
:100C900065786974206966206120226465746563E3
:100CA000746564222063616E2064657669636520E3
:100CB000676F657320646F776E2E0A0020202020F6
:100CC00020202020202D64202020202020202020D3
:100CD00020286D6F6E69746F722064726F7070651A
:100CE000642043414E206672616D6573290A0000DD
:100CF0002020202020202020202D652020202020A2
:100D000020202020202864756D702043414E2065EE
:100D100072726F72206672616D657320696E2068F1
:100D2000756D616E2D7265616461626C6520666FC0
:100D3000726D6174290A00002020202020202020CC
:100D4000202D782020202020202020202028707294
:100D5000696E74206578747261206D657373616764
:100D60006520696E666F732C2072782F747820620C
:100D7000727320657369290A00000000202020207A
:100D800020202020202D54203C6D736563733E206D
:100D900020287465726D696E617465206166746582
:100DA00072203C6D736563733E20776974686F755C
:100DB0007420616E7920726563657074696F6E2945
:100DC0000A000000557020746F2025642043414EB6
:100DD00020696E74657266616365732077697468F3
:100DE000206F7074696F6E616C2066696C746572D7
:100DF00020736574732063616E2062652073706573
:100E00006369666965640A006F6E207468652063B3
:100E10006F6D6D616E646C696E6520696E207468BB
:100E20006520666F726D3A203C69666E616D653E45
:100E30005B2C66696C7465725D2A0A000A46696CEF
:100E4000746572733A0A00002020436F6D6D612053
:100E50007365706172617465642066696C74657233
:100E6000732063616E2062652073706563696669D3
:100E7000656420666F7220656163682067697665C6
:100E80006E2043414E20696E746572666163653AF7
:100E90000A000000202020203C63616E5F69643EF0
:100EA0003A3C63616E5F6D61736B3E0A20202020C7
:100EB0002020202020286D61746368657320776886
:100EC000656E203C72656365697665645F63616E1B
:100ED0005F69643E2026206D61736B203D3D206379
:100EE000616E5F69642026206D61736B290A0000C2
:100EF000202020203C63616E5F69643E7E3C63611C
:100F00006E5F6D61736B3E0A202020202020202020
:100F100020286D617463686573207768656E203C76
:100F200072656365697665645F63616E5F69643E7F
:100F30002026206D61736B20213D2063616E5F6907
:100F4000642026206D61736B290A00002020202078
:100F5000233C6572726F725F6D61736B3E0A202075
:100F60002020202020202028736574206572726F55
:100F700072206672616D652066696C7465722C20E2
:100F800073656520696E636C7564652F6C696E7539
:100F9000782F63616E2F6572726F722E68290A0056
:100FA000202020205B6A7C4A5D0A2020202020200F
:100FB000202020286A6F696E207468652067697632
:100FC000656E2043414E2066696C74657273202DF6
:100FD000206C6F676963616C20414E442073656DBE
:100FE000616E746963290A000A43414E20494473C3
:100FF0002C206D61736B7320616E64206461746179
:1010000020636F6E74656E74206172652067697607
:10101000656E20616E642065787065637465642018
:10102000696E2068657861646563696D616C2076BE
:10103000616C7565732E0A005768656E207468656B
:101040002063616E5F69642069732038206469677A
:10105000697473206C6F6E67207468652043414E1D
:101060005F4546465F464C4147206973207365746F
:1010700020666F722032392062697420454646200E
:10108000666F726D61742E0A000000005769746803
:101090006F757420616E7920676976656E20666968
:1010A0006C74657220616C6C20646174612066727E
:1010B000616D65732061726520726563656976652F
:1010C00064202827303A30272064656661756C7487
:1010D0002066696C746572292E0A0000616E7900C1
:1010E0000A55736520696E74657266616365206E6A
:1010F000616D65202725732720746F2072656365F5
:101100006976652066726F6D20616C6C2043414E7C
:1011100020696E74657266616365732E0A00000053
:101120000A4578616D706C65733A0A002573202D4D
:1011300063202D63202D74612063616E302C313269
:10114000333A3746462C3430303A3730302C23305F
:10115000303030303046462063616E322C343030CF
:101160007E3746302063616E332063616E380A0A31
:10117000000000002573202D6C20616E792C307EDC
:10118000302C2346464646464646460A2020202026
:101190002020202020286C6F67206F6E6C792065DE
:1011A00072726F72206672616D6573206275742051
:1011B0006E6F2821292064617461206672616D65FB
:1011C00073290A002573202D6C20616E792C303A2A
:1011D000302C2346464646464646460A20202020D6
:1011E0002020202020286C6F67206572726F72208B
:1011F0006672616D657320616E6420616C736F202F
:10120000616C6C2064617461206672616D65732924
:101210000A0000002573207663616E322C31323370
:1012200034353637383A44464646464646460A201E
:101230002020202020202020286D61746368206FEA
:101240006E6C7920666F7220657874656E64656473
:101250002043414E2049442031323334353637382B
:10126000290A00002573207663616E322C313233F7
:101270003A3746460A202020202020202020286DB2
:101280006174636865732043414E204944203132C4
:1012900033202D20696E636C7564696E6720454646
:1012A0004620616E6420525452206672616D6573EF
:1012B000290A00002573207663616E322C313233A7
:1012C0003A43303030303746460A20202020202054
:1012D000202020286D6174636865732043414E208F
:1012E000494420313233202D206F6E6C79205346D3
:1012F0004620616E64206E6F6E2D525452206672CD
:10130000616D6573290A0000496E746572666163D8
:101310006520696E646578206361636865206F6E1F
:101320006C7920737570706F7274732025642069F6
:101330006E74657266616365732E0A0053494F438C
:101340004749464E414D450025733A20756E6B6EF8
:101350006F776E2074696D657374616D70206D6F49
:1013600064652027256327202D2069676E6F7265CD
:10137000640A0000743A4863696153733A6C4464C8
:10138000784C6E3A723A6865543A3F004C6F672069
:1013900066696C6520666F726D61742073656C653B
:1013A000637465643A20506C656173652064697389
:1013B00061626C652041534349492F42494E415275
:1013C000592F53574150206F7074696F6E73210A03
:1013D0000000000044697361626C6564207374618D
:1013E0006E64617264206F757470757420776869BB
:1013F0006C65206C6F6767696E672E0A00000000DD
:101400004D6F7265207468616E2025642043414EE3
:10141000206465766963657320676976656E206F01
:101420006E20636F6D6D616E646C696E65210A007C
:10143000736F636B657400006E616D65206F66206D
:1014400043414E2064657669636520272573272014
:10145000697320746F6F206C6F6E67210A00000043
:1014600053494F43474946494E4445580000000000
:101470004661696C656420746F2063726561746590
:101480002066696C746572207370616365210A005F
:10149000256C783A256C7800256C787E256C780070
:1014A00023256C78000000004572726F7220696E0F
:1014B0002066696C746572206F7074696F6E20703D
:1014C000617273696E673A20272573270A0000004E
:1014D000736574736F636B6F70742043414E5F521A
:1014E00041575F4A4F494E5F46494C54455253203D
:1014F0006E6F7420737570706F727465642062799A
:1015000020796F7572204C696E7578204B65726E0C
:10151000656C0000736574736F636B6F7074205338
:101520004F5F524356425546000000006765747392
:101530006F636B6F707420534F5F52435642554632
:101540000000000054686520736F636B657420723F
:101550006563656976652062756666657220736984
:101560007A65207761732061646A7573746564209D
:1015700064756520746F202F70726F632F73797399
:101580002F6E65742F636F72652F726D656D5F6D61
:1015900061782E0A00000000736574736F636B6FCF
:1015A000707420534F5F54494D455354414D504939
:1015B0004E47206973206E6F7420737570706F7260
:1015C00074656420627920796F7572204C696E753C
:1015D00078206B65726E656C000000007365747333
:1015E0006F636B6F707420534F5F54494D45535474
:1015F000414D5000736574736F636B6F707420534B
:101600004F5F5258515F4F56464C206E6F74207397
:101610007570706F7274656420627920796F75726D
:10162000204C696E7578204B65726E656C00000009
:1016300062696E640000000074696D65000000005E
:1016400063616E64756D702D253034642D253032E4
:10165000642D253032645F253032642530326425B4
:101660003032642E6C6F67005761726E696E673A34
:1016700020436F6E736F6C65206F75747075742086
:10168000616374697665207768696C65206C6F6743
:1016900067696E67210A0000456E61626C696E675A
:1016A000204C6F6766696C6520272573270A000048
:1016B000770000006C6F6766696C650025733A20DF
:1016C000696E7465726661636520646F776E0A0087
:1016D0007265616400000000726561643A20696EA1
:1016E000636F6D706C6574652043414E2066726156
:1016F0006D650A00730000000000000044524F5066
:10170000434F554E543A2064726F707065642025C3
:101710006C642043414E206672616D652573206FB5
:101720006E202725732720736F636B6574202874E0
:101730006F74616C2064726F707320256C64290A69
:101740000000000028253031306A752E2530366CB7
:10175000642920252A732025730A000025630800C8
:101760002025730028253031306A752E2530366CDF
:101770006429200025592D256D2D25642025483A02
:10178000254D3A25530000002825732E2530366C50
:1017900064292000282530336A752E2530366C6484
:1017A00029200000252A730020205458202573008A
:1017B00020205258202573002573202000000000AF
:1017C000257300002573202D2073656E642043412E
:1017D0004E2D6672616D6573207669612043414EBE
:1017E0005F52415720736F636B6574732E0A00005C
:1017F0000A55736167653A202573203C64657669F4
:1018000063653E203C63616E5F6672616D653E2E6E
:101810000A0000000A3C63616E5F6672616D653E9E
:101820003A0A0000203C63616E5F69643E237B647A
:101830006174617D20202020202020202020666FE0
:10184000722027636C6173736963272043414E20C4
:10185000322E302064617461206672616D65730A96
:1018600000000000203C63616E5F69643E23527B90
:101870006C656E7D20202020202020202020666F97
:10188000722027636C6173736963272043414E2084
:10189000322E302064617461206672616D65730A56
:1018A00000000000203C63616E5F69643E23233CBE
:1018B000666C6167733E7B646174617D2020666F36
:1018C000722043414E204644206672616D65730A62
:1018D0000A0000003C63616E5F69643E3A0A20338F
:1018E000202853464629206F722038202845464636
:1018F00029206865782063686172730A000000001F
:101900007B646174617D3A0A20302E2E38202830A5
:101910002E2E36342043414E204644292041534345
:101920004949206865782D76616C75657320286F4C
:101930007074696F6E616C6C79207365706172612F
:1019400074656420627920272E27290A0000000090
:101950007B6C656E7D3A0A20616E206F7074696FD2
:101960006E616C20302E2E382076616C756520619A
:101970007320525452206672616D65732063616EEC
:1019800020636F6E7461696E20612076616C69649A
:1019900020646C63206669656C640A003C666C6157
:1019A00067733E3A0A20612073696E676C65204157
:1019B00053434949204865782076616C7565202835
:1019C00030202E2E204629207768696368206465C0
:1019D00066696E65732063616E66645F6672616DD1
:1019E000652E666C6167730A0A0000004578616DB8
:1019F000706C65733A0A0000202035413123313183
:101A00002E323233332E34343535363637372E389E
:101A100038202F2031323323444541444245454646
:101A2000202F2035414123202F20313233232331F1
:101A3000202F2032313323233331313232333334C8
:101A400034202F0A202031463333343435352331C6
:101A5000313232333334343535363637373838204F
:101A60002F203132332352202F203030303030318C
:101A700032332352330A0A000A57726F6E672043CB
:101A8000414E2D6672616D6520666F726D617421C5
:101A90000A0A0000736F636B6574000069665F6E0D
:101AA000616D65746F696E646578000053494F43DA
:101AB0004749464D5455000043414E20696E7465B8
:101AC0007266616365206973206E6F742043414EB6
:101AD0002046442063617061626C65202D20736F25
:101AE0007272792E000000006572726F7220776842
:101AF000656E20656E61626C696E672043414E20A1
:101B0000464420737570706F7274000062696E6471
:101B100000000000777269746500000030313233D4
:101B200034353637383941424344454600000000D9
:101B30000001020304050607080C101418203040A9
:101B4000000102030405060708090909090A0A0A2F
:101B50000A0B0B0B0B0C0C0C0C0D0D0D0D0D0D0DC4
:101B60000D0E0E0E0E0E0E0E0E0E0E0E0E0E0E0E96
:101B70000E0F0F0F0F0F0F0F0F0F0F0F0F0F0F0F76
:101B80000F0000000A0900000A0925730000000088
:101B90002072656D6F746520726571756573740070
:101BA0004552524F524652414D450000252A73007E
:101BB000600000002700000074782D74696D656F67
:101BC000757400006C6F73742D6172626974726158
:101BD00074696F6E00000000636F6E74726F6C6CDE
:101BE00065722D70726F626C656D000070726F743B
:101BF0006F636F6C2D76696F6C6174696F6E000036
:101C00007472616E736365697665722D7374617445
:101C1000757300006E6F2D61636B6E6F776C65641A
:101C200067656D656E742D6F6E2D74780000000011
:101C30006275732D6F6666006275732D6572726FC3
:101C4000720000007265737461727465642D616660
:101C50007465722D6275732D6F66660072782D6FD4
:101C6000766572666C6F770074782D6F7665726634
:101C70006C6F770072782D6572726F722D7761725A
:101C80006E696E670000000074782D6572726F7265
:101C90002D7761726E696E670000000072782D65A5
:101CA00072726F722D706173736976650000000047
:101CB00074782D6572726F722D70617373697665B9
:101CC000000000006261636B2D746F2D6572726F8E
:101CD000722D6163746976650000000073696E6738
:101CE0006C652D6269742D6572726F720000000060
:101CF0006672616D652D666F726D61742D657272AD
:101D00006F7200006269742D7374756666696E6720
:101D10002D6572726F72000074782D646F6D696E3C
:101D2000616E742D6269742D6572726F72000000AD
:101D300074782D7265636573736976652D62697455
:101D40002D6572726F7200006275732D6F76657209
:101D50006C6F6164000000006163746976652D65D5
:101D600072726F72000000006572726F722D6F6E7A
:101D70002D747800756E73706563696669656400BB
:101D800069642E32382D746F2D69642E3231000053
:101D900073746172742D6F662D6672616D650000DB
:101DA0006269742D73727472000000006269742D90
:101DB0006964650069642E32302D746F2D69642E5C
:101DC0003138000069642E31372D746F2D69642E0F
:101DD000313300006372632D73657175656E6365E1
:101DE0000000000072657365727665642D62697427
:101DF0002D300000646174612D6669656C640000BB
:101E0000646174612D6C656E6774682D636F6465C1
:101E1000000000006269742D72747200726573654F
:101E2000727665642D6269742D31000069642E3408
:101E30002D746F2D69642E300000000069642E310E
:101E4000322D746F2D69642E350000006163746952
:101E500076652D6572726F722D666C616700000089
:101E6000696E7465726D697373696F6E000000004E
:101E7000746F6C65726174652D646F6D696E616EEF
:101E8000742D626974730000706173736976652DD7
:101E90006572726F722D666C616700006572726F99
:101EA000722D64656C696D69746572006372632D6F
:101EB00064656C696D6974657200000061636B6EC6
:101EC0006F776C656467652D736C6F74000000003C
:101ED000656E642D6F662D6672616D650000000091
:101EE00061636B6E6F776C656467652D64656C69A3
:101EF0006D697465720000006F7665726C6F616465
:101F00002D666C61670000002C0000002573000046
:101F10007B6174206269742025647D007B00000071
:101F20007D0000007B7B00007D7B00007D7D00004C
:101F30004572726F7220636C6173732025236A7817
:101F400020697320696E76616C69640A0000000084
:101F50006572726F722D636F756E7465722D747811
:101F60002D72787B7B25647D7B25647D7D00000060
:101F7000627574746F6E5F6461656D6F6E3A205246
:101F8000756E6E696E6700002F6465762F627574DA
:101F9000746F6E7300000000627574746F6E5F641E
:101FA00061656D6F6E3A204F70656E696E672025B2
:101FB000730A0000627574746F6E5F6461656D6FA3
:101FC0006E3A204552524F523A204661696C656420
:101FD00020746F206F70656E2025733A2025640A87
:101FE00000000000627574746F6E5F6461656D6FF0
:101FF0006E3A204552524F523A20696F63746C28F2
:1020000042544E494F435F535550504F52544544EC
:1020100029206661696C65643A2025640A00000025
:10202000627574746F6E5F6461656D6F6E3A205394
:102030007570706F7274656420425554544F4E73BE
:102040002030782530386C780A000000627574748E
:102050006F6E5F6461656D6F6E3A204552524F52EC
:102060003A20696F63746C2842544E494F435F5263
:102070004547495354455229206661696C65643A65
:102080002025640A00000000627574746F6E5F643E
:1020900061656D6F6E3A204552524F523A20736916
:1020A0006777616974696E666F2829206661696C5B
:1020B00065643A2025640A0053616D706C65203DAB
:1020C0002030782530386C780A000000627574740E
:1020D0006F6E5F6461656D6F6E3A205465726D69F5
:1020E0006E6174696E670000627574746F6E735F01
:1020F0006D61696E3A205374617274696E67207401
:10210000686520627574746F6E5F6461656D6F6E73
:1021100000000000627574746F6E735F6D61696EAC
:102120003A20627574746F6E5F6461656D6F6E20C6
:10213000616C72656164792072756E6E696E67009C
:10214000627574746F6E5F6461656D6F6E00000020
:10215000627574746F6E735F6D61696E3A2045527B
:10216000524F523A204661696C656420746F207347
:102170007461727420627574746F6E5F6461656DF2
:102180006F6E3A2025640A00627574746F6E735F17
:102190006D61696E3A20627574746F6E5F6461651B
:1021A0006D6F6E2073746172746564002F64657660
:1021B0002F66623000000000EE82EE00FF0000009B
:1021C00000FF000000FFFF0000A5FF000000FF006F
:1021D0001DEC1F00E007E0FF20FD00F8F3031CFCEE
:1021E000F8E000004552524F523A20696F63746C18
:1021F000284642494F4745545F504C414E45494E51
:10220000464F29206661696C65643A2025640A009E
:10221000506C616E65496E666F2028706C616E65EA
:10222000202564293A0A00002020202066626D657E
:102230006D3A2025700A00002020202066626C651F
:102240006E3A20257A750A00202020737472696422
:10225000653A2025750A00002020646973706C615E
:10226000793A2025750A0000202020202020627065
:10227000703A2025750A00004552524F523A2062AA
:1022800070703D2575206E6F7420737570706F725D
:102290007465640A000000004552524F523A2066AD
:1022A000626D656D3220697320696E636F7272654D
:1022B00063740A004552524F523A204974206973A0
:1022C0002064657465637465642074686174206259
:1022D00075665F6F66667365742825752920616E63
:1022E00064207374726964652825642920617265AD
:1022F000206E6F7420646976697369626C652C2046
:10230000706C6561736520656E73757265207468A5
:1023100061742074686520647269766572206861F2
:102320006E646C65732074686520616464726573A3
:1023300073206F66667365742062792069747365B3
:102340006C662E0A0000000055736520636F6E7383
:10235000656375746976652066626D656D32203DD2
:102360002025702C20796F6666736574203D2025CA
:102370006C750A00557365206E6F6E2D636F6E73FA
:10238000656375746976652066626D656D32203DA2
:102390002025702C20796F6666736574203D20259A
:1023A0006C750A004552524F523A20696F63746C43
:1023B000284642494F5F55504441544529206661A3
:1023C000696C65643A2025640A0000004552524F4A
:1023D000523A2053696E676C6520617267756D654E
:1023E0006E742072657175697265640A0000000080
:1023F00055534147453A202573205B3C66622D6466
:1024000072697665722D706174683E5D0A00000025
:102410004552524F523A204661696C656420746F90
:10242000206F70656E2025733A2025640A00000035
:102430004552524F523A20696F63746C28464249A4
:102440004F4745545F564944454F494E464F292012
:102450006661696C65643A2025640A0056696465A2
:102460006F496E666F3A0000202020202020666DA4
:10247000743A2025750A00002020202020787265FB
:10248000733A2025750A00002020202020797265EB
:10249000733A2025750A000020206E706C616E650D
:1024A000733A2025750A00004552524F523A206D6A
:1024B0006D61702829206661696C65643A20256425
:1024C0000A0000004D61707065642046423A202584
:1024D000700A00002532643A20282533642C253305
:1024E000642920282533642C253364290A00000040
:1024F000546573742066696E6973686564000000D2
:1025000055534147453A202573205B2D74203C707C
:10251000696E747970653E5D205B2D77203C736930
:10252000676E6F3E5D205B2D6F203C76616C75653C
:102530003E5D203C6472697665722D706174683E00
:102540000A000000202020202020202573202D6854
:102550000A00000057686572653A0A00093C647217
:10256000697665722D706174683E3A205468652002
:1025700066756C6C207061746820746F2074686577
:10258000204750494F2070696E20647269766572E9
:102590002E0A0000092D74203C70696E74797065F4
:1025A0003E3A20204368616E67652074686520703C
:1025B000696E20746F20746869732070696E747915
:1025C00070652028302D3130293A0A00092D7720F6
:1025D0003C7369676E6F3E3A202020205761697412
:1025E00020666F722061207369676E616C20696676
:1025F000207468697320697320616E20696E746548
:1026000072727570742070696E2E0A00092D6F2029
:102610003C76616C75653E3A2020202057726974C3
:102620006520746869732076616C75652028302098
:102630006F7220312920696620746869732069737C
:1026400020616E206F75747075742070696E2E0A2B
:1026500000000000092D683A205072696E742074E1
:1026600068697320757361676520696E666F726D46
:102670006174696F6E20616E6420657869742E0ADA
:102680000000000050696E74797065733A0A0000AA
:102690000920303A204750494F5F494E5055545F0A
:1026A00050494E0A000000000920313A20475049A5
:1026B0004F5F494E5055545F50494E5F50554C4CFA
:1026C00055500A000920323A204750494F5F494E81
:1026D0005055545F50494E5F50554C4C444F574EE7
:1026E0000A0000000920333A204750494F5F4F55F8
:1026F000545055545F50494E0A0000000920343AA6
:10270000204750494F5F4F55545055545F50494EE4
:102710005F4F50454E445241494E0A000920353A18
:10272000204750494F5F494E544552525550545FCF
:1027300050494E0A000000000920363A204750490F
:102740004F5F494E544552525550545F484947488F
:102750005F50494E0A0000000920373A204750498F
:102760004F5F494E544552525550545F4C4F575F3E
:1027700050494E0A000000000920383A20475049CD
:102780004F5F494E544552525550545F5249534938
:102790004E475F50494E0A000920393A20475049B8
:1027A0004F5F494E544552525550545F46414C4C30
:1027B000494E475F50494E0A000000000931303A47
:1027C000204750494F5F494E544552525550545F2F
:1027D000424F54485F50494E0A0000000931313AD7
:1027E000204750494F5F494E544552525550545F0F
:1027F00050494E5F57414B4555500A000931323A16
:10280000204750494F5F494E544552525550545FEE
:10281000484947485F50494E5F57414B4555500A1C
:10282000000000000931333A204750494F5F494EBC
:10283000544552525550545F4C4F575F50494E5F6C
:1028400057414B4555500A000931343A2047504909
:102850004F5F494E544552525550545F5249534967
:102860004E475F50494E5F57414B4555500A000057
:102870000931353A204750494F5F494E544552522D
:102880005550545F46414C4C494E475F50494E5F4E
:1028900057414B4555500A000931363A20475049B7
:1028A0004F5F494E544552525550545F424F544821
:1028B0005F50494E5F57414B4555500A000000009C
:1028C0004552524F523A204D697373696E672072B8
:1028D0006571756972656420617267756D656E7486
:1028E000730A00002D6800002D7400004552524FFD
:1028F000523A204D697373696E6720617267756D16
:10290000656E7420746F202D740A00004552524F7A
:10291000523A204D697373696E67207265717569EB
:10292000726564203C6472697665722D70617468AA
:102930003E0A00002D7700004552524F523A204D7A
:10294000697373696E6720617267756D656E742057
:10295000746F202D770A00002D6F00004552524FF2
:10296000523A204D697373696E6720617267756DA5
:10297000656E7420746F202D6F0A00003000000017
:10298000310000004552524F523A20496E76616C38
:10299000696420617267756D656E7420746F202D97
:1029A0006F0A00004472697665723A2025730A0046
:1029B0004552524F523A204661696C656420746FEB
:1029C000206F70656E2025733A2025640A00000090
:1029D0004552524F523A204661696C656420746FCB
:1029E000207365742070696E74797065206F6E2035
:1029F00025733A2025640A004552524F523A204628
:102A000061696C656420746F20726561642070690F
:102A10006E747970652066726F6D2025733A20257B
:102A2000640A00004552524F523A204661696C6573
:102A30006420746F20726561642076616C75652016
:102A400066726F6D2025733A2025640A000000002D
:102A50002020496E7075742070696E3A2020202005
:102A60002056616C75653D25750A00002020496E71
:102A70007075742070696E202870756C6C2D75707F
:102A8000293A202020202056616C75653D25750A65
:102A9000000000002020496E7075742070696E205F
:102AA0002870756C6C2D646F776E293A2020202079
:102AB0002056616C75653D25750A000020204F7514
:102AC000747075742070696E3A2020202056616CF5
:102AD00075653D25750A0000202057726974696E7E
:102AE000673A2020202020202056616C75653D2506
:102AF000750A00004552524F523A204661696C6592
:102B00006420746F2077726974652076616C7565D6
:102B10002025752066726F6D2025733A2025640A82
:102B2000000000004552524F523A204661696C65E0
:102B30006420746F2072652D726561642076616C0B
:102B400075652066726F6D2025733A2025640A0032
:102B500020205665726966793A20202020202020A6
:102B60002056616C75653D25750A00002020496E70
:102B7000746572727570742070696E3A2056616C5B
:102B800075653D25750A00004552524F523A204660
:102B900061696C656420746F20736574757020665C
:102BA0006F72207369676E616C2066726F6D20258D
:102BB000733A2025640A000020205B466976652070
:102BC0007365636F6E642074696D656F75742077CB
:102BD000697468206E6F207369676E616C5D0000B8
:102BE0004552524F523A204661696C656420746FB9
:102BF0002077616974207369676E616C2025642099
:102C000066726F6D2025733A2025640A000000006B
:102C10004552524F523A20556E7265636F676E6926
:102C20007A65642070696E747970653A2025640A4B
:102C30000000000048656C6C6F2C20576F726C644C
:102C4000212100005349475445524D207265636568
:102C500069766564000000006C65645F6461656DA1
:102C60006F6E3A205465726D696E617465642E00F2
:102C70000A7369677465726D5F616374696F6E3A38
:102C8000205265636569766564207369676E6F3D80
:102C9000256420736967696E666F3D2570206172D7
:102CA000673D25700A0000004661696C6564207408
:102CB0006F20696E7374616C6C20534947544552A0
:102CC0004D2068616E646C65722C206572726E6F47
:102CD0003D25640A000000000A6C65645F6461655C
:102CE0006D6F6E202870696423202564293A205274
:102CF000756E6E696E670A002F6465762F75736551
:102D0000726C6564730000006C65645F6461656D7E
:102D10006F6E3A204F70656E696E672025730A00EA
:102D20006C65645F6461656D6F6E3A204552524F09
:102D3000523A204661696C656420746F206F70653B
:102D40006E2025733A2025640A0000006C65645FDC
:102D50006461656D6F6E3A204552524F523A206958
:102D60006F63746C28554C4544494F435F5355502D
:102D7000504F5254454429206661696C65643A207D
:102D800025640A006C65645F6461656D6F6E3A204E
:102D9000537570706F72746564204C4544732030B5
:102DA00078253032780A00006C65645F6461656D77
:102DB0006F6E3A204C45442073657420307825307E
:102DC00032780A006C65645F6461656D6F6E3A20ED
:102DD0005465726D696E6174696E67006C656473C9
:102DE0005F6D61696E3A205374617274696E672019
:102DF000746865206C65645F6461656D6F6E00006A
:102E00006C6564735F6D61696E3A206C65645F64C4
:102E100061656D6F6E20616C726561647920727599
:102E20006E6E696E670000006C65645F6461656D5D
:102E30006F6E00006C6564735F6D61696E3A20456A
:102E400052524F523A204661696C656420746F207B
:102E50007374617274206C65645F6461656D6F6E1C
:102E60003A2025640A0000006C6564735F6D616937
:102E70006E3A206C65645F6461656D6F6E2073747B
:102E8000617274656400000048656C6C6F2C204EA4
:102E9000757474582075736572732C2077656C6334
:102EA0006F6D652121210A002F6465762F636F6E97
:102EB000736F6C65000000004661696C6564207486
:102EC0006F206F70656E20636F6E736F6C650A00A4
:102ED0002F6465762F726669643000004661696C04
:102EE000656420746F206F70656E2025730A000082
:102EF000547279696E6720746F20524541443A20BC
:102F000000000000524649442043415244205549A4
:102F100044203D2025730A004361726420697320B8
:102F20006E6F742070726573656E7421000000000E
:102F3000556E6B6E6F776E206572726F7221000036
:102F40006464000025733A206661696C65642074CE
:102F50006F2077726974653A2025730A00000000BB
:102F600025733A206661696C656420746F20726510
:102F700061643A2025730A0025733A206661696C02
:102F8000656420746F206F70656E20272573273A63
:102F90002025730A0000000025733A206661696CE1
:102FA000656420746F20696E6664206C7365656B60
:102FB0003A2025730A00000025733A206661696C87
:102FC000656420746F206F75746664206C7365652A
:102FD0006B3A2025730A000025733A206661696CFC
:102FE000656420746F206F75746664207265616417
:102FF0003A2025640A000000696E66696C652073DA
:103000006563746F72202564000000000A6F757498
:1030100066696C6520736563746F722025640000B7
:1030200025733A206661696C656420746F2064645E
:10303000207665726966793A2025640A00000000EE
:1030400075736167653A0A0020202573205B696605
:103050003D3C696E66696C653E5D205B6F663D3C1C
:103060006F757466696C653E5D205B62733D3C7391
:1030700065637473697A653E5D205B636F756E741A
:103080003D3C736563746F72733E5D205B736B6967
:10309000703D3C736563746F72733E5D205B736556
:1030A000656B3D3C736563746F72733E5D205B7648
:1030B00065726966795D205B636F6E763D3C6E6F0D
:1030C00063726561742C6E6F7472756E633E5D0A17
:1030D0000000000069663D006F663D0062733D00C0
:1030E000636F756E743D0000736B69703D00000086
:1030F0007365656B3D000000766572696679000056
:10310000636F6E763D0000006E6F7472756E6300C3
:103110006E6F63726561740025733A20756E6B6E15
:103120006F776E20636F6E76657273696F6E20279E
:10313000252E2A73270A00002D2D68656C7000006B
:1031400025733A20696E76616C69642070617261E2
:103150006D65746572733A2025730A0025733A20F1
:103160006661696C656420746F206D616C6C6F635F
:103170003A2025730A00000025733A206661696CC5
:10318000656420746F206C7365656B3A2025730A43
:103190000000000025733A206661696C6564207444
:1031A0006F206C7365656B206F6E206F7574707522
:1031B000743A2025730A0000256C6C7520627974BE
:1031C00065732028256C7520626C6F636B732920F2
:1031D000636F706965642C20257520757365632C99
:1031E000200000002575204B422F730A00000000CC
:1031F0002573206661696C656420746F20636C6F51
:103200007365206F757466643A25730A00000000C8
:103210002573206661696C656420746F20636C6F30
:10322000736520696E66643A25730A00636C69658C
:103230006E743A206661696C656420746F20616CFD
:103240006C6F6361746520627566666572730000F9
:10325000636C69656E7420736F636B65742066615F
:10326000696C7572652025640A000000436F6E6EFC
:10327000656374696E6720746F204950763420410D
:103280006464726573733A202530386C780A0000E4
:10329000636C69656E743A20636F6E6E656374204B
:1032A0006661696C7572653A2025640A0000000049
:1032B000636C69656E743A20436F6E6E6563746506
:1032C00064000000636C69656E743A2073656E6417
:1032D000206661696C65643A2025640A000000007C
:1032E000636C69656E743A204261642073656E6434
:1032F000206C656E6774683D25643A206F662025F2
:10330000640A000025592D256D2D25642025483A95
:10331000254D3A25532E3030300000005B25735D7B
:103320002025643A2053656E742025642025642D81
:103330006279746520627566666572733A20253716
:103340002E31664B4220286176672025352E316666
:10335000204B422920696E2025362E326620736567
:10336000636F6E6473202825372E3166204B422F01
:103370007365636F6E64290A000000005061727407
:1033800069616C20627566666572732073656E7420
:103390003A2025642044617461206E6F7420736547
:1033A0006E743A2025372E3166204B620A000000E9
:1033B00055534147453A202573205B3C736572762F
:1033C00065722D616464723E5D0A00004552524F81
:1033D000523A203C7365727665722D616464723E68
:1033E00020697320696E76616C69640A00000000D0
:1033F0004552524F523A20546F6F206D616E7920C2
:10340000617267756D656E74730A000055534147AC
:10341000453A202573205B3C7365727665722D6199
:103420006464723E5D0A00004552524F523A203C9D
:103430007365727665722D616464723E20697320D3
:10344000696E76616C69640A000000004552524F53
:10345000523A20546F6F206D616E792061726775EA
:103460006D656E74730A00007365727665723A203A
:1034700042756666657220636F6E74656E74206552
:1034800072726F7220666F72206F66667365743D2C
:1034900025642C20696E6465783D25640A0000006F
:1034A0007365727665723A20736F636B657420661C
:1034B00061696C7572653A2025640A0073657276DD
:1034C00065723A20736574736F636B6F7074205309
:1034D0004F5F524555534541444452206661696CE3
:1034E0007572653A2025640A0000000073657276E3
:1034F00065723A2062696E64206661696C757265F6
:103500003A2025640A0000007365727665723A20DD
:1035100025642E20526563656976696E6720757033
:1035200020313032342062797465730A0000000063
:103530007365727665723A2025642E205265636544
:1035400069766564202564206279746573206672EB
:103550006F6D2025733A25750A0000007365727639
:1035600065723A2025642E20726563762066616953
:103570006C65643A2025640A000000007365727669
:1035800065723A2025642E20726563762073697A0D
:103590006520696E636F72726563743A20256420DA
:1035A00076732025640A00007365727665723A208E
:1035B00025642E202564207061636B657473206C14
:1035C0006F73742C20726573657474696E67206FF5
:1035D00066667365740A00007365727665723A20D8
:1035E00025642E20426164206F66667365742069CD
:1035F0006E206275666665723A2025640A000000D6
:103600007365727665723A2025642E2042616420CB
:1036100062756666657220636F6E74656E74730A98
:10362000000000007DED03081FEE03084DEE0308C7
:10363000C7EE030845EF030871EF0308BDF1030867
:103640000DF20308FFF203081FF403082FF5030827
:10365000ADF8030831F903085DF60308EDF6030839
:1036600085F803080FF003085DF10308EDFC03087B
:1036700019FD030825FD030845FD030800000000AF
:10368000000000000000000000000000000000003A
:1036900000000000B1FE0308A1010408ADFD03080D
:1036A000000000000000000000000000000000001A
:1036B0000000000061030408CD030408D9030408D6
:1036C000FB030408000000000000000000000000F0
:1036D00000000000000000002D0404087506040826
:1036E000D10B04085D050408000000000000000084
:1036F000000000004F0E0408250D0408630F0408A5
:10370000830F04088F0F0408AF0F0408ED0F04089F
:1037100031100408000000007510040800000000CB
:10372000D510040889110408F3110408BB12040819
:103730000000000000000000000000000000000089
:1037400000000000736F636B65743A5B646F6D61BA
:10375000696E2025752C20747970652025752C20C4
:1037600070726F746F2025755D0000007463703A8D
:103770005B25733A25753C2D3E25733A25752C2023
:10378000737420253032782C20666C672025785D94
:10379000000000007564703A5B25733A25753C2D76
:1037A0003E25733A25752C20666C672025785D00D0
:1037B00073746174000000007463700075647000BD
:1037C000000000006E6574006E65742F000000003C
:1037D00008000000B03705081D5604080800000066
:1037E000B8370508E957040808000000BC37050889
:1037F000D559040808000000C0370508D14D040859
:1038000085450408B5460408D946040800000000B0
:1038100000000000314704086D4704088948040887
:10382000A14804089D490408B5490408ED4B040863
:10383000054D040852554E4E494E47005550000064
:10384000444F574E000000002573094C696E6B20F1
:10385000656E6361703A45746865726E6574204880
:103860005761646472202573000000002573094CC1
:10387000696E6B20656E6361703A554E53504543D7
:10388000000000002061742025730000206D747515
:103890002025640A0000000009696E6574206164D7
:1038A00064723A25732000004452616464723A25C0
:1038B000732000004D61736B3A25730A0A00000003
:1038C000F94D0408094F040821500408395104082F
:1038D0006D51040881520408B5520408E9520408E5
:1038E000F95304081155040820202020202020200E
:1038F0002020200020204950763400002020205431
:10390000435000002020205544500000202049430F
:103910004D5000002043414E000000000A0000000E
:10392000526563656976656420202000202025307B
:103930003478000044726F7070656420202020008D
:103940002020495076342020202020202020564856
:103950004C3A20253034782020204672673A2025C2
:103960003034780A000000002020436865636B73E0
:10397000756D200020202D2D2D2D0000202054437A
:103980005020202020202020202041434B3A202579
:1039900030347820202053594E3A20253034780A8C
:1039A0000000000020202020202020202020202097
:1039B00020205253543A20253034782020253034AA
:1039C000780A0000202054797065202020202000F3
:1039D00053656E7420202020202020002020526576
:1039E000786D697420202000202020202532753A2F
:1039F0002025303278202533782025337520253353
:103A0000752025346C75202533752025367500000A
:103A100020252A733A252D367520252A733A252D1F
:103A200036750A0054435020736C2020737420664E
:103A30006C672072656620746D72207561636B20FF
:103A40006E72742020207278737A20252D2A7320BC
:103A5000252D2A730A00000072656D6F74655F6121
:103A600064647265737300006C6F63616C5F6164A2
:103A70006472657373000000202020202532753A9F
:103A800020253378202536750000000020252A7374
:103A90003A252D367520252A733A252D36750A00CC
:103AA00055445020736C2020666C6720202072786B
:103AB000737A20252D2A7320252D2A730A000000F1
:103AC00072656D6F74655F61646472657373000025
:103AD0006C6F63616C5F6164647265737300000096
:103AE0000D0A0000996C0408B76C0408F36C040814
:103AF000536D0408C56D04081F6E0408576E040852
:103B00002F6465762F72616D25640000257320286F
:103B10002570293A0A0000002530347820202573CA
:103B20000A00000025752E25752E25752E25750099
:103B300025752E25752E25752E25750025733A20A1
:103B40004572726F722025640A000000556E6B6E1C
:103B50006F776E206572726F72202564000000001E
:0E3B6000556E6B6E6F776E206572726F72001D
:083B7000E8B0FD7F0100000038
:103B7800000001000000000000000000000000003C
:103B8800000000000000000000000000000000002D
:103B9800000000000000000000000000000000001D
:103BA800000000000000000000000000000000000D
:103BB80000000000000000000000000000000000FD
:103BC80000000000FC000000AC070024000000001A
:103BD80000000000000000000000000000000000DD
:103BE800FC000000B0060024FC8504080000002446
:103BF80000000000000000000000000000000000BD
:103C080000000000000300080000000000C20100DE
:103C18003700000000E1F50500480040387C090045
:103C2800397C090000000000B8000024B800002416
:103C3800C0000024C00000240000000000000000B4
:103C4800000000000000000000000000000000006C
:103C5800000000000000000000010000000000005B
:103C6800000000000000000000000000000000004C
:103C7800000000000000000000000000000000003C
:103C88000000000000000000000000001C010024EB
:103C98001C010024666534343737386632612D6478
:103CA80069727479204465632031342032303235AA
:103CB8002031393A30363A303000FF001800000021
:103CC80048D304080030014000C2EB0B3300000069
:103CD800FEFFFF7F0500000000000000000000005C
:103CE80000000000000000000000000070D304087D
:103CF8000038004000C2EB0B34000000FEFFFF7FDD
:103D080005000000000000000000000000000000A6
:103D180000000000000000006E73683E20000000F4
:103D2800000000000000000000000000000000008B
:103D380000000000000000003037002401000000EF
:103D480000000000D0FFFFFF01000000000000009D
:103D5800000000000000000000000000000000005B
:103D6800FEFFFF7F050000000000000000000000CB
:103D780068370024020000000000000088FEFFFFF2
:103D88000200000000000000000000000000000029
:103D98000000000000000000FEFFFF7F050000009B
:103DA8000000000000000000603A00240400000049
:103DB80000000000B8FFFFFF040000000000000042
:103DC80000000000000000000000000000000000EB
:103DD800FEFFFF7F0500000000000000000000005B
:103DE800883B00240800000000000000E4FEFFFFFC
:103DF80008000000000000000000000000000000B3
:103E080000000000000000007844002408000000C2
:103E180000000000A4FFFFFF0800000000000000F1
:103E2800000000000000000000000000000000008A
:103E3800FEFFFF7F050000000000000000000000FA
:103E480064470024080000000100000070FFFFFF25
:103E5800FF7F0000000000000000000000000000DC
:103E680000000000000000001C4C002410000000AE
:103E780000000000E8FFFFFF100000000000000045
:103E8800000000000000000000000000000000002A
:103E9800FEFFFF7F0500000000000000000000009A
:103EA8000000000039770208000000000000000050
:103EB800FEFFFF7F0500000000000000000000007A
:103EC80000000000000000000000000000000000EA
:103ED800FFFFFFFF000000000000000000000000DE
:103EE80000000000000000000000000001000000C9
:103EF8000000000068EF0408000000000000000057
:103F080000000000000000000000000000000000A9
:103F18000100000009000000A0EF040800000000F4
:103F28000000000000000000000000002DE0020872
:103F38000000000003000000000000000000000076
:103F48000000000000000000000000000000000069
:103F58000000000000000000000000000000000059
:103F68000000000000000000000000000000000049
:103F78000000000000000000000000000000000039
:103F88000000000000000000000000000000000029
:103F98000000000000000000000000000000000019
:103FA8000000000000000000000000000000000009
:103FB80000000000000000000000000000000000F9
:103FC80000000000000000000000000000000000E9
:103FD80000000000000000000000000000000000D9
:103FE80000000000000000000000000000000000C9
:103FF80000000000000000000000000000000000B9
:1040080000000000000000000000000000000000A8
:104018000000000000000000000000000000000098
:104028000000000000000000000000000000000088
:104038000000000000000000000000000000000078
:104048000000000000000000000000000000000068
:104058000000000000000000000000000000000058
:104068000000000000000000000000000000000048
:104078000000000000000000000000000000000038
:104088000000000000000000000000000000000028
:104098000000000000000000000000000000000018
:1040A8000000000000000000000000000000000008
:1040B80000000000000000000000000000000000F8
:1040C80000000000000000000000000000000000E8
:1040D80000000000000000000000000000000000D8
:1040E80000000000000000000000000000000000C8
:1040F80000000000000000000000000000000000B8
:1041080000000000000000000000000000000000A7
:104118000000000000000000000000000000000097
:104128000000000000000000000000000000000087
:104138000000000000000000F00005080100000079
:10414800B81B0508C41B0508D81B0508EC1B050887
:10415800001C0508141C0508301C0508381C050837
:10416800441C05085C1C0508681C0508741C050827
:10417800881C05089C1C0508B01C0508C41C0508FB
:10418800DC1C0508F01C0508041D0508181D050899
:10419800301D0508481D0508581D0508681D050837
:1041A800741D0508741D0508801D0508901D050867
:1041B800A01D0508AC1D0508B41D0508C41D05088B
:1041C800D41D0508E41D0508F41D0508001E050892
:1041D800141E05081C1E05082C1E05083C1E050893
:1041E800741D05084C1E0508601E0508701E05088C
:1041F800741D0508741D0508881E05089C1E050801
:10420800AC1E0508BC1E0508D01E0508E01E0508E2
:10421800F81E0508741D0508741D0508741D050899
:04000005080002D914
:00000001FF
